"('date', '')","('open', 'ABBV')","('high', 'ABBV')","('low', 'ABBV')","('close', 'ABBV')","('volume', 'ABBV')"
2024-01-02 00:00:00+00:00,145.42955851103682,150.34919515076137,145.30751632654597,150.04876708984375,8059900
2024-01-03 00:00:00+00:00,150.77168513320683,151.8607673356183,150.06753938049144,150.64964294433594,5301400
2024-01-04 00:00:00+00:00,150.50880224803365,152.3677429875169,149.68259999676033,151.5885009765625,8332200
2024-01-05 00:00:00+00:00,151.46645355938796,153.0625144649204,150.79047246337,152.2269287109375,5607600
2024-01-08 00:00:00+00:00,152.2644483839327,152.8183871825868,150.01118803570003,151.560302734375,6001600
2024-01-09 00:00:00+00:00,151.56031815524895,153.4756025394139,151.00639362611435,152.3865203857422,4454000
2024-01-10 00:00:00+00:00,152.34896582411181,154.98716272278958,151.9828106375672,154.80877685546875,6609900
2024-01-11 00:00:00+00:00,154.20791313744667,155.02471759078765,153.11883098240446,153.7666473388672,4591500
2024-01-12 00:00:00+00:00,154.25952685443622,154.78083690379202,153.71925613162486,153.9277801513672,4971400
2024-01-16 00:00:00+00:00,153.5296864515674,153.83299936331824,152.61977664182618,153.05577087402344,4747700
2024-01-17 00:00:00+00:00,153.31169842269654,154.44909298366755,153.0937012936766,153.58656311035156,4423100
2024-01-18 00:00:00+00:00,152.75247982110693,155.1220578235586,152.6008233578885,154.7808380126953,5074300
2024-01-19 00:00:00+00:00,155.35901316113774,156.26892300051225,154.11735662157614,156.1741485595703,5863000
2024-01-22 00:00:00+00:00,155.86135833409406,156.8186625995298,155.21682562437303,156.7617950439453,4864000
2024-01-23 00:00:00+00:00,155.87084581040597,158.7901677892029,155.50119220226892,158.76173400878906,5784700
2024-01-24 00:00:00+00:00,159.01765108243345,159.18825376340072,155.50119082067462,155.65284729003906,5422200
2024-01-25 00:00:00+00:00,155.4443269056622,156.59120909583547,154.68605900381482,156.515380859375,4465800
2024-01-26 00:00:00+00:00,156.64804817531785,157.20726504693351,154.97038309771622,155.82342529296875,4654300
2024-01-29 00:00:00+00:00,157.19780355211154,158.0603189153643,155.14099720924338,155.3590087890625,4704100
2024-01-30 00:00:00+00:00,155.65283577134144,156.37318225337972,154.74291148524836,156.31631469726562,3819600
2024-01-31 00:00:00+00:00,157.10300304860223,157.20726504693351,155.3969041953425,155.82342529296875,4993900
2024-02-01 00:00:00+00:00,155.15995286888702,158.93231671137738,154.18368796338893,158.84701538085938,5584400
2024-02-02 00:00:00+00:00,160.58155514043688,163.83262357527468,156.6101402227464,159.8706817626953,7870400
2024-02-05 00:00:00+00:00,160.97964299295955,164.09801565208068,159.6621582406585,162.3255615234375,6486700
2024-02-06 00:00:00+00:00,162.6952216980125,164.88472394568512,160.91330885474775,164.24966430664062,7037400
2024-02-07 00:00:00+00:00,164.93212775787646,166.40126924070992,164.27813627608117,165.8799591064453,6409100
2024-02-08 00:00:00+00:00,165.25438363652313,166.73299806723804,165.20698918163978,165.67141723632812,5709100
2024-02-09 00:00:00+00:00,165.93681696730872,166.24958853955354,164.02219387249286,164.9984588623047,3502700
2024-02-12 00:00:00+00:00,164.48660501275924,165.6429601278249,163.24494856857112,164.0411376953125,3477100
2024-02-13 00:00:00+00:00,165.35863955152,166.06002539199145,162.99853462786993,164.24966430664062,5480400
2024-02-14 00:00:00+00:00,164.03164313230602,165.7377419557677,163.67146269658787,165.32069396972656,4348500
2024-02-15 00:00:00+00:00,164.94158386092914,167.51968579422183,164.74253295208968,167.37750244140625,5276200
2024-02-16 00:00:00+00:00,167.66187102036127,169.58596732134117,166.88465690771406,168.23057556152344,6689900
2024-02-20 00:00:00+00:00,166.65715757538837,169.3584677519894,166.36333222458057,166.58132934570312,5484100
2024-02-21 00:00:00+00:00,167.09317404146668,167.41544767618117,164.44873106972267,166.003173828125,3818500
2024-02-22 00:00:00+00:00,165.6619309812094,168.08837646596618,164.10748843861484,167.52915954589844,4852300
2024-02-23 00:00:00+00:00,168.01255373753958,169.57648389921584,167.77559593693013,168.79925537109375,3941800
2024-02-26 00:00:00+00:00,169.5101384925971,170.4105752939926,168.71396370795833,169.48170471191406,4327400
2024-02-27 00:00:00+00:00,169.443758729443,170.16410511180223,167.74713307211448,169.65228271484375,3888500
2024-02-28 00:00:00+00:00,170.46745229876086,170.505359184303,167.66186549766982,168.71395874023438,4331300
2024-02-29 00:00:00+00:00,168.5907374690916,168.73292083227213,166.24012005129416,166.86569213867188,7485700
2024-03-01 00:00:00+00:00,166.86569435764247,169.8418839023948,166.58134209025704,169.5764923095703,4028700
2024-03-04 00:00:00+00:00,169.04570583170215,170.59066090353693,167.083688241435,167.8135223388672,4723600
2024-03-05 00:00:00+00:00,168.5149074296814,170.22100653027553,168.5149074296814,169.81344604492188,5309800
2024-03-06 00:00:00+00:00,169.09308432451184,172.65693897760522,168.80874652794094,171.61431884765625,6047100
2024-03-07 00:00:00+00:00,172.6853843997825,172.90338154610322,170.17362281292753,171.14990234375,6125200
2024-03-08 00:00:00+00:00,170.363176691828,172.6379656745268,169.35846352066778,169.5196075439453,6195600
2024-03-11 00:00:00+00:00,169.10257114811722,171.80388144294017,168.9414415765178,170.25892639160156,5134800
2024-03-12 00:00:00+00:00,170.34421865026252,173.34884171694404,170.3157848722463,171.4816131591797,5391100
2024-03-13 00:00:00+00:00,172.9792026251972,172.98867573107725,170.05988064810137,170.4769287109375,5987900
2024-03-14 00:00:00+00:00,170.76128637145789,172.54319933791922,169.3395394556575,171.7470245361328,6999400
2024-03-15 00:00:00+00:00,170.45794536618956,171.15934560247206,168.2779308948703,168.60020446777344,20957800
2024-03-18 00:00:00+00:00,169.6712522974551,170.49587524887409,168.3063875632818,169.1783905029297,8569000
2024-03-19 00:00:00+00:00,168.89404052199365,170.54325752140997,168.89404052199365,170.287353515625,7625600
2024-03-20 00:00:00+00:00,169.87031804934887,169.8797911552712,166.56238177505054,167.07421875,7326600
2024-03-21 00:00:00+00:00,167.58604537590708,168.46753598206584,166.7045692325058,168.24005126953125,5743600
2024-03-22 00:00:00+00:00,167.9841020525848,169.65229404722217,167.55758094950315,169.1404571533203,4084400
2024-03-25 00:00:00+00:00,169.66179042955204,169.85135378329068,168.83718188627273,169.21630859375,4366400
2024-03-26 00:00:00+00:00,169.87978005291447,170.39161699441325,169.07413221945333,169.8418731689453,4392400
2024-03-27 00:00:00+00:00,170.42006564014196,171.1593728754635,169.48170747403805,170.94137573242188,5073500
2024-03-28 00:00:00+00:00,171.5574470345747,172.7896304859378,170.8939680877657,172.60006713867188,5418700
2024-04-01 00:00:00+00:00,172.39155214672672,172.41049835851618,169.88927822859515,171.32997131347656,3502100
2024-04-02 00:00:00+00:00,170.03144261545683,171.58588524358072,169.19734651064414,171.2636260986328,4523800
2024-04-03 00:00:00+00:00,171.2920502876877,172.12614634579938,167.3869904933573,168.0789031982422,5893000
2024-04-04 00:00:00+00:00,168.38220815076178,168.42960260366652,158.714332731206,159.14085388183594,10539000
2024-04-05 00:00:00+00:00,159.23563950482537,162.11703995129997,158.56267299806726,161.1313018798828,7030100
2024-04-08 00:00:00+00:00,160.3825250019358,162.9985339283248,159.61476957506278,160.94174194335938,4745000
2024-04-09 00:00:00+00:00,160.8753932865523,161.6526218501664,158.6669447484929,161.26400756835938,5933200
2024-04-10 00:00:00+00:00,159.79485078190973,161.09338929756447,158.62902251206052,160.21189880371094,3231700
2024-04-11 00:00:00+00:00,160.37303488615825,160.53416445336023,158.505806279823,158.7806854248047,3307000
2024-04-12 00:00:00+00:00,157.32651919354987,157.32651919354987,153.06928268834514,155.25051879882812,7029400
2024-04-15 00:00:00+00:00,157.3935144611878,157.56571041962923,154.50432728767402,154.66696166992188,5433700
2024-04-16 00:00:00+00:00,155.1548306217423,156.64726825511087,155.05917108741065,155.49923706054688,4881300
2024-04-17 00:00:00+00:00,157.0395034763032,157.60395752219412,156.1593568968194,157.1351776123047,4792200
2024-04-18 00:00:00+00:00,157.81441256555212,160.18698199436844,157.30735721475358,157.52740478515625,4480100
2024-04-19 00:00:00+00:00,157.8718407848833,159.38340175357803,156.1785077012824,159.20162963867188,5532400
2024-04-22 00:00:00+00:00,160.4165980819674,162.24386611144615,159.68952425877532,160.6175079345703,5580700
2024-04-23 00:00:00+00:00,161.28718373115953,162.99007830612769,160.93321569188248,162.19602966308594,4084100
2024-04-24 00:00:00+00:00,161.22021548254125,161.78465492187837,159.5173209923837,160.53140258789062,4074700
2024-04-25 00:00:00+00:00,160.3974548815342,161.95683804666623,158.39799116933614,160.04347229003906,5503700
2024-04-26 00:00:00+00:00,159.85217333176368,160.206156000095,150.82108266452576,152.70574951171875,10721700
2024-04-29 00:00:00+00:00,152.6770317758582,154.55213682129235,151.69164948395783,154.5234375,6219000
2024-04-30 00:00:00+00:00,154.28427386792376,155.9871684662623,152.77271295296015,155.5949249267578,5484800
2024-05-01 00:00:00+00:00,155.06873547536864,156.59943403068127,154.15988959469945,154.7147674560547,5176400
2024-05-02 00:00:00+00:00,155.14526659458085,155.40357506905582,151.2706978687476,153.84417724609375,5904300
2024-05-03 00:00:00+00:00,154.17904757975765,157.13519477245546,153.77724244075432,156.6951141357422,5849900
2024-05-06 00:00:00+00:00,157.28824998885983,157.49872140926635,154.02595757038216,155.68101501464844,5834600
2024-05-07 00:00:00+00:00,156.2837304495633,156.88644539152898,154.8774053168592,155.50881958007812,5301700
2024-05-08 00:00:00+00:00,155.11656758359922,155.84364134532706,152.94489327454696,153.49977111816406,5906700
2024-05-09 00:00:00+00:00,153.8441783158606,154.3320959485753,153.08840523069614,153.45193481445312,3570000
2024-05-10 00:00:00+00:00,153.74852804429568,154.44690253187557,153.40412158779452,153.7867889404297,3509500
2024-05-13 00:00:00+00:00,154.29383850097656,155.52796778918068,153.8346347322103,154.29383850097656,3505900
2024-05-14 00:00:00+00:00,154.6477917072642,155.2218073114899,152.8014006364925,154.59039306640625,4025000
2024-05-15 00:00:00+00:00,155.27922727480305,157.2978291431598,154.85828438694475,156.6951141357422,5261300
2024-05-16 00:00:00+00:00,156.3698267975549,157.78571349010522,155.15483535170156,157.23085021972656,4642000
2024-05-17 00:00:00+00:00,158.22579932753436,159.2781564569632,157.3647904746009,159.211181640625,5152200
2024-05-20 00:00:00+00:00,158.818950218716,159.21119377848166,157.2882660748251,157.4317626953125,3058700
2024-05-21 00:00:00+00:00,158.20665368839306,158.53193698351453,155.46097831197122,155.87234497070312,3645200
2024-05-22 00:00:00+00:00,154.5713028988807,154.92527099157957,152.28481616613536,152.69619750976562,6904900
2024-05-23 00:00:00+00:00,152.14129783184885,153.10754241622007,150.92630632240193,151.40464782714844,5672900
2024-05-24 00:00:00+00:00,151.5003130733476,151.90211816200764,149.58694716668637,150.25662231445312,3691700
2024-05-28 00:00:00+00:00,149.5773889076294,149.5773889076294,147.2813410100519,148.6111297607422,5533500
2024-05-29 00:00:00+00:00,148.18063508037076,149.6060980613271,147.023042182063,148.0849609375,4254500
2024-05-30 00:00:00+00:00,147.95101108972187,149.65390555806383,146.9273679330059,149.5391082763672,4311100
2024-05-31 00:00:00+00:00,149.86438347101216,154.63823681213748,149.4338790481603,154.2555694580078,15664400
2024-06-03 00:00:00+00:00,153.06929599059345,156.121117415058,151.9499785154013,153.25106811523438,4467800
2024-06-04 00:00:00+00:00,153.25104826475763,155.75755299063397,152.84924316656685,155.1165771484375,4215500
2024-06-05 00:00:00+00:00,155.8436529000503,158.79023825471535,155.13571683156493,158.2736358642578,5100500
2024-06-06 00:00:00+00:00,158.32146592326112,161.56462052494652,157.2308479491852,161.26805114746094,5186700
2024-06-07 00:00:00+00:00,161.67941744965304,162.96136909045083,160.52182466498905,162.0812225341797,3781700
2024-06-10 00:00:00+00:00,161.67943868855698,163.35363405959234,160.4261862036054,163.07620239257812,4247500
2024-06-11 00:00:00+00:00,162.87528994656876,163.2483957537228,160.16787515195875,160.4357452392578,3790200
2024-06-12 00:00:00+00:00,160.60796347725824,161.2393632288241,157.88141080350223,158.89549255371094,4725600
2024-06-13 00:00:00+00:00,158.8093983368506,159.67040730798024,157.85271521433944,159.3451385498047,3690800
2024-06-14 00:00:00+00:00,159.25902235255387,161.90903838613136,158.80938016858795,161.2871856689453,4377600
2024-06-17 00:00:00+00:00,161.10540304571646,163.01876894696164,160.11045920011122,162.3299560546875,4076000
2024-06-18 00:00:00+00:00,163.05706341773487,165.51573129612748,162.51174706545623,163.9372100830078,4250900
2024-06-20 00:00:00+00:00,163.7649828890725,165.3243807928245,162.65524174437536,164.67384338378906,5847500
2024-06-21 00:00:00+00:00,165.21918264133416,165.4392156858419,162.24389736086985,163.00924682617188,12228100
2024-06-24 00:00:00+00:00,163.71717077576974,165.8984069054263,163.30578948406003,165.25743103027344,6249900
2024-06-25 00:00:00+00:00,164.6451503271278,165.89840272290695,163.2292489750777,163.35362243652344,4844600
2024-06-26 00:00:00+00:00,162.9135344212114,164.88431357597318,162.77959939106483,163.7362823486328,5576100
2024-06-27 00:00:00+00:00,163.87023546564086,164.12854398008508,160.48358384509734,161.6698760986328,5382000
2024-06-28 00:00:00+00:00,162.62654718508153,164.37727881346993,161.7272628362873,164.09027099609375,24463400
2024-07-01 00:00:00+00:00,163.85110526560547,166.34804853694263,162.1960331271091,162.99008178710938,5194500
2024-07-02 00:00:00+00:00,161.3254600393935,161.3254600393935,158.28320048819447,158.7711181640625,5965500
2024-07-03 00:00:00+00:00,158.89547187524,159.86173102296792,156.43680421941494,156.74293518066406,3527600
2024-07-05 00:00:00+00:00,157.58482691199868,160.0626324097193,156.54204593234667,160.00523376464844,5978300
2024-07-08 00:00:00+00:00,159.3259773972535,160.45487090686782,158.4458308055633,159.30685424804688,3500200
2024-07-09 00:00:00+00:00,159.78520176565783,161.2297878677287,157.71876294314598,160.7705841064453,4224600
2024-07-10 00:00:00+00:00,160.19656060855337,161.1532435797574,158.91460893061762,160.85667419433594,3887800
2024-07-11 00:00:00+00:00,160.26353139201004,162.9709458841504,160.1008970427353,162.5500030517578,3689500
2024-07-12 00:00:00+00:00,163.23882132209437,164.1955043007663,162.54043223723076,162.9039764404297,4133500
2024-07-15 00:00:00+00:00,163.07778425315837,164.48736430384008,161.63922650594344,162.22816467285156,2395100
2024-07-16 00:00:00+00:00,162.77846836412854,163.98530749870267,161.48472561560357,163.3577423095703,3829500
2024-07-17 00:00:00+00:00,163.65704567855195,169.67194288584474,163.65704567855195,169.21817016601562,6983200
2024-07-18 00:00:00+00:00,168.42646633172774,170.57946321848428,164.82526248643197,165.2307586669922,5957800
2024-07-19 00:00:00+00:00,167.67338770477423,167.84718018776707,165.30798612413676,166.37001037597656,4293600
2024-07-22 00:00:00+00:00,167.33551354472954,168.69681705033324,166.0610841993179,167.61549377441406,4066900
2024-07-23 00:00:00+00:00,167.33549929264527,168.56163728432801,166.8044871106171,167.17135620117188,2933800
2024-07-24 00:00:00+00:00,167.21962390302158,170.50223511681713,166.97825608135673,170.12570190429688,6117700
2024-07-25 00:00:00+00:00,170.88841341342808,179.6838572015543,165.86796579625423,175.87989807128906,9442200
2024-07-26 00:00:00+00:00,177.11571537370472,180.3983267873386,175.82198730648318,178.7666778564453,6948800
2024-07-29 00:00:00+00:00,177.68534851584823,179.70319492155215,174.29654923314988,175.65786743164062,5458500
2024-07-30 00:00:00+00:00,177.25087834604986,181.22863025249163,176.29507115558604,180.3307342529297,6032200
2024-07-31 00:00:00+00:00,179.95420452187375,181.02587831075033,177.1157163928534,178.92115783691406,6473900
2024-08-01 00:00:00+00:00,181.28655963862477,184.3760650143564,180.3210882879634,183.15957641601562,6595500
2024-08-02 00:00:00+00:00,184.3857231132944,187.2145619646377,180.02180300964633,182.7540740966797,6303900
2024-08-05 00:00:00+00:00,180.97758054263917,182.75404408417077,176.71984884914065,177.99427795410156,6459300
2024-08-06 00:00:00+00:00,179.0273381952686,181.33482877207945,176.75848945271244,179.2976837158203,4273200
2024-08-07 00:00:00+00:00,181.41207097813268,183.04372000853397,179.55836764967765,181.03553771972656,6351000
2024-08-08 00:00:00+00:00,180.4659083556547,184.1250531311475,180.4659083556547,183.82574462890625,5744600
2024-08-09 00:00:00+00:00,184.19260470104118,184.41465896457296,181.6051488110612,183.3719482421875,3206500
2024-08-12 00:00:00+00:00,183.51678873433076,183.9898749806555,181.2189622977865,183.6133270263672,4808300
2024-08-13 00:00:00+00:00,183.98021118295935,185.31256631009086,182.84096210410783,184.6270751953125,3477300
2024-08-14 00:00:00+00:00,184.40502534382085,186.67388887825504,183.89332671382905,186.33596801757812,4153400
2024-08-15 00:00:00+00:00,187.77452767497667,188.25726334871692,184.68500757750013,186.72215270996094,4719900
2024-08-16 00:00:00+00:00,187.1855961988826,187.54281589589712,185.63118668506306,187.20489501953125,3674900
2024-08-19 00:00:00+00:00,186.72215512136836,190.3716356834217,186.67389333890998,190.0723419189453,4309300
2024-08-20 00:00:00+00:00,190.31370564307585,190.66127591441767,187.42695576769043,189.377197265625,3631800
2024-08-21 00:00:00+00:00,189.6572059574772,190.52612433288255,188.913788847544,189.7440948486328,4250400
2024-08-22 00:00:00+00:00,190.20750066885856,190.71919929318446,188.60482946364775,189.589599609375,3676700
2024-08-23 00:00:00+00:00,190.43922222813538,191.14401218292576,189.4544373342604,190.72886657714844,4720300
2024-08-26 00:00:00+00:00,190.73851725287807,191.1343640414254,189.29997437204176,190.62266540527344,4182300
2024-08-27 00:00:00+00:00,191.153668778965,191.45296252609188,188.4406820399592,189.15513610839844,2504500
2024-08-28 00:00:00+00:00,188.7689580076289,189.45443440002222,187.33040042669577,188.65309143066406,3910200
2024-08-29 00:00:00+00:00,189.2323673342133,189.65717704656095,187.15661001387735,188.440673828125,4538300
2024-08-30 00:00:00+00:00,188.50827997822373,189.7151191586221,187.4655691585287,189.53167724609375,3820800
2024-09-03 00:00:00+00:00,189.36756056705963,193.04600425872118,189.32894819295137,190.86404418945312,4872400
2024-09-04 00:00:00+00:00,191.81983964991127,192.97841704882583,189.65719326670776,190.20750427246094,4214300
2024-09-05 00:00:00+00:00,190.15922851957924,190.3233568682513,185.52496346017605,186.20079040527344,5902800
2024-09-06 00:00:00+00:00,186.78974277560792,188.0158955118468,186.17184170249735,186.72215270996094,4312600
2024-09-09 00:00:00+00:00,188.2379630705786,189.82133560282244,187.24352869110422,189.6378936767578,3606900
2024-09-10 00:00:00+00:00,189.34820747319048,192.58254189353303,186.24905316380904,192.46669006347656,6333300
2024-09-11 00:00:00+00:00,190.85438161808582,190.85438161808582,186.74147870720756,187.87107849121094,4909300
2024-09-12 00:00:00+00:00,188.05450792563914,188.33450286634817,184.6657087987193,187.3207550048828,4165200
2024-09-13 00:00:00+00:00,187.16626007259316,187.87104997129475,185.18704103242555,187.50418090820312,2718100
2024-09-16 00:00:00+00:00,189.05861382605673,189.386870561545,187.74557215217942,188.97171020507812,3235700
2024-09-17 00:00:00+00:00,188.0738237464375,189.3096259078429,185.1967232205335,186.7704315185547,3534100
2024-09-18 00:00:00+00:00,186.46147229510166,188.82687397551348,185.15808017940407,186.2780303955078,3236800
2024-09-19 00:00:00+00:00,186.7511131430658,187.45591782416795,185.33188383485674,186.93455505371094,3929300
2024-09-20 00:00:00+00:00,186.335961196443,187.12765473502552,185.49600587832205,186.78973388671875,11661200
2024-09-23 00:00:00+00:00,187.01178260429893,187.5910712607768,185.5635756950267,187.13729858398438,3178000
2024-09-24 00:00:00+00:00,186.28770750264894,188.46968233981266,184.97466578245366,186.828369140625,4286500
2024-09-25 00:00:00+00:00,187.30144853190197,187.85177429221108,184.36642200602603,184.6560516357422,5589300
2024-09-26 00:00:00+00:00,183.53610444371705,186.21044940215114,183.07266760156946,185.27394104003906,6215700
2024-09-27 00:00:00+00:00,185.9497781781103,189.35789068682158,183.70022828242472,188.06414794921875,4891900
2024-09-30 00:00:00+00:00,188.1220755588626,190.7964202660953,187.65863876024565,190.6612548828125,4550200
2024-10-01 00:00:00+00:00,190.82540356933742,192.09983280352424,189.63787795160766,190.15924072265625,3924600
2024-10-02 00:00:00+00:00,188.9041280663543,190.19785614099175,187.7359012496348,190.02407836914062,2946900
2024-10-03 00:00:00+00:00,190.07233777264784,190.2461302742479,188.01589383852456,188.7013702392578,3453800
2024-10-04 00:00:00+00:00,188.3634803841089,188.88482847010567,186.38426102200256,187.58143615722656,4749700
2024-10-07 00:00:00+00:00,187.70694094728154,188.3538049937657,186.18149442330483,186.92491149902344,5033800
2024-10-08 00:00:00+00:00,187.62969017779784,188.26690477577736,185.61185868278565,186.34561157226562,4419000
2024-10-09 00:00:00+00:00,186.19115356211964,188.16070861103245,185.3222205181306,188.02554321289062,4478900
2024-10-10 00:00:00+00:00,187.82277042433714,188.09311592760673,186.6062819532735,187.63934326171875,3562500
2024-10-11 00:00:00+00:00,188.26690795443437,188.49862637540912,186.89594044382775,187.48487854003906,2973000
2024-10-14 00:00:00+00:00,187.53315161208187,189.56063251370256,186.97317648727528,188.8944549560547,3623900
2024-10-15 00:00:00+00:00,189.5075482738293,190.98678767895336,186.09168801583505,186.7145233154297,6553500
2024-10-16 00:00:00+00:00,185.34235524196433,185.91652858195394,183.6684824019936,185.3520965576172,5576000
2024-10-17 00:00:00+00:00,185.42992475835172,186.4809621537956,183.40572108886587,183.5127716064453,4419000
2024-10-18 00:00:00+00:00,183.90204869268146,184.6027403299424,183.1137743131545,183.7949981689453,5607900
2024-10-21 00:00:00+00:00,183.64901704130224,184.3010466145556,180.9046391349027,181.53720092773438,4496500
2024-10-22 00:00:00+00:00,181.32311290096686,184.02855521906338,181.2355153147412,183.69766235351562,4210400
2024-10-23 00:00:00+00:00,183.63927889243223,184.19399927227224,182.47146448961186,182.84127807617188,4266700
2024-10-24 00:00:00+00:00,183.37651482000402,185.36181265851994,183.12349306980974,184.5637969970703,6741800
2024-10-25 00:00:00+00:00,184.59298107180825,184.78762916845682,182.15030189434398,182.81207275390625,4017400
2024-10-28 00:00:00+00:00,183.04563264911855,185.0406569079714,182.49092713445563,184.59298706054688,5383700
2024-10-29 00:00:00+00:00,185.381287883128,186.03331749022925,183.46411977512255,184.36917114257812,6131500
2024-10-30 00:00:00+00:00,186.4809589538788,196.92320292269022,183.4933006774447,196.0959930419922,10396400
2024-10-31 00:00:00+00:00,196.5533970668422,201.75992213303377,196.01814446711577,198.40243530273438,8829300
2024-11-01 00:00:00+00:00,198.88903478852944,199.23938061045428,196.89402523128973,198.09103393554688,4493900
2024-11-04 00:00:00+00:00,198.32459716392165,198.76254059892148,194.85034787995096,195.09364318847656,3531800
2024-11-05 00:00:00+00:00,195.11309086482254,196.99132332529794,193.03048383243672,196.2711639404297,5109300
2024-11-06 00:00:00+00:00,200.27094459612627,200.62129040808247,195.46344213423583,195.80404663085938,7194800
2024-11-07 00:00:00+00:00,196.533921007664,196.8940081138937,193.8771407512873,195.13253784179688,4520200
2024-11-08 00:00:00+00:00,195.7651272465155,196.47554534101477,194.1301751631046,194.14964294433594,4596900
2024-11-11 00:00:00+00:00,173.78096792504536,173.78096792504536,168.06838438342552,169.75198364257812,20760300
2024-11-12 00:00:00+00:00,171.28960578646397,171.89298818632204,166.44316790446453,166.50155639648438,10557000
2024-11-13 00:00:00+00:00,167.06600926618526,168.00999618675783,165.1001791496813,165.7814178466797,8483500
2024-11-14 00:00:00+00:00,165.44079125854827,167.0173399292688,164.06860230833166,165.08071899414062,8442500
2024-11-15 00:00:00+00:00,165.08073042706894,165.08073042706894,160.30240720824594,160.56517028808594,11265400
2024-11-18 00:00:00+00:00,161.1782535327861,162.26822649293968,160.38025273026716,161.820556640625,8336900
2024-11-19 00:00:00+00:00,160.837659940975,162.61858330629,159.4168088652445,162.10279846191406,5246000
2024-11-20 00:00:00+00:00,162.43366919066176,163.4068503399444,161.2074514388435,163.2608642578125,7135600
2024-11-21 00:00:00+00:00,164.0686165041532,167.8348378816697,162.44340566664786,167.12440490722656,6847700
2024-11-22 00:00:00+00:00,169.66440326586746,174.06318635497541,168.84693463900393,172.20440673828125,11328600
2024-11-25 00:00:00+00:00,172.27252643247036,175.35750880830386,172.00976337156334,172.3114471435547,12465000
2024-11-26 00:00:00+00:00,172.34064167633335,176.7783452256129,171.93190738622238,176.2820281982422,6947500
2024-11-27 00:00:00+00:00,176.28203954976735,179.2989071681057,176.03874425311315,178.17001342773438,5271500
2024-11-29 00:00:00+00:00,178.22840718180245,178.61767372810826,177.60557179797306,178.02403259277344,2710700
2024-12-02 00:00:00+00:00,177.39147394328145,177.8002082791473,174.06319590874463,176.89515686035156,3936600
2024-12-03 00:00:00+00:00,177.39145006663512,178.5884586640957,176.6129022152009,176.6323699951172,4107600
2024-12-04 00:00:00+00:00,175.2699487293144,175.61055325642195,171.19231692368928,171.72756958007812,6125500
2024-12-05 00:00:00+00:00,170.2872246157792,171.98056507458506,168.87611499155688,171.4453125,5444200
2024-12-06 00:00:00+00:00,171.27987592740078,172.00003529702994,169.48922624296452,171.46478271484375,4839600
2024-12-09 00:00:00+00:00,170.88086655259207,173.3527548734507,169.70332573205977,171.8345947265625,4394500
2024-12-10 00:00:00+00:00,170.82248021324105,172.17520137136734,169.16807528489142,170.95872497558594,4089600
2024-12-11 00:00:00+00:00,171.2409575334665,171.2798782447133,169.17780344781426,169.69358825683594,9492200
2024-12-12 00:00:00+00:00,170.2191304517516,171.19231167002303,167.37744307634705,168.54525756835938,4999500
2024-12-13 00:00:00+00:00,168.6036514687234,170.22886237337136,167.7667150002062,168.72042846679688,5471600
2024-12-16 00:00:00+00:00,167.06600506250297,168.69121578961452,165.95657915329534,167.02708435058594,8157900
2024-12-17 00:00:00+00:00,166.0052560550701,171.7664871567947,165.64518375170204,170.67652893066406,7664700
2024-12-18 00:00:00+00:00,171.3090919547604,171.76648832409873,168.18518849986447,168.37982177734375,5471600
2024-12-19 00:00:00+00:00,168.2922027704048,169.21673670755595,165.7716672512245,166.92002868652344,6110500
2024-12-20 00:00:00+00:00,167.1827897665732,172.05843702258002,166.0831051217472,170.87115478515625,18950900
2024-12-23 00:00:00+00:00,170.58890660913332,173.8587956631552,169.94661837586642,173.60577392578125,6945600
2024-12-24 00:00:00+00:00,173.62525295354428,175.33804643582553,173.0705325689167,175.172607421875,2692800
2024-12-26 00:00:00+00:00,174.21889274921713,175.5132254541149,173.8393526966205,174.39405822753906,2759300
2024-12-27 00:00:00+00:00,173.14839443021032,174.84173503577296,172.53528553258886,173.23597717285156,2745400
2024-12-30 00:00:00+00:00,172.2725335031197,172.5839437532721,170.80302044436795,171.47451782226562,3405700
2024-12-31 00:00:00+00:00,171.62050994871504,173.07054042782906,171.2020343124305,172.93429565429688,3326400
2025-01-02 00:00:00+00:00,173.86854441755116,174.95850253234246,173.12891725431516,174.62762451171875,4092000
2025-01-03 00:00:00+00:00,174.84173354109276,176.70051315005406,174.00479713624298,176.35989379882812,4380200
2025-01-06 00:00:00+00:00,175.93168402110896,177.0994984106985,174.4524445411939,175.26992797851562,6302100
2025-01-07 00:00:00+00:00,174.81253401536802,177.2844075925055,173.60578404843235,174.7152099609375,5905200
2025-01-08 00:00:00+00:00,174.39406872126312,174.43300428516582,171.4550573284104,173.7128448486328,4488500
2025-01-10 00:00:00+00:00,172.11683134947174,172.77858745199586,168.68150282711892,170.47215270996094,5372200
2025-01-13 00:00:00+00:00,170.4624026194634,173.20676556072175,169.66438700100335,172.00003051757812,4734100
2025-01-14 00:00:00+00:00,171.87353443037944,172.03897345445705,169.42111361847364,170.8419647216797,4779100
2025-01-15 00:00:00+00:00,170.45883385023475,171.38225314503197,165.74351052995945,168.32711791992188,8048700
2025-01-16 00:00:00+00:00,168.4253593016962,170.89108869306958,167.51177310540314,170.6356658935547,5236000
2025-01-17 00:00:00+00:00,169.83013712371053,170.92055562520923,168.2485393871151,168.53341674804688,7852500
2025-01-21 00:00:00+00:00,169.12283731754493,172.561091952885,168.19941796000322,169.5648956298828,7548500
2025-01-22 00:00:00+00:00,167.29564237501148,167.85557888132934,165.0951541120222,166.2150421142578,9465000
2025-01-23 00:00:00+00:00,167.45281652734252,167.67875475829848,165.50773613688895,167.6591033935547,7116200
2025-01-24 00:00:00+00:00,166.33293200018053,168.09134694622406,166.2641597169589,167.29563903808594,5584900
2025-01-27 00:00:00+00:00,169.6140001582813,174.31949016615968,169.5452278772129,173.77919006347656,6985200
2025-01-28 00:00:00+00:00,173.6809728846588,174.0346225179488,170.66512531887992,171.72607421875,5603700
2025-01-29 00:00:00+00:00,171.42154957073663,173.79885522161885,171.22508087860427,172.1681365966797,3748300
2025-01-30 00:00:00+00:00,172.90488862096106,173.01294863956608,170.91070236001337,172.55123901367188,5209200
2025-01-31 00:00:00+00:00,183.99574372129794,188.38688726447825,180.42977769223992,180.6557159423828,11926500
2025-02-03 00:00:00+00:00,179.94840807774472,188.27881826709552,178.936580104891,186.78562927246094,9830000
2025-02-04 00:00:00+00:00,184.31991996519395,187.7778109015801,183.75015026793025,186.59898376464844,7377800
2025-02-05 00:00:00+00:00,187.15893657681943,189.968482350695,186.56951550944956,188.3672332763672,6449600
2025-02-06 00:00:00+00:00,188.51458882191207,191.05890871102804,187.19823203871914,189.5657196044922,4586400
2025-02-07 00:00:00+00:00,189.75235343333185,190.44000132009342,187.08033736797287,187.23751831054688,3805900
2025-02-10 00:00:00+00:00,188.08235308361782,188.08235308361782,185.75415339326455,186.9821014404297,3685700
2025-02-11 00:00:00+00:00,186.45162966213456,188.54404288751428,184.93878931293818,188.44581604003906,3977000
2025-02-12 00:00:00+00:00,187.13928815614375,190.9410106306751,187.03122812507848,189.59518432617188,4525000
2025-02-13 00:00:00+00:00,190.852606048745,190.852606048745,188.05287835918136,190.03724670410156,4108900
2025-02-14 00:00:00+00:00,190.5284171797898,191.73671386859286,189.37905959927957,189.46746826171875,3976900
2025-02-18 00:00:00+00:00,188.6128184713376,193.54426198470745,187.30627996129977,192.787841796875,6065500
2025-02-19 00:00:00+00:00,193.31830541838826,194.61502571801648,192.55206705573514,193.86843872070312,4888700
2025-02-20 00:00:00+00:00,194.50696930437303,197.8076942315464,193.35761173905374,197.33616638183594,5067000
2025-02-21 00:00:00+00:00,196.78605389635607,200.38147446775272,196.49134336044472,198.51499938964844,5889400
2025-02-24 00:00:00+00:00,198.26939939136548,201.87465295190052,197.72909926875676,200.47970581054688,6305000
2025-02-25 00:00:00+00:00,201.56028135412112,202.37564059266137,198.7802203827983,200.53863525390625,7746800
2025-02-26 00:00:00+00:00,199.9983585821644,200.23413001272058,197.87646067596094,199.4285888671875,4766700
2025-02-27 00:00:00+00:00,199.47769290236351,203.15171868877306,198.68198500229715,201.4031219482422,5696900
2025-02-28 00:00:00+00:00,201.5013517383719,205.9023281962357,200.80388566326207,205.34237670898438,13136400
2025-03-03 00:00:00+00:00,206.27562309190168,208.5547018904457,205.22450734520794,207.74916076660156,7016400
2025-03-04 00:00:00+00:00,210.6864194385038,211.85542840048424,204.0063789340444,204.09478759765625,7554000
2025-03-05 00:00:00+00:00,203.4169768703822,208.43681429396068,202.36584610579519,207.80810546875,5752800
2025-03-06 00:00:00+00:00,207.71969137450822,208.24034015414077,204.82173694325513,207.03204345703125,4346000
2025-03-07 00:00:00+00:00,207.3856748577162,211.19723010733446,205.31289810975147,210.5095672607422,6806100
2025-03-10 00:00:00+00:00,206.2854547987857,214.80250069906666,205.50938323480148,212.83778381347656,8604000
2025-03-11 00:00:00+00:00,212.8377774559452,212.8377774559452,208.66275419877556,209.82192993164062,7144500
2025-03-12 00:00:00+00:00,208.25998484338695,210.0969902903807,205.6174382977457,208.3189239501953,6139800
2025-03-13 00:00:00+00:00,208.25999043143025,210.0282386311266,206.96327008845284,207.81793212890625,5559500
2025-03-14 00:00:00+00:00,206.07915886348687,209.0655370097391,204.61543934532503,208.0340576171875,4511600
2025-03-17 00:00:00+00:00,208.47609502887423,211.69822929178073,205.82373042081818,210.6864013671875,5075400
2025-03-18 00:00:00+00:00,210.68640420428952,211.38387026404044,208.52521875342276,210.0773468017578,5088200
2025-03-19 00:00:00+00:00,210.2541815896943,210.71589126856503,207.06151657047363,208.50558471679688,5412900
2025-03-20 00:00:00+00:00,209.25216750318222,209.65493806415643,207.385692448795,208.220703125,5836100
2025-03-21 00:00:00+00:00,207.9947418923977,209.1244630573327,205.05749984068623,206.30508422851562,16657700
2025-03-24 00:00:00+00:00,205.6960242213895,207.29727320574074,203.83936744998326,205.4799041748047,7393800
2025-03-25 00:00:00+00:00,205.5290292868902,205.5683170281621,195.86262605721137,197.7880401611328,10089100
2025-03-26 00:00:00+00:00,199.53664866819847,199.53664866819847,193.02362217113046,197.74876403808594,6742900
2025-03-27 00:00:00+00:00,198.45605935453924,200.08676299838672,197.74876006749196,199.14370727539062,4995300
2025-03-28 00:00:00+00:00,199.15351510309935,202.38548264736454,198.03362712180132,201.66835021972656,6478100
2025-03-31 00:00:00+00:00,200.82352984713623,207.09098152699028,200.82352984713623,205.82374572753906,11093700
2025-04-01 00:00:00+00:00,206.80609623169246,208.40733024366872,201.9728946634947,202.63107299804688,7853200
2025-04-02 00:00:00+00:00,203.56431581562873,203.56431581562873,196.80568499559385,201.57012939453125,9262800
2025-04-03 00:00:00+00:00,206.58999172182334,206.97311093014383,197.68982627499275,198.082763671875,7593100
2025-04-04 00:00:00+00:00,196.47167448636048,196.47167448636048,182.88565639687675,183.66172790527344,13505200
2025-04-07 00:00:00+00:00,177.8363345100541,184.87984222373174,173.17013225286576,183.2589569091797,12581100
2025-04-08 00:00:00+00:00,184.290435433429,185.06649194704428,169.28000080207258,172.57089233398438,12517100
2025-04-09 00:00:00+00:00,165.33091874418616,177.41392984477434,161.48989387176906,176.66732788085938,18977800
2025-04-10 00:00:00+00:00,174.6142219580986,174.85981158110576,162.0596816291401,171.12684631347656,13970000
2025-04-11 00:00:00+00:00,170.7437231293081,173.84797948941141,166.3427613844836,171.96185302734375,9047700
2025-04-14 00:00:00+00:00,174.3096805938083,177.01116625114346,173.0915507556994,175.94039916992188,7164400
2025-04-15 00:00:00+00:00,176.17832838957136,178.954354645149,174.80023174839857,175.28604125976562,8078500
2025-04-16 00:00:00+00:00,175.01835979860044,175.335626877259,168.29641863282382,170.2098846435547,9459300
2025-04-17 00:00:00+00:00,171.09226532846355,173.69973396998208,170.43791337341483,171.5086669921875,8998100
2025-04-21 00:00:00+00:00,171.9845651896447,172.67856801393904,167.09677326572685,168.70291137695312,7364600
2025-04-22 00:00:00+00:00,169.6150240713614,173.1643699344127,169.4464816163162,172.29190063476562,6191900
2025-04-23 00:00:00+00:00,173.50145637188663,176.62447653533002,172.90658818450387,175.53390502929688,7119700
2025-04-24 00:00:00+00:00,176.08910955509836,179.93588959302414,174.6019541954623,178.82546997070312,8789400
2025-04-25 00:00:00+00:00,185.5176718143804,187.08414396491756,178.44873685485817,184.4667510986328,10482100
2025-04-28 00:00:00+00:00,186.3901302907357,191.4662821895682,186.03321241484116,190.69296264648438,10408000
2025-04-29 00:00:00+00:00,190.94083090778102,193.8655667672934,188.94804816437212,191.8529510498047,6671400
2025-04-30 00:00:00+00:00,192.8245746719882,194.10352166002258,189.3743632506298,193.42935180664062,8400700
2025-05-01 00:00:00+00:00,191.22834997344341,194.14317681684585,188.1747225721707,191.6844024658203,5823600
2025-05-02 00:00:00+00:00,193.49873259005335,197.27610465377043,192.96336333527995,196.77047729492188,6424800
2025-05-05 00:00:00+00:00,196.7704794561844,196.80022135243593,193.3599341568309,194.3910369873047,5121500
2025-05-06 00:00:00+00:00,193.82591319147022,194.14318025972935,184.14949453146403,185.5474090576172,9392000
2025-05-07 00:00:00+00:00,186.55868688763658,188.55146968774056,185.1508482504515,186.4793701171875,5771700
2025-05-08 00:00:00+00:00,182.55327951950974,185.06161364264707,180.0845962156235,183.99085998535156,8816700
2025-05-09 00:00:00+00:00,184.1594029680741,188.1449835158292,182.65241465407502,183.01925659179688,7806100
2025-05-12 00:00:00+00:00,178.45863677773434,191.0399730910648,178.45863677773434,188.44241333007812,12792700
2025-05-13 00:00:00+00:00,187.41131551286324,188.13506021211916,183.82231878513036,186.39013671875,7523800
2025-05-14 00:00:00+00:00,184.92281144713218,186.04312483654888,175.0877593940982,175.92056274414062,12212000
2025-05-15 00:00:00+00:00,176.4956046904141,180.55057806145595,175.05802418239674,180.12425231933594,12073300
2025-05-16 00:00:00+00:00,179.74751945087976,182.49380399838225,178.97419985135775,182.44422912597656,6152800
2025-05-19 00:00:00+00:00,182.64250456852287,184.20897666565935,180.94714083505116,184.1197509765625,5216700
2025-05-20 00:00:00+00:00,183.27702928438345,184.407266765888,182.06747503405597,183.26712036132812,5505100
2025-05-21 00:00:00+00:00,182.3549753331567,183.22744461542976,179.98544183073412,180.24322509765625,5140900
2025-05-22 00:00:00+00:00,179.85656953791312,181.9881527965154,178.70649911673058,180.9768829345703,4689200
2025-05-23 00:00:00+00:00,180.80834137465573,182.5433559377823,180.1639134453164,181.6907196044922,4027000
2025-05-27 00:00:00+00:00,182.69208865611967,184.39736139837623,182.3252467022244,184.12966918945312,5726700
2025-05-28 00:00:00+00:00,183.76282800553884,184.50640565034982,180.8083352712392,181.5221710205078,4787800
2025-05-29 00:00:00+00:00,181.88902531283952,185.15084614681453,181.12561464305207,184.030517578125,4925900
2025-05-30 00:00:00+00:00,183.41583131130398,185.09136213675617,181.44286638242426,184.51632690429688,11609000
2025-06-02 00:00:00+00:00,184.1395737520061,185.3887939453125,181.59158875033472,185.3887939453125,4435600
2025-06-03 00:00:00+00:00,185.29955170055644,187.11388305411145,183.23737624860075,185.6465606689453,5335600
2025-06-04 00:00:00+00:00,186.79662351650236,188.55145587672115,185.66638609461313,185.73577880859375,4382200
2025-06-05 00:00:00+00:00,185.89441169542587,186.98499829528942,183.46539440823085,185.8646697998047,4417900
2025-06-06 00:00:00+00:00,186.87594596361575,188.85881975551442,186.68757053288513,188.2044677734375,3607800
2025-06-09 00:00:00+00:00,188.87863764212554,190.14767565896568,187.39148229787918,187.5402069091797,4661500
2025-06-10 00:00:00+00:00,187.42122119704217,190.23691343449272,187.18328602776904,187.87728881835938,4087500
2025-06-11 00:00:00+00:00,187.71866109851487,191.06972269870477,187.44105997368422,189.86016845703125,3908000
2025-06-12 00:00:00+00:00,190.5541757550148,191.93227248862587,185.8051994958898,190.7722930908203,5781400
2025-06-13 00:00:00+00:00,189.91965685524704,191.8133050319188,188.66052771187407,189.4437713623047,4965700
2025-06-16 00:00:00+00:00,189.2652977922038,190.01879951674547,187.31216589273626,189.22564697265625,4203900
2025-06-17 00:00:00+00:00,187.54020396118187,188.97778441239703,183.44556480338787,183.89170837402344,4733900
2025-06-18 00:00:00+00:00,183.66369153604893,185.51767375670772,182.12696126680206,183.90164184570312,3573200
2025-06-20 00:00:00+00:00,184.4964853145331,185.49784624504122,182.58301939819285,183.7132568359375,12158100
2025-06-23 00:00:00+00:00,182.91019168456717,184.20897155021999,180.73894254141436,182.18643188476562,5157900
2025-06-24 00:00:00+00:00,182.93994180436215,184.54606474821395,181.6213289063613,183.96112060546875,4074400
2025-06-25 00:00:00+00:00,183.71326454220858,185.4879299749568,183.05891254340122,183.802490234375,4471100
2025-06-26 00:00:00+00:00,184.93272257641308,187.37166399135404,184.19905382893052,185.19049072265625,5734000
2025-06-27 00:00:00+00:00,186.29098413210272,186.39013387158278,180.1738203837137,180.7488555908203,29264700
2025-06-30 00:00:00+00:00,180.86783135998968,184.65512768323535,180.19366151102295,184.030517578125,6482600
2025-07-01 00:00:00+00:00,183.42573159336115,190.11793052864323,182.8110455691949,188.36309814453125,5937600
2025-07-02 00:00:00+00:00,188.07558061605684,190.9408327084777,187.90703815510582,189.11659240722656,4658200
2025-07-03 00:00:00+00:00,189.51316189361896,189.83042897066974,187.25268691807628,187.6591796875,3706200
2025-07-07 00:00:00+00:00,187.81781384682256,189.7511128285944,185.2301628625658,186.0233154296875,11049100
2025-07-08 00:00:00+00:00,185.1904960924495,191.34732603738576,185.07152850275327,188.14498901367188,7106900
2025-07-09 00:00:00+00:00,186.88585998031454,189.45367798006285,186.7074085956804,188.98770141601562,5594100
2025-07-10 00:00:00+00:00,188.86873403695915,195.80879250550882,187.93678090782504,193.3302001953125,6049400
2025-07-11 00:00:00+00:00,192.22970405781663,192.33876272428023,189.5230854986546,190.80203247070312,4991000
2025-07-14 00:00:00+00:00,190.07828924299216,191.02015129994086,188.41266733560354,189.8800048828125,4072800
2025-07-15 00:00:00+00:00,190.2100067138672,190.6699981689453,185.00999450683594,186.38999938964844,6729200
2025-07-16 00:00:00+00:00,186.9199981689453,191.38999938964844,186.5,190.5800018310547,6202600
2025-07-17 00:00:00+00:00,189.0,192.1199951171875,188.25999450683594,191.39999389648438,4853100
2025-07-18 00:00:00+00:00,191.50999450683594,192.33999633789062,188.57000732421875,189.25999450683594,5332000
2025-07-21 00:00:00+00:00,189.6199951171875,189.89999389648438,184.6300048828125,184.85000610351562,4954800
2025-07-22 00:00:00+00:00,184.94000244140625,188.1999969482422,184.89999389648438,187.11000061035156,4432100
2025-07-23 00:00:00+00:00,187.0500030517578,190.8000030517578,186.77000427246094,190.5500030517578,4344500
2025-07-24 00:00:00+00:00,190.75999450683594,192.24000549316406,189.99000549316406,190.8300018310547,3462700
2025-07-25 00:00:00+00:00,191.39999389648438,191.39999389648438,188.52999877929688,190.27999877929688,3786800
2025-07-28 00:00:00+00:00,191.2100067138672,191.2100067138672,187.63999938964844,188.52000427246094,3776900
2025-07-29 00:00:00+00:00,189.14999389648438,192.49000549316406,187.86000061035156,191.22000122070312,6715500
2025-07-30 00:00:00+00:00,191.77000427246094,192.6999969482422,188.00999450683594,189.30999755859375,5008400
2025-07-31 00:00:00+00:00,197.05999755859375,198.8300018310547,187.6199951171875,189.02000427246094,10347900
2025-08-01 00:00:00+00:00,189.9199981689453,197.05999755859375,189.7899932861328,195.22000122070312,8082000
2025-08-04 00:00:00+00:00,194.80999755859375,197.3699951171875,193.72000122070312,197.19000244140625,4217500
2025-08-05 00:00:00+00:00,197.5500030517578,199.88999938964844,196.47999572753906,198.5500030517578,4153400
2025-08-06 00:00:00+00:00,197.22999572753906,198.0500030517578,194.6699981689453,196.3000030517578,4057200
2025-08-07 00:00:00+00:00,197.0500030517578,199.8300018310547,196.5,198.86000061035156,4683300
2025-08-08 00:00:00+00:00,199.0800018310547,200.3300018310547,197.13999938964844,198.0500030517578,4101700
2025-08-11 00:00:00+00:00,198.17999267578125,199.42999267578125,196.88999938964844,198.63999938964844,6067800
2025-08-12 00:00:00+00:00,198.08999633789062,200.02000427246094,197.0500030517578,198.63999938964844,3049800
2025-08-13 00:00:00+00:00,199.75999450683594,201.72000122070312,199.2100067138672,201.47000122070312,3558500
2025-08-14 00:00:00+00:00,201.8000030517578,205.05999755859375,200.86000061035156,204.67999267578125,4635400
2025-08-15 00:00:00+00:00,205.91000366210938,206.83999633789062,204.32000732421875,206.69000244140625,4430900
2025-08-18 00:00:00+00:00,206.60000610351562,208.33999633789062,205.9600067138672,206.57000732421875,6083500
2025-08-19 00:00:00+00:00,206.52999877929688,207.8000030517578,205.10000610351562,206.19000244140625,3975500
2025-08-20 00:00:00+00:00,206.64999389648438,211.69000244140625,206.64999389648438,209.14999389648438,5782100
2025-08-21 00:00:00+00:00,209.13999938964844,212.4499969482422,208.8699951171875,209.5,5323900
2025-08-22 00:00:00+00:00,210.83999633789062,211.47000122070312,207.1199951171875,210.60000610351562,5516900
2025-08-25 00:00:00+00:00,210.3000030517578,211.3000030517578,207.0500030517578,207.5500030517578,2796200
2025-08-26 00:00:00+00:00,207.52000427246094,208.5800018310547,206.57000732421875,208.36000061035156,3702900
2025-08-27 00:00:00+00:00,208.82000732421875,210.4199981689453,207.80999755859375,208.05999755859375,3459100
2025-08-28 00:00:00+00:00,207.64999389648438,208.00999450683594,205.49000549316406,207.9199981689453,4523100
2025-08-29 00:00:00+00:00,208.0,211.0,207.89999389648438,210.39999389648438,4264700
2025-09-02 00:00:00+00:00,210.13999938964844,212.16000366210938,208.99000549316406,211.9199981689453,4335500
2025-09-03 00:00:00+00:00,212.4199981689453,213.4199981689453,211.47999572753906,211.86000061035156,3973500
2025-09-04 00:00:00+00:00,212.25,214.19000244140625,211.66000366210938,213.0,3531600
2025-09-05 00:00:00+00:00,212.5500030517578,214.33999633789062,211.0,212.55999755859375,4465400
2025-09-08 00:00:00+00:00,210.99000549316406,212.0,207.61000061035156,209.7899932861328,5525500
2025-09-09 00:00:00+00:00,209.52999877929688,210.72000122070312,209.1199951171875,210.4199981689453,3097100
2025-09-10 00:00:00+00:00,210.22999572753906,212.27000427246094,208.44000244140625,211.63999938964844,4520600
2025-09-11 00:00:00+00:00,220.35000610351562,221.77000427246094,216.75,220.22000122070312,7647700
2025-09-12 00:00:00+00:00,219.1199951171875,220.3800048828125,218.22999572753906,218.33999633789062,4418800
2025-09-15 00:00:00+00:00,219.60000610351562,219.60000610351562,214.30999755859375,217.61000061035156,5162100
2025-09-16 00:00:00+00:00,218.3300018310547,218.7100067138672,215.83999633789062,216.25999450683594,4251000
2025-09-17 00:00:00+00:00,219.10000610351562,221.5500030517578,217.3000030517578,220.80999755859375,5258400
2025-09-18 00:00:00+00:00,221.07000732421875,222.07000732421875,219.9199981689453,221.99000549316406,4445600
2025-09-19 00:00:00+00:00,222.4199981689453,223.49000549316406,221.58999633789062,222.47000122070312,14415100
2025-09-22 00:00:00+00:00,222.4600067138672,225.16000366210938,221.42999267578125,222.58999633789062,5990700
2025-09-23 00:00:00+00:00,222.00999450683594,224.39999389648438,221.92999267578125,222.61000061035156,4629900
2025-09-24 00:00:00+00:00,222.0,222.24000549316406,218.5399932861328,219.99000549316406,5074500
2025-09-25 00:00:00+00:00,220.10000610351562,222.25999450683594,218.02999877929688,218.5399932861328,6666000
2025-09-26 00:00:00+00:00,220.6300048828125,221.47999572753906,217.6699981689453,220.61000061035156,4185600
