"('date', '')","('open', 'AEFC')","('high', 'AEFC')","('low', 'AEFC')","('close', 'AEFC')","('volume', 'AEFC')"
2024-01-02 00:00:00+00:00,19.483047901685772,19.679047553480064,19.43180109653926,19.653873443603516,47500
2024-01-03 00:00:00+00:00,19.545984591321115,19.734792143920732,19.43809603114226,19.635892868041992,55500
2024-01-04 00:00:00+00:00,19.590936567458986,19.671852117692328,19.47405531128003,19.510019302368164,24000
2024-01-05 00:00:00+00:00,19.483047640642873,19.626900185112216,19.384148373248603,19.411121368408203,53100
2024-01-08 00:00:00+00:00,19.55497462351299,19.626900898361487,19.376058379234596,19.59992790222168,35700
2024-01-09 00:00:00+00:00,19.599925850373538,19.658366478463016,19.50102830459613,19.510019302368164,26000
2024-01-10 00:00:00+00:00,19.572954723333655,19.69163315107064,19.438093185424805,19.438093185424805,42200
2024-01-11 00:00:00+00:00,19.474058635541642,19.644884192655592,19.393141356638075,19.492040634155273,27600
2024-01-12 00:00:00+00:00,19.545981873745284,19.60891714424237,19.501028599063797,19.527999877929688,22500
2024-01-16 00:00:00+00:00,19.52800139166555,19.590938381898777,19.18635201897338,19.195343017578125,58400
2024-01-17 00:00:00+00:00,19.150386607563306,19.366167128395734,19.069469340965522,19.21332359313965,22600
2024-01-18 00:00:00+00:00,19.276258863858477,19.32121213869835,19.123415328602388,19.21332359313965,36100
2024-01-19 00:00:00+00:00,19.276261315987462,19.541489786940403,19.16837104184655,19.474058151245117,15800
2024-01-22 00:00:00+00:00,19.57295710531069,19.750974768580445,19.563966106374917,19.617910385131836,50100
2024-01-23 00:00:00+00:00,19.635893030097392,19.644884029329457,19.52800275417037,19.563966751098633,56900
2024-01-24 00:00:00+00:00,19.689836661760292,19.733891356145172,19.599928387260295,19.617910385131836,32600
2024-01-25 00:00:00+00:00,19.707817806362467,19.77075308133031,19.662864528487617,19.734790802001953,39800
2024-01-26 00:00:00+00:00,19.698827007510168,19.73479100206073,19.650277672696085,19.703323364257812,42500
2024-01-29 00:00:00+00:00,19.707817806362467,19.797726076969795,19.707817806362467,19.734790802001953,17600
2024-01-30 00:00:00+00:00,19.779744542722415,19.91460609436035,19.73479126379566,19.91460609436035,107300
2024-01-31 00:00:00+00:00,19.833688181102637,19.995522723794785,19.824697182635564,19.968549728393555,60400
2024-02-01 00:00:00+00:00,19.968551103201115,20.17534065246582,19.88763554114173,20.17534065246582,65000
2024-02-02 00:00:00+00:00,19.95955951148945,20.04047677905189,19.906513823414407,20.004512786865234,45800
2024-02-05 00:00:00+00:00,19.914605137668158,19.96315618565142,19.68084432579196,19.716808319091797,24800
2024-02-06 00:00:00+00:00,19.80671721214744,19.869652487549427,19.644882666909403,19.824697494506836,31100
2024-02-07 00:00:00+00:00,19.806718821788497,20.09442394121156,19.806718821788497,20.04047966003418,40500
2024-02-08 00:00:00+00:00,20.022496290940733,20.094422565873593,19.96855029859784,20.06744956970215,39100
2024-02-09 00:00:00+00:00,20.09442257725054,20.301210403442383,20.09442257725054,20.301210403442383,28000
2024-02-12 00:00:00+00:00,20.29221956323535,20.34616384117253,20.139376013365272,20.229284286499023,39500
2024-02-13 00:00:00+00:00,20.013503784911897,20.103412050521,19.921798348607982,20.004512786865234,43200
2024-02-14 00:00:00+00:00,20.049465909873586,20.139374174799425,20.004512634839426,20.076438903808594,24500
2024-02-15 00:00:00+00:00,20.094420748146486,20.166347016572946,20.031485477630522,20.148365020751953,36100
2024-02-16 00:00:00+00:00,20.076439390326318,20.112403383111186,20.049466395737664,20.09442138671875,24100
2024-02-20 00:00:00+00:00,20.07644105367118,20.09442305155343,19.960460082588742,20.085432052612305,34700
2024-02-21 00:00:00+00:00,20.08542990178693,20.220291441746927,20.058456907851923,20.076438903808594,18800
2024-02-22 00:00:00+00:00,20.166347657430926,20.229282929946883,20.09442138671875,20.09442138671875,24700
2024-02-23 00:00:00+00:00,20.193321340659292,20.292220617731545,20.058459781379348,20.11240577697754,74800
2024-02-26 00:00:00+00:00,20.184329318083442,20.259851643846375,19.977539792725242,20.004512786865234,53100
2024-02-27 00:00:00+00:00,19.97623772128591,20.049210210850916,19.82117096348509,19.9215087890625,26300
2024-02-28 00:00:00+00:00,19.967114869834727,20.066541034143565,19.79380630380511,19.912385940551758,34100
2024-02-29 00:00:00+00:00,19.97623524479181,20.33197760964534,19.946134944731014,20.31373405456543,124000
2024-03-01 00:00:00+00:00,20.28636962672471,20.28636962672471,20.067452175405528,20.222518920898438,23200
2024-03-04 00:00:00+00:00,20.222518990395532,20.222518990395532,20.094817578304124,20.140424728393555,19600
2024-03-05 00:00:00+00:00,20.049209289598295,20.13130355406191,20.049209289598295,20.113059997558594,29800
2024-03-06 00:00:00+00:00,20.20427620141192,20.24988509303396,20.09481834112167,20.213397979736328,27500
2024-03-07 00:00:00+00:00,20.213396241427105,20.35934120246403,20.213396241427105,20.31373405456543,24000
2024-03-08 00:00:00+00:00,20.322857131578903,20.450558545701337,20.31373535345569,20.441436767578125,27500
2024-03-11 00:00:00+00:00,20.46880102964879,20.53174007754088,20.342011278040427,20.432313919067383,24000
2024-03-12 00:00:00+00:00,20.42319244311473,20.42319244311473,20.286369256015675,20.36846351623535,20400
2024-03-13 00:00:00+00:00,20.33197890970212,20.505287474639342,20.33197890970212,20.441436767578125,21700
2024-03-14 00:00:00+00:00,20.43231489684851,20.43231489684851,20.204275664205557,20.259004592895508,32500
2024-03-15 00:00:00+00:00,20.268127516476678,20.268127516476678,20.058331828140386,20.186033248901367,36100
2024-03-18 00:00:00+00:00,20.158669652910515,20.249885699083233,20.10394072112743,20.186033248901367,29800
2024-03-19 00:00:00+00:00,20.23164213733378,20.322858183485963,20.23164213733378,20.300966262817383,43100
2024-03-20 00:00:00+00:00,20.295491867789973,20.395829687692988,20.231641160506705,20.359342575073242,66800
2024-03-21 00:00:00+00:00,20.35934130623307,20.632989414422937,20.34109775106018,20.59650230407715,29800
2024-03-22 00:00:00+00:00,20.687721408739325,20.705964966618275,20.487045751673737,20.52353286743164,40900
2024-03-25 00:00:00+00:00,20.560019841816104,20.560019841816104,20.259919754036208,20.322858810424805,33700
2024-03-26 00:00:00+00:00,20.295492016711595,20.3529576536882,20.094818115234375,20.094818115234375,28600
2024-03-27 00:00:00+00:00,20.20427666641031,20.24988555908203,20.122182399402572,20.24988555908203,25000
2024-03-28 00:00:00+00:00,20.158667170242605,20.277246797802345,19.729952327970192,19.76643943786621,186800
2024-04-01 00:00:00+00:00,19.830290140383084,19.912384397847966,19.593129145462445,19.76643943786621,114100
2024-04-02 00:00:00+00:00,19.611372660341964,19.620494437797333,19.36508988845051,19.50191307067871,54900
2024-04-03 00:00:00+00:00,19.42894424777394,19.593132793271995,19.27387748144817,19.56576919555664,73700
2024-04-04 00:00:00+00:00,19.684346853909634,19.82117004804971,19.584009032966303,19.64786148071289,37600
2024-04-05 00:00:00+00:00,19.584009943265038,19.69985461863707,19.501915675004845,19.5566463470459,50800
2024-04-08 00:00:00+00:00,19.547521051910916,19.57488464320754,19.465426798418907,19.4927921295166,18100
2024-04-09 00:00:00+00:00,19.584006420240105,19.584006420240105,19.483670352484037,19.4927921295166,18100
2024-04-10 00:00:00+00:00,19.346849455295914,19.346849455295914,19.082324825611888,19.24651336669922,75900
2024-04-11 00:00:00+00:00,19.24651105953774,19.25563283737151,19.036715388764787,19.1279296875,44500
2024-04-12 00:00:00+00:00,19.109688174559793,19.219146030697665,19.06407928466797,19.06407928466797,28300
2024-04-15 00:00:00+00:00,19.127929968325166,19.127929968325166,18.662729730780615,18.699216842651367,82500
2024-04-16 00:00:00+00:00,18.68097375282536,18.872527615323758,18.603441247867377,18.73570442199707,38500
2024-04-17 00:00:00+00:00,18.81779657123914,19.073201136214735,18.717460492692624,18.881649017333984,67700
2024-04-18 00:00:00+00:00,18.97286247810558,19.02759314376443,18.83603929356082,18.991106033325195,62300
2024-04-19 00:00:00+00:00,19.018470768039222,19.20090109509455,19.009348990716283,19.118806838989258,39600
2024-04-22 00:00:00+00:00,19.16441832705435,19.32860686155251,19.146174769932028,19.273876190185547,30200
2024-04-23 00:00:00+00:00,19.32860551110786,19.593130111694336,19.282996621488643,19.593130111694336,33300
2024-04-24 00:00:00+00:00,19.428940991617516,19.675223768589298,19.301239584210453,19.620494842529297,72000
2024-04-25 00:00:00+00:00,19.428943634033203,19.48367430733799,19.228269717986606,19.428943634033203,82500
2024-04-26 00:00:00+00:00,19.428941960160905,19.611374042523497,19.40157836566741,19.447185516357422,69400
2024-04-29 00:00:00+00:00,19.538401881520045,19.684346853909634,19.45630761707574,19.64786148071289,50300
2024-04-30 00:00:00+00:00,19.620495969755176,19.64786130425795,19.17353927835096,19.182661056518555,39800
2024-05-01 00:00:00+00:00,19.273872846918437,19.365088876906242,19.173536779752805,19.310359954833984,46400
2024-05-02 00:00:00+00:00,19.337725460322996,19.492792190761666,19.21914409832815,19.41069793701172,22700
2024-05-03 00:00:00+00:00,19.574888153660652,19.702591315217074,19.54843621338322,19.656982421875,20000
2024-05-06 00:00:00+00:00,19.720834490389798,19.885021283835382,19.702590933406505,19.802927017211914,33800
2024-05-07 00:00:00+00:00,19.90326322696498,19.976235709179836,19.70167767998959,19.73907470703125,36800
2024-05-08 00:00:00+00:00,19.72083224754299,19.812046542482964,19.30123918365425,19.40157699584961,73800
2024-05-09 00:00:00+00:00,19.438061528394314,19.492792190761666,19.282994797955645,19.41069793701172,28400
2024-05-10 00:00:00+00:00,19.43806420411876,19.488233114960902,19.317659514018146,19.483673095703125,15200
2024-05-13 00:00:00+00:00,19.547524633060426,19.574888229370117,19.447186807121174,19.574888229370117,12000
2024-05-14 00:00:00+00:00,19.602253500612054,19.666104211525226,19.501915675004845,19.5566463470459,41200
2024-05-15 00:00:00+00:00,19.675226969671225,19.802928397854807,19.611376255579437,19.748199462890625,33600
2024-05-16 00:00:00+00:00,19.74819809506047,19.74819809506047,19.6569820499038,19.702590942382812,19000
2024-05-17 00:00:00+00:00,19.666100619843018,19.729951319094933,19.556642775354323,19.675222396850586,12400
2024-05-20 00:00:00+00:00,19.656983411416007,19.848537293492853,19.563944047996753,19.748199462890625,20000
2024-05-21 00:00:00+00:00,19.848533523991428,19.854006938388814,19.602250753722785,19.666101455688477,23500
2024-05-22 00:00:00+00:00,19.666101152909583,19.766438962911522,19.61137222918176,19.629615783691406,28500
2024-05-23 00:00:00+00:00,19.73907725015977,19.73907725015977,19.219148029917516,19.24651336669922,47400
2024-05-24 00:00:00+00:00,19.292120135645,19.428943337213838,19.292120135645,19.392457962036133,36800
2024-05-28 00:00:00+00:00,19.40157935024043,19.40157935024043,19.23739081574227,19.273876190185547,56300
2024-05-29 00:00:00+00:00,19.182659515836924,19.410698732307544,19.02759277904486,19.13705062866211,39300
2024-05-30 00:00:00+00:00,19.22827033475684,19.465431373947187,19.16441962032126,19.30124282836914,28300
2024-05-31 00:00:00+00:00,19.402188111182184,19.52258276892135,19.254009255611837,19.28179168701172,70400
2024-06-03 00:00:00+00:00,19.392924575747138,19.504057821967763,19.291050961352312,19.383663177490234,40700
2024-06-04 00:00:00+00:00,19.402190776922012,19.596674889167257,19.402190776922012,19.490171432495117,21200
2024-06-05 00:00:00+00:00,19.568888619074382,19.568888619074382,19.32809929596468,19.44849395751953,19200
2024-06-06 00:00:00+00:00,19.429970780339946,19.578149637723506,19.382739939809685,19.5225830078125,22400
2024-06-07 00:00:00+00:00,19.429968402343647,19.514244830121026,19.18917734695749,19.383663177490234,40300
2024-06-10 00:00:00+00:00,19.383663927269883,19.383663927269883,19.198439487829372,19.24937629699707,14900
2024-06-11 00:00:00+00:00,19.30031509700864,19.30031509700864,19.003957376479203,19.1058292388916,23900
2024-06-12 00:00:00+00:00,19.263267135027046,19.528138184233516,19.263267135027046,19.309574127197266,33500
2024-06-13 00:00:00+00:00,19.476277698594604,19.476277698594604,19.26326904633904,19.337358474731445,13600
2024-06-14 00:00:00+00:00,19.374403904510405,19.374403904510405,19.226225049007674,19.254009246826172,23600
2024-06-17 00:00:00+00:00,19.291053077486207,19.318837275304706,19.179918052643515,19.254009246826172,30700
2024-06-18 00:00:00+00:00,19.291053549853483,19.439232408984573,19.291053549853483,19.42070960998535,20200
2024-06-20 00:00:00+00:00,19.36514235444013,19.420708983213128,19.161396871318278,19.226224899291992,35000
2024-06-21 00:00:00+00:00,19.263269573153917,19.343841806653767,19.25863975656647,19.291053771972656,20500
2024-06-24 00:00:00+00:00,19.300315475640723,19.429971539308095,19.300315475640723,19.374404907226562,33500
2024-06-25 00:00:00+00:00,19.42996972492259,19.58740997314453,19.42996972492259,19.58740997314453,41200
2024-06-26 00:00:00+00:00,19.56888884892,19.717069477358393,19.49479941791649,19.689285278320312,31100
2024-06-27 00:00:00+00:00,19.70781091854371,19.77263895921277,19.504063629090524,19.596675872802734,19000
2024-06-28 00:00:00+00:00,19.578149934739123,19.578149934739123,19.19844138612937,19.23548698425293,96700
2024-07-01 00:00:00+00:00,19.216963649734844,19.337358307419077,19.022479564299246,19.254009246826172,70600
2024-07-02 00:00:00+00:00,19.27253074278661,19.392927169799805,19.27253074278661,19.392927169799805,31000
2024-07-03 00:00:00+00:00,19.4392327862717,19.689285278320312,19.42997138659234,19.689285278320312,25300
2024-07-05 00:00:00+00:00,19.670761779934598,19.689284578635085,19.550367121244044,19.648534774780273,13900
2024-07-08 00:00:00+00:00,19.633717804921947,19.717068632031328,19.46701615070318,19.62445640563965,52900
2024-07-09 00:00:00+00:00,19.624456857899123,19.624456857899123,19.355881571816873,19.392927169799805,26900
2024-07-10 00:00:00+00:00,19.411447290181826,19.55962790871895,19.402187657552556,19.485538482666016,38800
2024-07-11 00:00:00+00:00,19.60593460261429,19.818941497629197,19.55962937028284,19.74485206604004,17100
2024-07-12 00:00:00+00:00,19.80967987295222,19.934706118545225,19.80041847330481,19.874507904052734,26800
2024-07-15 00:00:00+00:00,19.874508434335134,19.893031234124173,19.78189796825276,19.828203201293945,20100
2024-07-16 00:00:00+00:00,19.911552278899688,19.957857507859508,19.865247049939864,19.88376808166504,9600
2024-07-17 00:00:00+00:00,19.87450873640672,19.916184153349775,19.837464902697025,19.91155433654785,14100
2024-07-18 00:00:00+00:00,19.9393394891266,20.09585238783439,19.85598865125894,19.90970230102539,20400
2024-07-19 00:00:00+00:00,19.948597489570815,19.948597489570815,19.800416873615212,19.93007469177246,37900
2024-07-22 00:00:00+00:00,19.994901504582227,20.096775119861462,19.920812084314903,19.967117309570312,23800
2024-07-23 00:00:00+00:00,19.94859894394309,19.98564277580929,19.818941116333008,19.818941116333008,23700
2024-07-24 00:00:00+00:00,19.90229170271347,19.911553102174615,19.541105955885538,19.55036735534668,60800
2024-07-25 00:00:00+00:00,19.58741447178835,19.74485475616962,19.54110923314806,19.596675872802734,46500
2024-07-26 00:00:00+00:00,19.717067791135744,19.744850221366473,19.578148574257213,19.58740997314453,42600
2024-07-29 00:00:00+00:00,19.633719418223066,19.633719418223066,19.52258438413483,19.568889617919922,27200
2024-07-30 00:00:00+00:00,19.642976751123133,19.670760947998787,19.541104895441535,19.61519432067871,18700
2024-07-31 00:00:00+00:00,19.633716895258264,19.726327350927846,19.429969653350263,19.71706771850586,46100
2024-08-01 00:00:00+00:00,19.717068254142212,19.761520496841474,19.615194630420703,19.698545455932617,109600
2024-08-02 00:00:00+00:00,19.6244575492847,19.791159213218258,19.6244575492847,19.77263641357422,30100
2024-08-05 00:00:00+00:00,19.541105110597904,19.647608550147048,19.402187657552556,19.485538482666016,21200
2024-08-06 00:00:00+00:00,19.55036624093895,19.83746254214404,19.476276815904374,19.800416946411133,25300
2024-08-07 00:00:00+00:00,19.837464748901162,19.994905015417498,19.837464748901162,19.855987548828125,33200
2024-08-08 00:00:00+00:00,19.893029043803477,20.170865710753645,19.893029043803477,20.115297317504883,33500
2024-08-09 00:00:00+00:00,20.19864882955881,20.19864882955881,19.948598117139518,20.12455940246582,12400
2024-08-12 00:00:00+00:00,20.03194808959961,20.125487695756057,20.006016877257263,20.03194808959961,18300
2024-08-13 00:00:00+00:00,20.106036219479627,20.189387044168747,20.082883605161815,20.170866012573242,19700
2024-08-14 00:00:00+00:00,20.22643273473927,20.47648520997511,20.18938713851266,20.383872985839844,44800
2024-08-15 00:00:00+00:00,20.448702081212726,20.448702081212726,20.226433791533726,20.319046020507812,27300
2024-08-16 00:00:00+00:00,20.39313560745127,20.499639053340697,20.328307576599563,20.37461280822754,22900
2024-08-19 00:00:00+00:00,20.44870421410758,20.587621688842773,20.402398978006357,20.587621688842773,14500
2024-08-20 00:00:00+00:00,20.643188483824115,20.689493716318264,20.495007853693778,20.670970916748047,20900
2024-08-21 00:00:00+00:00,20.708013859681845,20.830261494874403,20.698752461084695,20.81914710998535,28900
2024-08-22 00:00:00+00:00,20.78210365474539,20.819147483367203,20.69875283230732,20.745058059692383,17800
2024-08-23 00:00:00+00:00,20.79136802383003,21.10624856104065,20.71727858957056,21.05068016052246,37800
2024-08-26 00:00:00+00:00,21.115507351007494,21.18959678230666,20.948807455407906,20.985851287841797,39200
2024-08-27 00:00:00+00:00,20.985851818403905,21.05994125157619,20.911762385231615,20.939546585083008,25400
2024-08-28 00:00:00+00:00,21.01363632025335,21.069202954323288,20.921024085849155,21.022897720336914,20700
2024-08-29 00:00:00+00:00,21.07846435440685,21.088651364569337,20.999743336912278,21.022897720336914,25600
2024-08-30 00:00:00+00:00,21.003170498332477,21.059529128860124,20.599263097732457,20.693195343017578,98600
2024-09-03 00:00:00+00:00,20.74015998840332,20.80779141810558,20.70258816630774,20.74015998840332,8600
2024-09-04 00:00:00+00:00,20.78712605796145,21.031349182128906,20.777734445762604,21.031349182128906,31100
2024-09-05 00:00:00+00:00,21.0407407934815,21.176003646855204,21.0407407934815,21.162853240966797,35100
2024-09-06 00:00:00+00:00,21.219214546243922,21.284966583986897,20.99377822043574,21.05953025817871,30400
2024-09-09 00:00:00+00:00,21.04074107887726,21.313144394955913,21.04074107887726,21.30375099182129,22200
2024-09-10 00:00:00+00:00,21.27557353967162,21.416471021733944,21.162856270665237,21.397686004638672,30700
2024-09-11 00:00:00+00:00,21.425861939764225,21.425861939764225,21.266177667528183,21.31314468383789,39900
2024-09-12 00:00:00+00:00,21.313145145200423,21.41646900010145,21.23799970908671,21.33193016052246,38500
2024-09-13 00:00:00+00:00,21.378899195934714,21.482224852197806,21.30375375272756,21.397686004638672,29400
2024-09-16 00:00:00+00:00,21.49161309806083,21.49161309806083,21.331928832310712,21.416467666625977,43400
2024-09-17 00:00:00+00:00,21.416467666625977,21.463434681028016,21.25678340087586,21.416467666625977,36900
2024-09-18 00:00:00+00:00,21.444651705878883,21.463438514995545,21.332873237369576,21.350719451904297,62700
2024-09-19 00:00:00+00:00,21.43525724592858,21.510402687086618,21.3507184006747,21.444650650024414,50200
2024-09-20 00:00:00+00:00,21.463437746262915,21.48692036101333,21.3695054956526,21.454044342041016,25800
2024-09-23 00:00:00+00:00,21.501008130390822,21.510401533983107,21.303752029778465,21.341323852539062,26700
2024-09-24 00:00:00+00:00,21.32253808709983,21.369503311801058,21.200425636303077,21.31314468383789,46900
2024-09-25 00:00:00+00:00,21.388291448110152,21.444650079577332,21.28496579741316,21.360111236572266,20800
2024-09-26 00:00:00+00:00,21.416469879932166,21.42304508346713,21.200426966180842,21.228607177734375,28500
2024-09-27 00:00:00+00:00,21.341323102015235,21.369503311801058,21.14406700833991,21.31314468383789,36400
2024-09-30 00:00:00+00:00,21.237998555897043,21.26617697315432,20.899843215942383,20.899843215942383,117100
2024-10-01 00:00:00+00:00,20.993776600211035,21.228606312088992,20.946809582870333,21.20042610168457,37300
2024-10-02 00:00:00+00:00,21.191033072754024,21.256785106584612,21.083011618373977,21.214515686035156,30400
2024-10-03 00:00:00+00:00,21.15346041340003,21.331929700566644,21.15346041340003,21.247392654418945,32800
2024-10-04 00:00:00+00:00,21.200425061387204,21.200425061387204,21.003168973061094,21.162853240966797,40000
2024-10-07 00:00:00+00:00,21.115886981658278,21.115886981658278,20.838787853657855,20.993776321411133,27800
2024-10-08 00:00:00+00:00,20.974990363729564,21.266178712727267,20.863211905153147,21.219213485717773,15300
2024-10-09 00:00:00+00:00,21.20981875208353,21.313144394955913,21.107433703650536,21.30375099182129,32000
2024-10-10 00:00:00+00:00,21.266179469913965,21.30375308614623,21.152521609902585,21.181640625,30700
2024-10-11 00:00:00+00:00,21.134673320441667,21.181638544510378,21.080192298899536,21.1722469329834,27900
2024-10-14 00:00:00+00:00,21.172246643974006,21.22860527040883,21.10649282292354,21.162853240966797,31800
2024-10-15 00:00:00+00:00,21.209820087045355,21.284965525243578,21.14406805257298,21.153461456298828,43300
2024-10-16 00:00:00+00:00,21.181640625,21.317842296429014,21.153462204434433,21.181640625,31400
2024-10-17 00:00:00+00:00,21.134674158649883,21.266178224544532,21.050135318686603,21.13936996459961,20800
2024-10-18 00:00:00+00:00,21.144067186931586,21.282146453670588,21.040741541785984,21.125280380249023,18900
2024-10-21 00:00:00+00:00,21.06892339679714,21.06892339679714,20.768341632841736,20.852880477905273,12900
2024-10-22 00:00:00+00:00,20.87166300639181,20.956201841377702,20.730765545284797,20.768339157104492,46800
2024-10-23 00:00:00+00:00,20.74016132698167,20.825638974584177,20.572022440538575,20.655622482299805,44000
2024-10-24 00:00:00+00:00,20.674409578479587,20.68380298264277,20.571083924293237,20.665016174316406,29900
2024-10-25 00:00:00+00:00,20.721375394434087,20.787127433829546,20.524119276247706,20.618051528930664,24200
2024-10-28 00:00:00+00:00,20.702587301135374,20.711978912560404,20.5898682563422,20.64622688293457,25800
2024-10-29 00:00:00+00:00,20.56169052286492,20.618050947851508,20.355041006073385,20.548540115356445,18400
2024-10-30 00:00:00+00:00,20.618049509377983,20.749553575287983,20.552295684814453,20.552295684814453,16800
2024-10-31 00:00:00+00:00,20.599262418334114,20.627440836864285,20.34752529923087,20.41139793395996,75200
2024-11-01 00:00:00+00:00,20.524117280203683,20.524117280203683,20.289287567138672,20.289287567138672,14300
2024-11-04 00:00:00+00:00,20.392611327168574,20.572961807250977,20.261107261782254,20.572961807250977,21800
2024-11-05 00:00:00+00:00,20.49593847990087,20.815307054972454,20.458366654861738,20.781492233276367,24500
2024-11-06 00:00:00+00:00,20.646226299483725,20.711978327251447,20.195353716269306,20.43018341064453,33600
2024-11-07 00:00:00+00:00,20.47715110952754,20.646228796584495,20.448972689423783,20.580476760864258,19700
2024-11-08 00:00:00+00:00,20.636834625512403,20.85287932405856,20.5241173660704,20.815305709838867,33800
2024-11-11 00:00:00+00:00,20.815305318565557,20.815305318565557,20.477149963378906,20.477149963378906,16000
2024-11-12 00:00:00+00:00,20.40200540577985,20.506269858674596,20.29868154738936,20.308074951171875,95500
2024-11-13 00:00:00+00:00,20.430186369549023,20.505331810968077,20.298682294967843,20.336254119873047,67900
2024-11-14 00:00:00+00:00,20.402006157163637,20.40670375503219,20.232930257677253,20.336254119873047,28500
2024-11-15 00:00:00+00:00,20.345645153123392,20.38321876525879,20.22353449690023,20.38321876525879,25900
2024-11-18 00:00:00+00:00,20.383220100388893,20.430185327025992,20.261107644558752,20.298681259155273,38800
2024-11-19 00:00:00+00:00,20.270501526296663,20.28928833403802,20.035671804355502,20.120210647583008,33900
2024-11-20 00:00:00+00:00,20.14838999886997,20.14838999886997,19.91919489575084,19.960525512695312,25800
2024-11-21 00:00:00+00:00,20.02627593472855,20.223533808508012,19.969917310052292,20.192535400390625,30500
2024-11-22 00:00:00+00:00,20.28928889083938,20.383221140515356,20.270502082582457,20.336254119873047,41000
2024-11-25 00:00:00+00:00,20.524117269438296,20.655621335370995,20.383219799994897,20.486543655395508,29800
2024-11-26 00:00:00+00:00,20.467759418211806,20.467759418211806,20.115514835405936,20.185962677001953,40600
2024-11-27 00:00:00+00:00,20.279895510491073,20.279895510491073,20.101424415058304,20.13899803161621,52200
2024-11-29 00:00:00+00:00,20.281070130768875,20.786427073919214,20.13899759722119,20.776893615722656,75000
2024-12-02 00:00:00+00:00,20.72921678756009,20.72921678756009,20.452701039077876,20.462234497070312,31400
2024-12-03 00:00:00+00:00,20.50991134306041,20.519446619936016,20.366885827262507,20.42981719970703,41800
2024-12-04 00:00:00+00:00,20.44316576241738,20.528981433693804,20.34781481448045,20.462234497070312,33800
2024-12-05 00:00:00+00:00,20.471770303750144,20.538517242101733,20.414560460974037,20.452701568603516,20400
2024-12-06 00:00:00+00:00,20.50991050284048,20.60526144902225,20.390722274780273,20.390722274780273,42000
2024-12-09 00:00:00+00:00,20.328743660574013,20.376420042467974,20.1380435890022,20.2333927154541,41500
2024-12-10 00:00:00+00:00,20.185717216013604,20.230531012380652,20.043644696294553,20.214323043823242,65100
2024-12-11 00:00:00+00:00,20.31920744178939,20.36688382147212,20.166646664140515,20.214323043823242,39700
2024-12-12 00:00:00+00:00,20.11897307387767,20.233392753301178,20.07129669189453,20.07129669189453,68000
2024-12-13 00:00:00+00:00,20.023623889175703,20.08083373391769,19.785247414304564,19.832921981811523,50900
2024-12-16 00:00:00+00:00,19.842456134850007,19.937807083129883,19.78524629334931,19.937807083129883,76900
2024-12-17 00:00:00+00:00,19.928271183281137,20.07129669189453,19.804316227461,20.07129669189453,38700
2024-12-18 00:00:00+00:00,20.023623889175703,20.138045397327847,19.832921981811523,19.832921981811523,49300
2024-12-19 00:00:00+00:00,19.65175481955142,19.73757048573297,19.577380393482365,19.64221954345703,143800
2024-12-20 00:00:00+00:00,19.642221207043505,19.851991842882608,19.632685930141534,19.728036880493164,49100
2024-12-23 00:00:00+00:00,19.62315119587684,19.78524727035661,19.57547662871674,19.594545364379883,39700
2024-12-24 00:00:00+00:00,19.59454516840194,19.59454516840194,19.308494130965997,19.518264770507812,22400
2024-12-26 00:00:00+00:00,19.518264963360753,19.56403356628308,19.30849432174627,19.394309997558594,42400
2024-12-27 00:00:00+00:00,19.260818537127957,19.432448059235856,19.251283260566176,19.29895782470703,85300
2024-12-30 00:00:00+00:00,19.279886650732063,19.43244743347168,19.279886650732063,19.43244743347168,38600
2024-12-31 00:00:00+00:00,19.43244723017138,19.441982506326347,19.1845373248141,19.35616683959961,340600
2025-01-02 00:00:00+00:00,19.461053102465083,19.947341275455795,19.461053102465083,19.880596160888672,27900
2025-01-03 00:00:00+00:00,19.97594838851166,20.099903349440222,19.73757192477605,20.014087677001953,34400
2025-01-06 00:00:00+00:00,20.023621870007222,20.023621870007222,19.823386524267782,19.956876754760742,27400
2025-01-07 00:00:00+00:00,19.95687862200203,19.95687862200203,19.47249818146312,19.594545364379883,26900
2025-01-08 00:00:00+00:00,19.518264770507812,19.56594115585923,19.36570397471956,19.518264770507812,43100
2025-01-10 00:00:00+00:00,19.30849334316383,19.451518856046246,19.165467830281415,19.21314239501953,56900
2025-01-13 00:00:00+00:00,19.194071884662836,19.194071884662836,18.974765976507225,19.05104637145996,68600
2025-01-14 00:00:00+00:00,19.07011780840663,19.159747231162033,19.012907964208495,19.0319766998291,42300
2025-01-15 00:00:00+00:00,19.279888005199783,19.699431096541836,19.260819270018686,19.565940856933594,44000
2025-01-16 00:00:00+00:00,19.508730021237774,19.99501825296971,19.39240254770215,19.909202575683594,40400
2025-01-17 00:00:00+00:00,20.014086390022918,20.09036678076648,19.823386322497992,19.880596160888672,24600
2025-01-21 00:00:00+00:00,19.96641181697464,20.24292755126953,19.9187354361183,20.24292755126953,29300
2025-01-22 00:00:00+00:00,20.271534839337622,20.271534839337622,20.042693650754494,20.052228927612305,19200
2025-01-23 00:00:00+00:00,19.947343046210747,19.985482335634227,19.661292010196206,19.842456817626953,57300
2025-01-24 00:00:00+00:00,19.871061525740988,20.023622312149637,19.871061525740988,19.947341918945312,26000
2025-01-27 00:00:00+00:00,19.909202366717242,20.45270225671416,19.909202366717242,20.357351303100586,49900
2025-01-28 00:00:00+00:00,20.385955120395117,20.385955120395117,20.138045189515406,20.281070709228516,27000
2025-01-29 00:00:00+00:00,20.309672941270264,20.309672941270264,19.890131696051856,19.99501609802246,38500
2025-01-30 00:00:00+00:00,20.052227957769286,20.14757708439954,20.023622128579404,20.07129669189453,14800
2025-01-31 00:00:00+00:00,20.109437160074375,20.21050781307258,19.64221954345703,19.64221954345703,24700
2025-02-03 00:00:00+00:00,19.56594003136059,19.823387041457767,19.56594003136059,19.623149871826172,20200
2025-02-04 00:00:00+00:00,19.623148991268252,19.680358829166632,19.598358728357205,19.64221954345703,12700
2025-02-05 00:00:00+00:00,19.718500922366044,19.928271550958094,19.718500922366044,19.823387145996094,19300
2025-02-06 00:00:00+00:00,19.909200409353804,19.98548080101156,19.718500339543418,19.794780731201172,17800
2025-02-07 00:00:00+00:00,19.7566397192567,19.871061216617207,19.642220040564197,19.67082405090332,16800
2025-02-10 00:00:00+00:00,19.73757215739514,19.81385255394282,19.68989577288527,19.728036880493164,10200
2025-02-11 00:00:00+00:00,19.613615571761873,19.823388028359197,19.613615571761873,19.804317474365234,32300
2025-02-12 00:00:00+00:00,19.642221307999243,19.661291861901212,19.47058996021779,19.604080200195312,19800
2025-02-13 00:00:00+00:00,19.670824737163457,19.9282717512052,19.59263837835174,19.899667739868164,30600
2025-02-14 00:00:00+00:00,19.985480764913238,20.065576721877004,19.775710142900305,19.956876754760742,19100
2025-02-18 00:00:00+00:00,19.890132263335925,19.995016668297925,19.7280361989386,19.823387145996094,44000
2025-02-19 00:00:00+00:00,19.756639219253792,19.83291960934095,19.613613715173862,19.64221954345703,24800
2025-02-20 00:00:00+00:00,19.64222036886692,19.685128203760776,19.518263593098872,19.585010528564453,24500
2025-02-21 00:00:00+00:00,19.594545364379883,19.67082576303694,19.556406074385436,19.594545364379883,36800
2025-02-24 00:00:00+00:00,19.613613772530794,19.737570543452392,19.606939261112,19.68035888671875,32500
2025-02-25 00:00:00+00:00,19.804315971720793,20.04269242255421,19.71850030392732,19.956876754760742,37000
2025-02-26 00:00:00+00:00,19.975948134547043,20.02362269922082,19.842456079857953,19.899667739868164,43000
2025-02-27 00:00:00+00:00,19.899668180932448,19.918736916023764,19.766176123284584,19.890132904052734,30100
2025-02-28 00:00:00+00:00,19.92789413184957,20.034409220559542,19.782647458916113,19.985992431640625,25400
2025-03-03 00:00:00+00:00,20.024728307495895,20.160291639195826,19.95694664164593,20.082826614379883,62000
2025-03-04 00:00:00+00:00,20.08282658169671,20.08282658169671,19.92789653231696,20.005361557006836,22800
2025-03-05 00:00:00+00:00,20.015043219417635,20.016011001157064,19.88432065503796,19.937578201293945,12200
2025-03-06 00:00:00+00:00,19.850429997927485,19.93273577237687,19.75359826270159,19.79233169555664,41800
2025-03-07 00:00:00+00:00,19.811696931945225,19.889163799089857,19.656766891479492,19.656766891479492,32000
2025-03-10 00:00:00+00:00,19.647087226719037,19.647087226719037,19.492155324778768,19.50183868408203,28100
2025-03-11 00:00:00+00:00,19.521203670722805,19.55025374605521,19.25588555947124,19.356590270996094,43000
2025-03-12 00:00:00+00:00,19.414688361022815,19.44373843603542,19.201660018332333,19.42437171936035,91200
2025-03-13 00:00:00+00:00,19.434056078886325,19.511521102665625,19.3178594666733,19.463106155395508,34300
2025-03-14 00:00:00+00:00,19.443738261662126,19.637401732852506,19.443738261662126,19.569618225097656,26000
2025-03-17 00:00:00+00:00,19.60835175662195,19.72455020930236,19.51152002054023,19.647085189819336,46900
2025-03-18 00:00:00+00:00,19.6374027028671,19.706152148857722,19.511520886301735,19.530887603759766,20500
2025-03-19 00:00:00+00:00,19.530886600651318,19.598668261361315,19.414688148782936,19.49215316772461,41300
2025-03-20 00:00:00+00:00,19.521202296463528,19.588983953888974,19.42437056575076,19.453420639038086,34800
2025-03-21 00:00:00+00:00,19.385641131616207,19.511521102665625,19.385641131616207,19.463106155395508,17600
2025-03-24 00:00:00+00:00,19.530888480754193,19.54057183991802,19.395325146284456,19.414690017700195,15500
2025-03-25 00:00:00+00:00,19.414688148782936,19.501836525956286,19.401131816640934,19.49215316772461,36000
2025-03-26 00:00:00+00:00,19.472787480823452,19.481501210027997,19.182292286801594,19.230709075927734,39900
2025-03-27 00:00:00+00:00,19.18229390455023,19.26944228541533,19.032206462880648,19.14356231689453,31000
2025-03-28 00:00:00+00:00,19.143561487523428,19.20843795601033,18.920849789144366,18.95958137512207,53000
2025-03-31 00:00:00+00:00,18.8917989804754,19.317857491146913,18.882115622629268,19.30817413330078,355400
2025-04-01 00:00:00+00:00,19.269441111525637,19.6470846879057,19.08546100236159,19.627717971801758,135800
2025-04-02 00:00:00+00:00,19.54057081715173,19.850430906528228,19.41468900152264,19.753599166870117,81900
2025-04-03 00:00:00+00:00,19.501835623921334,20.005359147208193,19.42437060856271,19.985992431640625,317400
2025-04-04 00:00:00+00:00,19.714866216904937,20.024726284870866,19.54056946694618,19.85042953491211,108400
2025-04-07 00:00:00+00:00,19.453422224824926,20.12155918960481,19.35562270443707,19.821380615234375,210700
2025-04-08 00:00:00+00:00,19.966628664405825,19.995676892447914,19.65676673896675,19.724550247192383,141400
2025-04-09 00:00:00+00:00,19.60835099908083,20.208706262064197,19.453420966100285,20.07314109802246,81500
2025-04-10 00:00:00+00:00,19.898845017974256,19.995676753569445,19.569618225097656,19.569618225097656,49400
2025-04-11 00:00:00+00:00,19.53088687850511,19.65483127995742,18.862749926308155,19.046730041503906,206300
2025-04-14 00:00:00+00:00,19.114511027971066,19.269441062585713,19.075779442773253,19.172609329223633,44100
2025-04-15 00:00:00+00:00,19.221026835848555,19.269441780878477,19.075780153847035,19.124195098876953,38600
2025-04-16 00:00:00+00:00,19.124196506410065,19.2403949687105,19.075781557816825,19.104829788208008,60500
2025-04-17 00:00:00+00:00,19.211342761333142,19.247171001343272,19.10482766994369,19.172609329223633,59700
2025-04-21 00:00:00+00:00,19.133878168002838,19.211343187026664,18.998314846439072,19.037046432495117,25600
2025-04-22 00:00:00+00:00,19.133879458227383,19.221027841369697,19.10482938154266,19.16292953491211,18400
2025-04-23 00:00:00+00:00,19.42437309463779,19.463106530730318,19.279126403114585,19.32754135131836,23800
2025-04-24 00:00:00+00:00,19.375958332756184,19.65676835947977,19.37402092216817,19.63740348815918,30900
2025-04-25 00:00:00+00:00,19.66645171859602,19.743916744614104,19.511521666559855,19.63740348815918,16400
2025-04-28 00:00:00+00:00,19.705183530556486,19.724550247192383,19.510552276262764,19.724550247192383,27600
2025-04-29 00:00:00+00:00,19.714866387246367,19.812665902783937,19.627718011514006,19.705183029174805,10700
2025-04-30 00:00:00+00:00,19.656766371796593,19.68581644620781,19.482471466064453,19.482471466064453,30300
2025-05-01 00:00:00+00:00,19.501838403262717,19.695501892715413,19.395325146284456,19.414690017700195,44500
2025-05-02 00:00:00+00:00,19.559937393512676,19.559937393512676,19.41468886161629,19.44373893737793,40000
2025-05-05 00:00:00+00:00,19.38563898161264,19.53088565422597,19.337222192800436,19.453420639038086,55700
2025-05-06 00:00:00+00:00,19.453422117958326,19.59866880161384,19.414688683963902,19.588985443115234,23900
2025-05-07 00:00:00+00:00,19.58898486689109,19.84074663971372,19.501836489878958,19.79233169555664,44400
2025-05-08 00:00:00+00:00,19.831062950158046,19.850429666261988,19.61803461374979,19.627717971801758,34700
2025-05-09 00:00:00+00:00,19.68581771850586,19.80395174035441,19.608352695314423,19.68581771850586,15500
2025-05-12 00:00:00+00:00,19.80201599513269,19.947262681420508,19.724550972651734,19.831064224243164,52600
2025-05-13 00:00:00+00:00,19.85043043994313,19.879480515231283,19.717772307975277,19.811697006225586,53700
2025-05-14 00:00:00+00:00,19.802014259234564,19.80685501469135,18.020317051449133,19.230709075927734,100000
2025-05-15 00:00:00+00:00,19.20165900245205,19.49215234956225,19.182292286801594,19.230709075927734,82600
2025-05-16 00:00:00+00:00,19.28881004239428,19.434056736027845,19.191978297667934,19.414690017700195,40800
2025-05-19 00:00:00+00:00,19.221025882107504,19.543474497483444,19.19391321873019,19.540569305419922,22500
2025-05-20 00:00:00+00:00,19.540569475743073,19.647084566746198,19.34690600972134,19.395322799682617,51800
2025-05-21 00:00:00+00:00,19.346907525914535,19.356590884665664,19.066097509779144,19.075780868530273,56400
2025-05-22 00:00:00+00:00,19.007997036830623,19.129036248811467,18.86275035183597,18.91116714477539,67400
2025-05-23 00:00:00+00:00,18.853066779833924,18.97894859313965,18.80465183435436,18.97894859313965,32000
2025-05-27 00:00:00+00:00,19.056412686734042,19.143561061885887,19.03704597071992,19.095144271850586,42100
2025-05-28 00:00:00+00:00,19.095145895378852,19.172610919109953,18.988632642068495,19.007997512817383,31500
2025-05-29 00:00:00+00:00,19.00799678499855,19.0660969357561,18.862750101928235,18.9014835357666,58400
2025-05-30 00:00:00+00:00,18.949719332557326,19.240117703926327,18.910342391139743,19.156442642211914,219000
2025-06-02 00:00:00+00:00,19.136756385897723,19.136756385897723,18.930031195008947,19.05800437927246,19100
2025-06-03 00:00:00+00:00,19.13675539834972,19.215507400911,19.038314925749155,19.126911163330078,47100
2025-06-04 00:00:00+00:00,19.176130975179216,19.27063413182588,19.09737897050563,19.205663681030273,39300
2025-06-05 00:00:00+00:00,19.274572132192347,19.31394907471991,19.205664360365066,19.235197067260742,57600
2025-06-06 00:00:00+00:00,19.27457076654804,19.27457076654804,19.117066762789197,19.176130294799805,20300
2025-06-09 00:00:00+00:00,19.176130703650152,19.23519611451591,19.13675564066885,19.16628646850586,59300
2025-06-10 00:00:00+00:00,19.205663377632497,19.31394808644653,19.166286437119805,19.30410385131836,39600
2025-06-11 00:00:00+00:00,19.30410415627123,19.451763930334717,18.989096137576887,19.205663681030273,42900
2025-06-12 00:00:00+00:00,19.274570630346563,19.29425910007625,19.18597439415879,19.225351333618164,37500
2025-06-13 00:00:00+00:00,19.14660019771259,19.215507967285276,19.053080901067457,19.09541130065918,49300
2025-06-16 00:00:00+00:00,19.166286225812797,19.22535163593064,19.107222693290797,19.126911163330078,48200
2025-06-17 00:00:00+00:00,19.14660004272647,19.215507811741368,19.077690396115685,19.117067337036133,18800
2025-06-18 00:00:00+00:00,19.166285816456377,19.195818520884536,19.11805038020745,19.136754989624023,31500
2025-06-20 00:00:00+00:00,19.146600146924058,19.294259920987546,19.13675591164037,19.205663681030273,24200
2025-06-23 00:00:00+00:00,19.225351984501504,19.304103988490624,19.18892850202803,19.2548828125,24300
2025-06-24 00:00:00+00:00,19.3237903832115,19.48129626717109,19.221412591315485,19.441919326782227,27300
2025-06-25 00:00:00+00:00,19.500982508300872,19.500982508300872,19.28441497285293,19.313947677612305,22300
2025-06-26 00:00:00+00:00,19.353322409636128,19.471451349063184,19.33363394013232,19.412385940551758,26500
2025-06-27 00:00:00+00:00,19.412386788080013,19.546266884474367,19.3927001953125,19.3927001953125,42800
2025-06-30 00:00:00+00:00,19.392699983467335,19.461607751390577,19.21550750732422,19.21550750732422,216000
2025-07-01 00:00:00+00:00,19.254883237638598,19.48129689700281,19.254883237638598,19.427154541015625,25200
2025-07-02 00:00:00+00:00,19.422231470905285,19.609268188476562,19.343479465232527,19.609268188476562,29300
2025-07-03 00:00:00+00:00,19.648642267788507,19.69786344236463,19.599422970808213,19.67817497253418,9600
2025-07-07 00:00:00+00:00,19.589579204083503,19.67817544284214,19.530515670776367,19.530515670776367,43100
2025-07-08 00:00:00+00:00,19.589579885890277,19.658487656746217,19.471452815164646,19.560049057006836,21900
2025-07-09 00:00:00+00:00,19.628955841064453,19.74708290585153,19.599423136069763,19.628955841064453,22400
2025-07-10 00:00:00+00:00,19.638799775321043,19.83567883948318,19.589578601083648,19.72739601135254,41900
2025-07-11 00:00:00+00:00,19.786459377587526,19.835678673818034,19.67817467276545,19.776615142822266,43300
2025-07-14 00:00:00+00:00,19.776616127958192,19.806148833725093,19.574813999207432,19.70770835876465,38200
2025-07-15 00:00:00+00:00,19.786459324306946,19.786459324306946,19.540359088625504,19.550203323364258,44000
2025-07-16 00:00:00+00:00,19.56989062785431,19.609267568243173,19.373011558697577,19.441919326782227,41200
2025-07-17 00:00:00+00:00,19.43207451849383,19.550203458580093,19.422230283686993,19.5009822845459,38400
2025-07-18 00:00:00+00:00,19.520671435625868,19.5698907337825,19.461607902318732,19.530515670776367,15200
2025-07-21 00:00:00+00:00,19.599423272379482,19.697863745450572,19.500982799308392,19.579734802246094,31500
2025-07-22 00:00:00+00:00,19.589579885890277,19.609268356876527,19.506890560863148,19.560049057006836,19800
2025-07-23 00:00:00+00:00,19.54035973957517,19.6486425701171,19.54035973957517,19.579734802246094,25200
2025-07-24 00:00:00+00:00,19.560048889029556,19.61911242388515,19.540360418212387,19.609268188476562,14900
2025-07-25 00:00:00+00:00,19.6191117121399,19.786459952822923,19.609267477088448,19.717552185058594,31300
2025-07-28 00:00:00+00:00,19.717552078452684,19.717552078452684,19.599423136069763,19.628955841064453,21200
2025-07-29 00:00:00+00:00,19.678175529073094,20.071935548839253,19.668331293879454,19.983339309692383,30400
2025-07-30 00:00:00+00:00,19.993183135986328,20.022715840963244,19.86028877998397,19.993183135986328,30000
2025-07-31 00:00:00+00:00,19.943965029638466,20.012872801103807,19.697864772921697,19.737239837646484,64500
2025-08-01 00:00:00+00:00,19.74708273934492,19.74708273934492,19.628955675553886,19.67817497253418,29300
2025-08-04 00:00:00+00:00,19.756927761528814,19.87997788647864,19.70770846258724,19.79630470275879,25600
2025-08-05 00:00:00+00:00,19.835680315852382,19.835680315852382,19.712630187493996,19.737239837646484,34900
2025-08-06 00:00:00+00:00,19.73723959671484,19.796305009474942,19.638800997306532,19.697864532470703,24500
2025-08-07 00:00:00+00:00,19.697864671299335,19.760865525572353,19.550204893550248,19.648643493652344,32100
2025-08-08 00:00:00+00:00,19.678175244852778,19.717552185058594,19.599423242036995,19.717552185058594,39000
2025-08-11 00:00:00+00:00,19.70770805560657,19.806148529052734,19.678175350293962,19.806148529052734,23500
2025-08-12 00:00:00+00:00,19.806149281382986,19.92427635192871,19.806149281382986,19.92427635192871,23700
2025-08-13 00:00:00+00:00,19.953809094257704,20.15068817138672,19.92919944431607,20.15068817138672,441100
2025-08-14 00:00:00+00:00,20.11131235192481,20.11131235192481,19.983339172879532,20.032560348510742,26800
2025-08-15 00:00:00+00:00,20.081780298284034,20.081780298284034,19.973497463572876,20.062091827392578,55400
2025-08-18 00:00:00+00:00,20.06209076705973,20.071935001985164,19.971526809899046,20.042404174804688,26800
2025-08-19 00:00:00+00:00,20.06209087395362,20.1999082860482,20.027636990328933,20.131000518798828,43300
2025-08-20 00:00:00+00:00,20.19990958634301,20.19990958634301,19.904588150783685,19.963653564453125,107100
2025-08-21 00:00:00+00:00,19.934119087761232,20.00302685332829,19.875055556931724,19.914430618286133,24300
2025-08-22 00:00:00+00:00,19.953808149773778,20.242236913525428,19.93411967971402,20.21959686279297,46400
2025-08-25 00:00:00+00:00,20.219597732367,20.3741482860315,20.081780313617497,20.24420738220215,29700
2025-08-26 00:00:00+00:00,20.22943883890321,20.22943883890321,20.062090601741467,20.091623306274414,65900
2025-08-27 00:00:00+00:00,20.101468630832958,20.160532165504915,20.032560860783025,20.111312866210938,33500
2025-08-28 00:00:00+00:00,20.131000518798828,20.16053134613665,20.081779343909393,20.131000518798828,27400
2025-08-29 00:00:00+00:00,20.15999984741211,20.360000610351562,20.1299991607666,20.360000610351562,115000
2025-09-02 00:00:00+00:00,20.270000457763672,20.31999969482422,20.100000381469727,20.31999969482422,28300
2025-09-03 00:00:00+00:00,20.34000015258789,20.489999771118164,20.290000915527344,20.459999084472656,29200
2025-09-04 00:00:00+00:00,20.479999542236328,20.540000915527344,20.43000030517578,20.530000686645508,23900
2025-09-05 00:00:00+00:00,20.649999618530273,20.8700008392334,20.600000381469727,20.829999923706055,35600
2025-09-08 00:00:00+00:00,20.829999923706055,20.969999313354492,20.829999923706055,20.860000610351562,40600
2025-09-09 00:00:00+00:00,20.850000381469727,20.8700008392334,20.579999923706055,20.65999984741211,79800
2025-09-10 00:00:00+00:00,20.729999542236328,20.780000686645508,20.670000076293945,20.739999771118164,31500
2025-09-11 00:00:00+00:00,20.780000686645508,21.059999465942383,20.774999618530273,21.030000686645508,36700
2025-09-12 00:00:00+00:00,21.139999389648438,21.239999771118164,20.96500015258789,21.200000762939453,32100
2025-09-15 00:00:00+00:00,21.25,21.30699920654297,21.149999618530273,21.270000457763672,25400
2025-09-16 00:00:00+00:00,21.25,21.329999923706055,21.25,21.299999237060547,32800
2025-09-17 00:00:00+00:00,21.350000381469727,21.389999389648438,21.209999084472656,21.260000228881836,27200
2025-09-18 00:00:00+00:00,21.209999084472656,21.260000228881836,21.05699920654297,21.139999389648438,30100
2025-09-19 00:00:00+00:00,21.200000762939453,21.200000762939453,21.010000228881836,21.1200008392334,20700
2025-09-22 00:00:00+00:00,21.1200008392334,21.149999618530273,20.985000610351562,21.049999237060547,26500
2025-09-23 00:00:00+00:00,21.010000228881836,21.09000015258789,20.889999389648438,21.020000457763672,16500
2025-09-24 00:00:00+00:00,21.020000457763672,21.100000381469727,20.95599937438965,21.0,18200
2025-09-25 00:00:00+00:00,20.979999542236328,21.0,20.80500030517578,20.84000015258789,16200
2025-09-26 00:00:00+00:00,20.84000015258789,20.93899917602539,20.809999465942383,20.93000030517578,23600
