"('date', '')","('open', 'AGD')","('high', 'AGD')","('low', 'AGD')","('close', 'AGD')","('volume', 'AGD')"
2024-01-02 00:00:00+00:00,7.643370151519775,7.67628021780016,7.6269155106985185,7.643370151519775,49500
2024-01-03 00:00:00+00:00,7.635141565047213,7.635141565047213,7.552866801080468,7.602231502532959,100900
2024-01-04 00:00:00+00:00,7.569319831130994,7.63513994216919,7.569319831130994,7.6351399421691895,38300
2024-01-05 00:00:00+00:00,7.569321440018704,7.651596988623233,7.569321440018704,7.602231502532959,45400
2024-01-08 00:00:00+00:00,7.63514016126433,7.709187984466553,7.626913235626691,7.709187984466553,50200
2024-01-09 00:00:00+00:00,7.692735082124523,7.692735082124523,7.651597306115305,7.684507369995117,32400
2024-01-10 00:00:00+00:00,7.692735082124523,7.725645146004334,7.659825018244712,7.684507369995117,68800
2024-01-11 00:00:00+00:00,7.700959867040408,7.7091875768806855,7.635139757593382,7.6680498123168945,44300
2024-01-12 00:00:00+00:00,7.692735446706165,7.7174177996263404,7.659825381266648,7.6762800216674805,37000
2024-01-16 00:00:00+00:00,7.659826478693376,7.668053407753542,7.618688694840688,7.626916408538818,73200
2024-01-17 00:00:00+00:00,7.577548712265346,7.577548712265346,7.478818530449499,7.487046241760254,133800
2024-01-18 00:00:00+00:00,7.544638502915191,7.635140971635999,7.536410791766648,7.594003200531006,116100
2024-01-19 00:00:00+00:00,7.610457897186279,7.618685607550327,7.569320130003689,7.610457897186279,49500
2024-01-22 00:00:00+00:00,7.610457897186279,7.668050300459318,7.585775550731784,7.610457897186279,78800
2024-01-23 00:00:00+00:00,7.639457609673385,7.664314625041866,7.5814568535599,7.606314659118652,87400
2024-01-24 00:00:00+00:00,7.680888800117741,7.689173947599736,7.606316941446227,7.614602088928223,109200
2024-01-25 00:00:00+00:00,7.622886657714844,7.647743676078127,7.606315575536111,7.622886657714844,92800
2024-01-26 00:00:00+00:00,7.639459508553777,7.656030592854951,7.622887634062135,7.647744655609131,106800
2024-01-29 00:00:00+00:00,7.647744512942877,7.714031219482422,7.647744512942877,7.714031219482422,81600
2024-01-30 00:00:00+00:00,7.70574327807577,7.730600292693591,7.680886263457951,7.722314357757568,70200
2024-01-31 00:00:00+00:00,7.755458540047626,7.755458540047626,7.622886720759861,7.6311726570129395,92900
2024-02-01 00:00:00+00:00,7.6394573789680855,7.738886227629614,7.631171444032063,7.722314357757568,102100
2024-02-02 00:00:00+00:00,7.714031968224967,7.714031968224967,7.656031193146977,7.6643171310424805,92000
2024-02-05 00:00:00+00:00,7.656028689855615,7.656028689855615,7.598028723932401,7.606314659118652,66600
2024-02-06 00:00:00+00:00,7.622888785304081,7.705746589894905,7.622888785304081,7.697460651397705,31100
2024-02-07 00:00:00+00:00,7.71403085387438,7.788601913589957,7.71403085387438,7.772030830383301,45100
2024-02-08 00:00:00+00:00,7.788604259490967,7.788604259490967,7.75546129290469,7.788604259490967,37500
2024-02-09 00:00:00+00:00,7.788602476144502,7.805174350738526,7.780317329037962,7.805174350738525,47100
2024-02-12 00:00:00+00:00,7.813461262163294,7.863175311762421,7.813461262163294,7.8300323486328125,107300
2024-02-13 00:00:00+00:00,7.755459741863087,7.780317554474384,7.6891738219472865,7.705745697021484,95300
2024-02-14 00:00:00+00:00,7.763745907794004,7.796888868726904,7.763745907794004,7.780317783355713,88000
2024-02-15 00:00:00+00:00,7.788603447173159,7.838318286962857,7.780318299033685,7.8300323486328125,46700
2024-02-16 00:00:00+00:00,7.863174873703327,7.863174873703327,7.805174889005346,7.813460826873779,80200
2024-02-20 00:00:00+00:00,7.854888394139652,7.863174331436665,7.788602476144502,7.805174350738525,87700
2024-02-21 00:00:00+00:00,7.817689429331627,7.8677496910095215,7.801003205892906,7.8677496910095215,47700
2024-02-22 00:00:00+00:00,7.917807223659518,7.959523965591347,7.917807223659518,7.951180458068848,65500
2024-02-23 00:00:00+00:00,7.967870125094729,7.9762136353942354,7.92615336927813,7.934496879577637,55300
2024-02-26 00:00:00+00:00,7.92615255193183,7.92615255193183,7.834376335144043,7.834376335144043,82700
2024-02-27 00:00:00+00:00,7.842718975692806,7.901122745540629,7.842718975692806,7.859405994415283,49300
2024-02-28 00:00:00+00:00,7.842717238302146,7.8510607458150545,7.792657784586038,7.817687511444092,67200
2024-02-29 00:00:00+00:00,7.867750563192432,7.884436788480913,7.826033806449802,7.842720031738281,48700
2024-03-01 00:00:00+00:00,7.8427166546990765,7.92615013225825,7.8427166546990765,7.917806625366211,62200
2024-03-04 00:00:00+00:00,7.93449363915029,7.93449363915029,7.909463118474171,7.917806625366211,31200
2024-03-05 00:00:00+00:00,7.9094647188955,7.9428387532166465,7.842718241614754,7.876091480255127,54700
2024-03-06 00:00:00+00:00,7.942838668823242,7.967868398617386,7.917808143348335,7.942838668823242,33100
2024-03-07 00:00:00+00:00,7.9928991280991015,8.009586147169452,7.96786939517444,8.001242637634277,31600
2024-03-08 00:00:00+00:00,8.026269854660633,8.026269854660633,7.942837172504113,7.967866897583008,51500
2024-03-11 00:00:00+00:00,7.926150731182019,7.951180458068848,7.90112100429519,7.951180458068848,28700
2024-03-12 00:00:00+00:00,7.9928980351043,8.051301002502441,7.951181288813876,8.051301002502441,55500
2024-03-13 00:00:00+00:00,8.0846744291831,8.109704954950292,8.042958477599324,8.05964469909668,70800
2024-03-14 00:00:00+00:00,8.084676121361134,8.093019631696553,7.984556384378937,7.9928998947143555,61700
2024-03-15 00:00:00+00:00,8.001243218401688,8.009586728542475,7.976213483660253,7.984556198120117,29300
2024-03-18 00:00:00+00:00,7.992898363081,8.05130133287562,7.992898363081,8.0095853805542,30500
2024-03-19 00:00:00+00:00,8.009586735573507,8.034616470336914,7.976213490661988,8.034616470336914,30900
2024-03-20 00:00:00+00:00,8.047212508839426,8.106012344360352,8.022012693771554,8.106012344360352,21100
2024-03-21 00:00:00+00:00,8.114412549745534,8.164812980968955,8.106012344360352,8.106012344360352,28300
2024-03-22 00:00:00+00:00,8.131212960515901,8.139612364813406,8.089212734677663,8.106012344360352,24800
2024-03-25 00:00:00+00:00,8.122816202640019,8.131216411590444,8.047215924262238,8.064016342163086,35900
2024-03-26 00:00:00+00:00,8.064015812499667,8.089215636607738,8.022015571594238,8.022015571594238,74100
2024-03-27 00:00:00+00:00,8.047214796453437,8.097615242004395,8.047214796453437,8.097615242004395,39600
2024-03-28 00:00:00+00:00,8.114414748438062,8.156414985656738,8.089214926542013,8.156414985656738,63100
2024-04-01 00:00:00+00:00,8.156416237353698,8.156416237353698,8.055616133212663,8.064016342163086,60200
2024-04-02 00:00:00+00:00,8.030415959925113,8.030415959925113,7.980015509491717,7.988415718078613,57000
2024-04-03 00:00:00+00:00,7.9800153306888095,8.022015571594238,7.963214913891452,8.022015571594238,41900
2024-04-04 00:00:00+00:00,8.022015451735278,8.080815307471555,7.95481538772583,7.95481538772583,29400
2024-04-05 00:00:00+00:00,7.963214452689191,8.022015106986444,7.946414837952775,8.00521469116211,30900
2024-04-08 00:00:00+00:00,8.022015571594238,8.03881518730363,7.988415539087488,8.022015571594238,61500
2024-04-09 00:00:00+00:00,8.064013967335502,8.064013967335502,8.01361352956375,8.047213554382324,51900
2024-04-10 00:00:00+00:00,7.988416392493586,8.005216009997689,7.9296157285090985,7.938015937805176,50500
2024-04-11 00:00:00+00:00,7.9800164150939015,7.988416624634086,7.904416131408394,7.94641637802124,51500
2024-04-12 00:00:00+00:00,7.912815334286858,7.912815334286858,7.770014994622966,7.778415203094482,55800
2024-04-15 00:00:00+00:00,7.828814744990744,7.84561516170468,7.686014407274135,7.6944146156311035,69400
2024-04-16 00:00:00+00:00,7.702815468639533,7.702815468639533,7.660815224427639,7.677615642547607,59000
2024-04-17 00:00:00+00:00,7.736415568115602,7.736415568115602,7.677615706382877,7.702815532684326,54500
2024-04-18 00:00:00+00:00,7.728015358985774,7.728015358985774,7.686015114424671,7.702815532684326,26100
2024-04-19 00:00:00+00:00,7.719613727819668,7.719613727819668,7.652413669336093,7.686013698577881,30100
2024-04-22 00:00:00+00:00,7.724085063323228,7.8340666547358255,7.724085063323228,7.825606346130371,62600
2024-04-23 00:00:00+00:00,7.842526487231216,7.927127147691448,7.834066179139376,7.918666839599609,46100
2024-04-24 00:00:00+00:00,7.944047763875127,7.944047763875127,7.884826414051639,7.918666839599609,40500
2024-04-25 00:00:00+00:00,7.8848278133129694,7.8848278133129694,7.800227137839288,7.867908000946045,40500
2024-04-26 00:00:00+00:00,7.93558763612196,8.00326848875597,7.901747209804955,7.969428062438965,40000
2024-04-29 00:00:00+00:00,7.994807720184326,7.994807720184326,7.952506988018612,7.994807720184326,31400
2024-04-30 00:00:00+00:00,8.020189269960126,8.020189269960126,7.842527615390916,7.876368045806885,75300
2024-05-01 00:00:00+00:00,7.842527878985893,7.935588864052802,7.842527878985893,7.867908000946045,72100
2024-05-02 00:00:00+00:00,7.884826347514589,7.910207271575928,7.850985922252185,7.910207271575928,29100
2024-05-03 00:00:00+00:00,7.952509559886275,7.986349995199083,7.952509559886275,7.977890491485596,50500
2024-05-06 00:00:00+00:00,8.028650006791002,8.028650006791002,7.994809574573045,8.011730194091797,42100
2024-05-07 00:00:00+00:00,8.037108684506238,8.054029300589029,7.9694278338138425,8.028648376464844,43600
2024-05-08 00:00:00+00:00,8.045568203835337,8.054028511047363,8.020187282199261,8.054028511047363,50800
2024-05-09 00:00:00+00:00,8.0878708894899,8.130170822143555,8.070950270972839,8.130170822143555,69100
2024-05-10 00:00:00+00:00,8.14709186553955,8.172471987819241,8.138631555839806,8.14709186553955,60500
2024-05-13 00:00:00+00:00,8.155551235816768,8.206311474529175,8.155551235816768,8.172471046447754,46800
2024-05-14 00:00:00+00:00,8.189392631798995,8.206312444429727,8.180932322073858,8.19785213470459,48400
2024-05-15 00:00:00+00:00,8.257073414880656,8.307833659093953,8.240152795596533,8.282453536987305,83100
2024-05-16 00:00:00+00:00,8.30783200980848,8.30783200980848,8.248611467709688,8.273991584777832,46600
2024-05-17 00:00:00+00:00,8.257070990390172,8.316291526856844,8.248610683232277,8.299371719360352,53900
2024-05-20 00:00:00+00:00,8.333214321887986,8.333214321887986,8.273992963104405,8.290913581848145,38700
2024-05-21 00:00:00+00:00,8.282451812017097,8.333212852478027,8.257071695196316,8.333212852478027,77300
2024-05-22 00:00:00+00:00,8.328957144716853,8.354506678480142,8.303408423132778,8.311924934387207,68900
2024-05-23 00:00:00+00:00,8.354505684142005,8.354505684142005,8.218243956826397,8.243793487548828,41600
2024-05-24 00:00:00+00:00,8.260824006637407,8.286372719956391,8.243791801817734,8.269340515136719,32000
2024-05-28 00:00:00+00:00,8.294889401970952,8.294889401970952,8.192693734378294,8.22675895690918,27900
2024-05-29 00:00:00+00:00,8.167145122414711,8.175661631198423,8.064949453547102,8.081981658935547,75100
2024-05-30 00:00:00+00:00,8.064949453547102,8.107531185286684,8.047916435979678,8.081981658935547,96300
2024-05-31 00:00:00+00:00,8.150111930789613,8.150111930789613,8.09901450353656,8.124563217163086,71600
2024-06-03 00:00:00+00:00,8.133080917614908,8.226760089426218,8.133080917614908,8.184178352355957,93600
2024-06-04 00:00:00+00:00,8.192695601387662,8.192695601387662,8.10753293174246,8.15863037109375,64400
2024-06-05 00:00:00+00:00,8.175662516579752,8.31192342315957,8.158629497167741,8.294890403747559,67900
2024-06-06 00:00:00+00:00,8.31192342315957,8.31192342315957,8.252308667396598,8.294890403747559,45600
2024-06-07 00:00:00+00:00,8.260825157165527,8.31192340309917,8.235276440288239,8.260825157165527,108600
2024-06-10 00:00:00+00:00,8.24379294997369,8.286373874042816,8.226759930602787,8.260825157165527,31600
2024-06-11 00:00:00+00:00,8.218244567877361,8.252309799194336,8.218244567877361,8.252309799194336,19900
2024-06-12 00:00:00+00:00,8.328953156388607,8.371534880091236,8.320437461391142,8.35450267791748,45500
2024-06-13 00:00:00+00:00,8.328955035602894,8.371536768912996,8.277857605373981,8.320439338684082,27300
2024-06-14 00:00:00+00:00,8.269341666850979,8.27785817653643,8.201211213725498,8.260825157165527,26200
2024-06-17 00:00:00+00:00,8.226759930602787,8.294890383728267,8.192694704040047,8.260825157165527,63000
2024-06-18 00:00:00+00:00,8.27785934706582,8.294891556666094,8.243794115686091,8.286375045776367,47600
2024-06-20 00:00:00+00:00,8.260824179440066,8.31192241932588,8.22675895690918,8.22675895690918,76100
2024-06-21 00:00:00+00:00,8.239619152992502,8.282489344870813,8.239619152992502,8.265341758728027,52200
2024-06-24 00:00:00+00:00,8.265342754072421,8.376804939306375,8.265342754072421,8.299638748168945,70200
2024-06-25 00:00:00+00:00,8.325361290407063,8.359657287597656,8.316787086689146,8.359657287597656,59400
2024-06-26 00:00:00+00:00,8.308212174973791,8.35108237222905,8.29963878966754,8.333934783935547,55900
2024-06-27 00:00:00+00:00,8.325360580948296,8.3596565752163,8.291064586680289,8.333934783935547,33200
2024-06-28 00:00:00+00:00,8.376807886686313,8.385381274966242,8.325363468600308,8.368233680725098,68100
2024-07-01 00:00:00+00:00,8.368230253042862,8.376804455492028,8.325360058477987,8.351081848144531,86500
2024-07-02 00:00:00+00:00,8.333935532425164,8.393953323364258,8.316787124910523,8.393953323364258,46200
2024-07-03 00:00:00+00:00,8.393950795690706,8.436820983886719,8.3768032110208,8.436820983886719,23700
2024-07-05 00:00:00+00:00,8.46254275224513,8.479691154560431,7.802344799041748,7.802344799041748,116400
2024-07-08 00:00:00+00:00,8.3253625530154,8.402528762817383,8.3253625530154,8.402528762817383,89600
2024-07-09 00:00:00+00:00,8.393950561744933,8.462542533874512,8.393950561744933,8.462542533874512,72600
2024-07-10 00:00:00+00:00,8.548285630432316,8.574007423752875,8.496841226110128,8.556859016418457,124300
2024-07-11 00:00:00+00:00,8.565432790565879,8.61687719230835,8.539710998535156,8.539710998535156,117100
2024-07-12 00:00:00+00:00,8.539712303952335,8.668322101446819,8.539712303952335,8.616878509521484,60600
2024-07-15 00:00:00+00:00,8.651174019055512,8.676895813558401,8.63402561093285,8.66832160949707,72100
2024-07-16 00:00:00+00:00,8.668320977866419,8.719765380804722,8.651173388674346,8.711191177368164,55300
2024-07-17 00:00:00+00:00,8.668320425150673,8.668320425150673,8.496840455758765,8.591155052185059,102900
2024-07-18 00:00:00+00:00,8.591155400277627,8.65117318757632,8.531136795297908,8.539710998535156,75200
2024-07-19 00:00:00+00:00,8.539711280793318,8.55685887015356,8.496841080871134,8.548285484313965,58400
2024-07-22 00:00:00+00:00,8.582581839909608,8.685469833420239,8.582581839909608,8.625452041625977,92900
2024-07-23 00:00:00+00:00,8.634022997020798,8.651171399951858,8.591153625054865,8.642597198486328,132900
2024-07-24 00:00:00+00:00,8.629656026488695,8.629656026488695,8.422544479370117,8.422544479370117,31900
2024-07-25 00:00:00+00:00,8.422542677638287,8.474320141847743,8.388024093835996,8.405282974243164,40900
2024-07-26 00:00:00+00:00,8.431171848977737,8.500209011011325,8.422541997976566,8.474319458007812,98800
2024-07-29 00:00:00+00:00,8.47431906874334,8.52609734938406,8.431171461695232,8.517467498779297,88800
2024-07-30 00:00:00+00:00,8.543357689544072,8.569247245788574,8.50021007511255,8.569247245788574,38200
2024-07-31 00:00:00+00:00,8.595136244475537,8.690062151339527,8.595136244475537,8.638284683227539,68500
2024-08-01 00:00:00+00:00,8.664171719768547,8.664171719768547,8.508837699890137,8.508837699890137,90400
2024-08-02 00:00:00+00:00,8.422541051068348,8.491578205340401,8.32761434670343,8.379392623901367,88200
2024-08-05 00:00:00+00:00,8.172282666005334,8.21543110111807,8.094615647399998,8.120504379272461,36300
2024-08-06 00:00:00+00:00,8.103244387664182,8.26720743101959,8.103244387664182,8.241318702697754,54400
2024-08-07 00:00:00+00:00,8.318987235905112,8.370764702041983,8.275838798799064,8.284468650817871,86900
2024-08-08 00:00:00+00:00,8.310355469629314,8.422541051068348,8.310355469629314,8.379392623901367,47100
2024-08-09 00:00:00+00:00,8.534727096557617,8.603764254583359,8.474318966044214,8.534727096557617,219400
2024-08-12 00:00:00+00:00,8.595136244475537,8.690062151339527,8.595136244475537,8.638284683227539,70800
2024-08-13 00:00:00+00:00,8.672803824772943,8.690062707585666,8.646915089059826,8.68143367767334,70500
2024-08-14 00:00:00+00:00,8.681431432520558,8.750468591893505,8.681431432520558,8.715950012207031,54500
2024-08-15 00:00:00+00:00,8.75909861217956,8.810876899070857,8.741839731874428,8.802247047424316,42100
2024-08-16 00:00:00+00:00,8.810878114653681,8.888545144211896,8.810878114653681,8.871285438537598,63900
2024-08-19 00:00:00+00:00,8.888543794043875,8.931692228687318,8.879913942517598,8.914432525634766,74200
2024-08-20 00:00:00+00:00,8.905801337479492,8.992098193814497,8.854023882068741,8.862653732299805,97700
2024-08-21 00:00:00+00:00,8.871284090991322,8.940321257225657,8.862655062452985,8.914432525634766,89900
2024-08-22 00:00:00+00:00,8.948952413728403,8.948952413728403,8.845396649275935,8.879915237426758,64900
2024-08-23 00:00:00+00:00,8.923528538595974,8.975866317749023,8.871191591323704,8.975866317749023,128400
2024-08-26 00:00:00+00:00,8.975865491928063,8.975865491928063,8.897359246361816,8.923527717590332,66400
2024-08-27 00:00:00+00:00,8.888637699135499,8.923529277499767,8.845023850090799,8.897360801696777,56800
2024-08-28 00:00:00+00:00,8.914806849947952,8.932252222882681,8.8624690673821,8.88863754272461,32200
2024-08-29 00:00:00+00:00,8.923528538595974,8.984589419587994,8.862468489484733,8.975866317749023,50900
2024-08-30 00:00:00+00:00,9.054371926789027,9.054371926789027,8.975865679581494,8.993311882019043,56100
2024-09-03 00:00:00+00:00,8.993312813209922,9.028204389817066,8.888637251507687,8.932251930236816,89300
2024-09-04 00:00:00+00:00,8.897360610293177,8.932252187906842,8.871192135053134,8.879915237426758,23200
2024-09-05 00:00:00+00:00,8.879913384951456,8.923527223959454,8.757792472839355,8.757792472839355,60800
2024-09-06 00:00:00+00:00,8.827575095486827,8.862466663774104,8.714177290583029,8.722900390625,123300
2024-09-09 00:00:00+00:00,8.749070195258039,8.810131072998047,8.749070195258039,8.810131072998047,49000
2024-09-10 00:00:00+00:00,8.818854748194752,8.871192532902878,8.73162621618903,8.775240898132324,40000
2024-09-11 00:00:00+00:00,8.766515642993253,8.82757568359375,8.688009401146523,8.82757568359375,65200
2024-09-12 00:00:00+00:00,8.810132271726532,8.923529277499767,8.810132271726532,8.897360801696777,33600
2024-09-13 00:00:00+00:00,8.96714350684396,9.01948128769508,8.92352882811483,8.932251930236816,40500
2024-09-16 00:00:00+00:00,8.949698639104357,9.010758693639492,8.940975536490521,8.967144012451172,64100
2024-09-17 00:00:00+00:00,8.984588910376837,9.010757382529846,8.940974235534668,8.940974235534668,77600
2024-09-18 00:00:00+00:00,8.949697494506836,9.010757541232861,8.949697494506836,8.949697494506836,49600
2024-09-19 00:00:00+00:00,9.010757760811826,9.106709383988173,9.010757760811826,9.028203964233398,81400
2024-09-20 00:00:00+00:00,9.02820489886716,9.036927169600142,8.949698639104357,8.967144012451172,45200
2024-09-23 00:00:00+00:00,9.028863685831968,9.081767555160155,8.984777268204892,9.02004623413086,66300
2024-09-24 00:00:00+00:00,9.099400520324707,9.10821797096246,9.064131558652068,9.099400520324707,82300
2024-09-25 00:00:00+00:00,9.117036819458008,9.152305786538216,9.072950400388121,9.117036819458008,93100
2024-09-26 00:00:00+00:00,9.178758107472886,9.222844530413315,9.178758107472886,9.196393013000488,40900
2024-09-27 00:00:00+00:00,9.25811104511223,9.390369437976776,9.214024633864597,9.302197456359863,121500
2024-09-30 00:00:00+00:00,9.311017178092476,9.372737664368099,9.258113303514397,9.363920211791992,109500
2024-10-01 00:00:00+00:00,9.337467849751555,9.337467849751555,9.222843499273196,9.240477561950684,88700
2024-10-02 00:00:00+00:00,9.187573984560153,9.222842948688125,9.187573984560153,9.214025497436523,58000
2024-10-03 00:00:00+00:00,9.187574899070553,9.187574899070553,9.134671027173447,9.169939994812012,94100
2024-10-04 00:00:00+00:00,9.187574715353938,9.222843682287257,9.187574715353938,9.205208778381348,66800
2024-10-07 00:00:00+00:00,9.266928807665273,9.27574625838746,9.152304470912002,9.187573432922363,110300
2024-10-08 00:00:00+00:00,9.205208227263896,9.205208227263896,9.125853687073773,9.178756713867188,83500
2024-10-09 00:00:00+00:00,9.205208046184923,9.214025497436523,9.178756533308553,9.214025497436523,73300
2024-10-10 00:00:00+00:00,9.222841485693962,9.266927894080228,9.214024035841048,9.231658935546875,45200
2024-10-11 00:00:00+00:00,9.258111443909991,9.27574634552002,9.240476542299964,9.27574634552002,76100
2024-10-14 00:00:00+00:00,9.284564820364157,9.372737664368099,9.284564820364157,9.363920211791992,84400
2024-10-15 00:00:00+00:00,9.363919110239786,9.390370623977843,9.293381179685992,9.311016082763672,220300
2024-10-16 00:00:00+00:00,9.31983269342405,9.363919110239786,9.293381179685992,9.311016082763672,76900
2024-10-17 00:00:00+00:00,9.355100477154341,9.36391792757954,9.293380005934667,9.302197456359863,65900
2024-10-18 00:00:00+00:00,9.355102759215885,9.381555116944204,9.311017178092476,9.363920211791992,70200
2024-10-21 00:00:00+00:00,9.355102759215885,9.416824086370069,9.355102759215885,9.363920211791992,247900
2024-10-22 00:00:00+00:00,9.3374662399292,9.40800416023505,9.31101473003409,9.3374662399292,118300
2024-10-23 00:00:00+00:00,9.363919364207026,9.37273681598501,9.214026047495212,9.240477561950684,94600
2024-10-24 00:00:00+00:00,9.27615531226202,9.392107359992595,9.240477824546335,9.258316993713379,89700
2024-10-25 00:00:00+00:00,9.31183253535429,9.338591288344425,9.18696175720717,9.240477561950684,81600
2024-10-28 00:00:00+00:00,9.28507556352479,9.28507556352479,9.204800997746093,9.231559753417969,52700
2024-10-29 00:00:00+00:00,9.222638790950153,9.231558374842123,9.14236423715909,9.195880889892578,90600
2024-10-30 00:00:00+00:00,9.16912158024023,9.27615402857553,9.106686198032543,9.151283264160156,95300
2024-10-31 00:00:00+00:00,9.151285023117387,9.178042927689743,9.026413384082302,9.062090873718262,132400
2024-11-01 00:00:00+00:00,9.062089893789803,9.124525281246674,8.981815338134766,8.981815338134766,90000
2024-11-04 00:00:00+00:00,9.026412142237763,9.062089626965252,8.98181507367382,9.035331726074219,69500
2024-11-05 00:00:00+00:00,9.053170888379379,9.133445449165656,9.053170888379379,9.106687545776367,110100
2024-11-06 00:00:00+00:00,9.258316971627595,9.276155290133682,9.142364924173624,9.1780424118042,130300
2024-11-07 00:00:00+00:00,9.249398073247422,9.28507556352479,9.195882263140598,9.231559753417969,152100
2024-11-08 00:00:00+00:00,9.240477401594456,9.249396985769714,9.195881181954896,9.222639083862305,67900
2024-11-11 00:00:00+00:00,9.276156137017592,9.293995307770741,9.222640325995103,9.249398231506348,64500
2024-11-12 00:00:00+00:00,9.276156505393692,9.276156505393692,9.10668862960124,9.115608215332031,106000
2024-11-13 00:00:00+00:00,9.124525864496423,9.186962106562644,9.062090473048613,9.106687545776367,140300
2024-11-14 00:00:00+00:00,9.106687948417823,9.115607533481427,9.044252554209507,9.062090873718262,57800
2024-11-15 00:00:00+00:00,9.062089893789803,9.062089893789803,8.981815338134766,8.981815338134766,60300
2024-11-18 00:00:00+00:00,8.981815601176855,9.124525548468178,8.981815601176855,8.999654769897461,102900
2024-11-19 00:00:00+00:00,9.017492690055526,9.097767244518955,8.999654372740512,9.044251441955566,64200
2024-11-20 00:00:00+00:00,9.044251015671273,9.071008915691783,8.99965394855822,9.008573532104492,90400
2024-11-21 00:00:00+00:00,9.053706169128418,9.080786668529395,9.02662653057363,9.053706169128418,91900
2024-11-22 00:00:00+00:00,9.062732982507718,9.14397275884119,9.035653344011957,9.107866287231445,214800
2024-11-25 00:00:00+00:00,9.171052932739258,9.234239046533542,9.134946459021632,9.171052932739258,177700
2024-11-26 00:00:00+00:00,9.189107248095956,9.252293366346532,9.134947103276678,9.18008041381836,167100
2024-11-27 00:00:00+00:00,9.207158393927564,9.225212059224098,9.189105589477172,9.198131561279297,73900
2024-11-29 00:00:00+00:00,9.27034630018099,9.27034630018099,9.19813249252982,9.25229263305664,222500
2024-12-02 00:00:00+00:00,9.26132008072928,9.270346914890018,9.180080294975223,9.23423957824707,130800
2024-12-03 00:00:00+00:00,9.2432664720624,9.2432664720624,9.17105352000303,9.207159996032715,104300
2024-12-04 00:00:00+00:00,9.2432664720624,9.2432664720624,9.162026685784035,9.207159996032715,95900
2024-12-05 00:00:00+00:00,9.207160703877053,9.23424034776962,9.180081059984486,9.189107894897461,94300
2024-12-06 00:00:00+00:00,9.198132549986601,9.243265857233174,9.189106577214275,9.225213050842285,114800
2024-12-09 00:00:00+00:00,9.24326520787022,9.297425344930465,9.20715873677878,9.216185569763184,75200
2024-12-10 00:00:00+00:00,9.207159406456883,9.216186240097848,9.143973292662597,9.171052932739258,108800
2024-12-11 00:00:00+00:00,9.207159406456883,9.225213073738814,9.134946459021632,9.171052932739258,94200
2024-12-12 00:00:00+00:00,9.14397402447167,9.162026832352163,9.053707402530284,9.098840713500977,142000
2024-12-13 00:00:00+00:00,9.11689373358537,9.162026180498705,9.05370675838346,9.089813232421875,100900
2024-12-16 00:00:00+00:00,9.11689281463623,9.13494561941266,9.08981231620235,9.11689281463623,58000
2024-12-17 00:00:00+00:00,9.116892888587143,9.116892888587143,8.999546643626957,9.035653114318848,115300
2024-12-18 00:00:00+00:00,9.008574079017892,9.089813866482777,8.891228675842285,8.891228675842285,151300
2024-12-19 00:00:00+00:00,8.918307463101343,9.089812995094384,8.755827903747559,8.755827903747559,167200
2024-12-20 00:00:00+00:00,8.728748408512965,8.909280776977539,8.63848179385756,8.909280776977539,98300
2024-12-23 00:00:00+00:00,8.918307473590858,9.017600059509277,8.900253806598661,9.017600059509277,129200
2024-12-24 00:00:00+00:00,9.035654009716657,9.080787317765594,8.936360559839743,9.06273365020752,41300
2024-12-26 00:00:00+00:00,9.0717598156217,9.152999591955172,9.0717598156217,9.107866287231445,96200
2024-12-27 00:00:00+00:00,9.116893140217842,9.134945945638972,8.93635992092942,9.053706169128418,140700
2024-12-30 00:00:00+00:00,9.035453037430704,9.07195988498104,8.94418635375082,8.998946189880371,119000
2024-12-31 00:00:00+00:00,9.026328758769324,9.026328758769324,8.944188117980957,8.944188117980957,107900
2025-01-02 00:00:00+00:00,8.989819369512045,9.035452272291755,8.907678751881638,8.962438583374023,115400
2025-01-03 00:00:00+00:00,8.98069355050623,9.026327329316544,8.97156662066578,8.98982048034668,98700
2025-01-06 00:00:00+00:00,9.071959845064244,9.090213703955046,9.035452997674541,9.062833786010742,96900
2025-01-07 00:00:00+00:00,9.11759285510715,9.126719783784973,8.989819335184928,9.026326179504395,128500
2025-01-08 00:00:00+00:00,9.008072660230804,9.090213280630381,8.998945731210439,9.04457950592041,120700
2025-01-10 00:00:00+00:00,9.035453925827339,9.035453925827339,8.862046600511228,8.971567153930664,109600
2025-01-13 00:00:00+00:00,9.026326711519916,9.026326711519916,8.916806172106329,9.008072853088379,240600
2025-01-14 00:00:00+00:00,9.062834587143316,9.117594427872557,9.008073876022097,9.035453796386719,226100
2025-01-15 00:00:00+00:00,9.135846708729767,9.245367241643416,9.081086007077031,9.208860397338867,203200
2025-01-16 00:00:00+00:00,9.263621680440089,9.300128530466171,9.181481920675374,9.254495620727539,175700
2025-01-17 00:00:00+00:00,9.345762450548355,9.382269301121122,9.263621819161632,9.309255599975586,861100
2025-01-21 00:00:00+00:00,9.309255692218864,9.427903175354004,9.309255692218864,9.427903175354004,109600
2025-01-22 00:00:00+00:00,9.427901726217218,9.446155584074713,9.35488803557094,9.382267951965332,120800
2025-01-23 00:00:00+00:00,9.409648895263672,9.464408728963285,9.336634333011082,9.409648895263672,115200
2025-01-24 00:00:00+00:00,9.409648406742898,9.428099120375178,9.308172121100704,9.400423049926758,183600
2025-01-27 00:00:00+00:00,9.29894780047108,9.317398516159333,9.243597412963414,9.289722442626953,149700
2025-01-28 00:00:00+00:00,9.326622032491185,9.36352258028407,9.298946841591137,9.345072746276855,54000
2025-01-29 00:00:00+00:00,9.372748903666997,9.372748903666997,9.26204724887312,9.289722442626953,44100
2025-01-30 00:00:00+00:00,9.298947668172305,9.49267578125,9.28972231045943,9.49267578125,186400
2025-01-31 00:00:00+00:00,9.492674886067306,9.538800790503359,9.31739750494445,9.36352252960205,101800
2025-02-03 00:00:00+00:00,9.28049703497043,9.354298130773982,9.234371130148597,9.308172225952148,121700
2025-02-04 00:00:00+00:00,9.308171201727678,9.418872833251953,9.308171201727678,9.418872833251953,56400
2025-02-05 00:00:00+00:00,9.44654895422901,9.46499966786129,9.363522502440647,9.400423049926758,66900
2025-02-06 00:00:00+00:00,9.428099120375178,9.492674858531261,9.372747859256787,9.400423049926758,104900
2025-02-07 00:00:00+00:00,9.400423049926758,9.492674858531261,9.354298025402956,9.400423049926758,44200
2025-02-10 00:00:00+00:00,9.418873759779672,9.474225020875853,9.391198569120805,9.455774307250977,42700
2025-02-11 00:00:00+00:00,9.455774303500965,9.520350041605527,9.446548946692186,9.511125564575195,96700
2025-02-12 00:00:00+00:00,9.465000640160982,9.511126549201554,9.391199537607482,9.474225997924805,77500
2025-02-13 00:00:00+00:00,9.446548919848583,9.557250561904022,9.446548919848583,9.548026084899902,87000
2025-02-14 00:00:00+00:00,9.56647586494333,9.631051602501612,9.56647586494333,9.621827125549316,66600
2025-02-18 00:00:00+00:00,9.621827539862414,9.67717792307333,9.584926991128976,9.631052017211914,112700
2025-02-19 00:00:00+00:00,9.63105295980382,9.68640422821045,9.584927929206623,9.68640422821045,142100
2025-02-20 00:00:00+00:00,9.686403308883202,9.695628666038498,9.594151496887207,9.594151496887207,91900
2025-02-21 00:00:00+00:00,9.650093403860451,9.668740464283628,9.510236449362324,9.584826469421387,138300
2025-02-24 00:00:00+00:00,9.584828554315441,9.603476507978103,9.482267476720915,9.491591453552246,70800
2025-02-25 00:00:00+00:00,9.519560424165501,9.603474419027743,9.491589388939147,9.584826469421387,100800
2025-02-26 00:00:00+00:00,9.612800630472485,9.66874271394142,9.594152676527251,9.622123718261719,72600
2025-02-27 00:00:00+00:00,9.622121972959587,9.668740960183333,9.491589875752958,9.528884887695312,81000
2025-02-28 00:00:00+00:00,9.55685680760059,9.631446838378906,9.49159075296539,9.631446838378906,90000
2025-03-03 00:00:00+00:00,9.687390002105841,9.724685018249769,9.57550495367406,9.650094985961914,114800
2025-03-04 00:00:00+00:00,9.603475774282416,9.603475774282416,9.472942776166484,9.519561767578125,115000
2025-03-05 00:00:00+00:00,9.52888711587245,9.584829202275527,9.519563138410794,9.566182136535645,75700
2025-03-06 00:00:00+00:00,9.4915901395002,9.528885152478889,9.34241008758545,9.34241008758545,103900
2025-03-07 00:00:00+00:00,9.342410475147755,9.500913619995117,9.333086499220473,9.500913619995117,88200
2025-03-10 00:00:00+00:00,9.45429529007462,9.510237365918789,9.370381287125102,9.472942352294922,154000
2025-03-11 00:00:00+00:00,9.472941890008688,9.49158984050222,9.351732879350388,9.416999816894531,84100
2025-03-12 00:00:00+00:00,9.454294239346728,9.510236308973628,9.407675255202202,9.463617324829102,55800
2025-03-13 00:00:00+00:00,9.51956121130422,9.51956121130422,9.351733207702637,9.351733207702637,61200
2025-03-14 00:00:00+00:00,9.444971843133574,9.4636189063978,9.40767682742181,9.426323890686035,50100
2025-03-17 00:00:00+00:00,9.426323590943435,9.528885547776962,9.426323590943435,9.500913619995117,35100
2025-03-18 00:00:00+00:00,9.510238420785349,9.528886374257327,9.454296338736137,9.482267379760742,34100
2025-03-19 00:00:00+00:00,9.463618800047495,9.519561767578125,9.463618800047495,9.519561767578125,68100
2025-03-20 00:00:00+00:00,9.491589388939147,9.584826469421387,9.491589388939147,9.584826469421387,50200
2025-03-21 00:00:00+00:00,9.603475576828645,9.603475576828645,9.49159053325112,9.500913619995117,67000
2025-03-24 00:00:00+00:00,9.584826469421387,9.594150444224564,9.538207484588678,9.584826469421387,82500
2025-03-25 00:00:00+00:00,9.631951614831264,9.650800367343605,9.603677137861483,9.641375541687012,77900
2025-03-26 00:00:00+00:00,9.603676785304469,9.641375187746064,9.54712963104248,9.54712963104248,93200
2025-03-27 00:00:00+00:00,9.56597831681378,9.56597831681378,9.471732760760922,9.490581512451172,55900
2025-03-28 00:00:00+00:00,9.490581440365238,9.51885591588706,9.368061409506403,9.405759811401367,109200
2025-03-31 00:00:00+00:00,9.405761100015644,9.405761100015644,9.292665878836402,9.38691234588623,198400
2025-04-01 00:00:00+00:00,9.349212314818544,9.434033940669238,9.349212314818544,9.368061065673828,170200
2025-04-02 00:00:00+00:00,9.358638154590153,9.45288371668903,9.349213328740007,9.424610137939453,78200
2025-04-03 00:00:00+00:00,9.26439121814331,9.330363198106225,9.160720835515752,9.217267990112305,110300
2025-04-04 00:00:00+00:00,9.057049437897861,9.057049437897861,8.52927180736356,8.576395034790039,173500
2025-04-07 00:00:00+00:00,8.189985953017676,8.41617728324531,7.973220347600589,8.237109184265137,166700
2025-04-08 00:00:00+00:00,8.416177078574588,8.623517852939743,8.378478674253572,8.4256010055542,272700
2025-04-09 00:00:00+00:00,8.397326187404808,8.85913179686596,8.237107767991636,8.802584648132324,257800
2025-04-10 00:00:00+00:00,8.557544971193542,8.717763397428724,8.369052969387667,8.482148170471191,342800
2025-04-11 00:00:00+00:00,8.463297663015162,8.708337689924901,8.435024090310398,8.595242500305176,239500
2025-04-14 00:00:00+00:00,8.802585341995279,9.000502175765222,8.698914063143864,8.906255722045898,169000
2025-04-15 00:00:00+00:00,8.943954867027514,9.123022964214856,8.906256462167157,9.009927749633789,192700
2025-04-16 00:00:00+00:00,8.981652513600178,9.057049316955418,8.764886928654064,8.849708557128906,262300
2025-04-17 00:00:00+00:00,8.887408316151193,9.038201945891887,8.84970990871602,8.972229957580566,103000
2025-04-21 00:00:00+00:00,8.943953426962443,8.953378251360258,8.812009480595913,8.83085823059082,192200
2025-04-22 00:00:00+00:00,8.972228677086115,9.0947478096641,8.925105449817226,9.0193510055542,165200
2025-04-23 00:00:00+00:00,9.210034800721532,9.324445063613807,9.1051589537166,9.152830123901367,138300
2025-04-24 00:00:00+00:00,9.229104444896187,9.353049134586142,9.200501194716333,9.305377960205078,69600
2025-04-25 00:00:00+00:00,9.391186295492954,9.419788637648951,9.305378359772899,9.381651878356934,69700
2025-04-28 00:00:00+00:00,9.429322371950025,9.448390295589178,9.324445609552697,9.343514442443848,75900
2025-04-29 00:00:00+00:00,9.305377657873471,9.496061439950388,9.286308825039782,9.4769926071167,131600
2025-04-30 00:00:00+00:00,9.419789013915988,9.543733713878947,9.353049909802124,9.524664878845215,116300
2025-05-01 00:00:00+00:00,9.629540834209903,9.667677591782432,9.543732902358707,9.572335243225098,105900
2025-05-02 00:00:00+00:00,9.629541792511027,9.74395207661436,9.60093853954611,9.705815315246582,103500
2025-05-05 00:00:00+00:00,9.696280043564999,9.782087976397756,9.629540944362647,9.753484725952148,118200
2025-05-06 00:00:00+00:00,9.743950538488832,9.782087293836554,9.658142611643463,9.715347290039062,99800
2025-05-07 00:00:00+00:00,9.705814494412934,9.705814494412934,9.610472144430663,9.620006561279297,57200
2025-05-08 00:00:00+00:00,9.696279800571116,9.696279800571116,9.600937453312486,9.658143043518066,66300
2025-05-09 00:00:00+00:00,9.677211387071171,9.686745804060898,9.55326760321294,9.667677879333496,83200
2025-05-12 00:00:00+00:00,9.886963422758363,9.915565762763375,9.63907405137628,9.677210807800293,170800
2025-05-13 00:00:00+00:00,9.67721053469134,9.782087293836554,9.591403517097941,9.715347290039062,273800
2025-05-14 00:00:00+00:00,9.715348127725903,9.753484886361893,9.686745786061923,9.734416961669922,107500
2025-05-15 00:00:00+00:00,9.724882384758574,9.772553559582555,9.696280043564999,9.753484725952148,95600
2025-05-16 00:00:00+00:00,9.782088536989061,9.906033234933611,9.715348524709944,9.810690879821777,109200
2025-05-19 00:00:00+00:00,9.753484495505507,9.810690085793086,9.724882154987723,9.791622161865234,86200
2025-05-20 00:00:00+00:00,9.82022421446128,9.89649772644043,9.791621874782097,9.89649772644043,165600
2025-05-21 00:00:00+00:00,9.88696412117856,9.95370322232207,9.82975943712757,9.848827362060547,192500
2025-05-22 00:00:00+00:00,9.887336782477947,9.887336782477947,9.75255289908988,9.819944381713867,108500
2025-05-23 00:00:00+00:00,9.781435052974144,9.906591322204497,9.752553119502558,9.87770938873291,113500
2025-05-27 00:00:00+00:00,9.96435629423121,10.041375397027151,9.88733719143527,9.935473442077637,97800
2025-05-28 00:00:00+00:00,9.945100784301758,10.002865568870545,9.858454066518629,9.945100784301758,69600
2025-05-29 00:00:00+00:00,9.964356332324115,10.031747817993164,9.877709611812408,10.031747817993164,91000
2025-05-30 00:00:00+00:00,10.012492950567609,10.04137580389148,9.945101462425571,9.954729080200195,108400
2025-06-02 00:00:00+00:00,9.96435624013191,10.012492490512932,9.925846688943018,10.0028657913208,104100
2025-06-03 00:00:00+00:00,9.964356789287033,10.00286634259826,9.93547393569848,9.983611106872559,81000
2025-06-04 00:00:00+00:00,9.973982993475607,10.012492544873577,9.92584674283324,9.935473442077637,104900
2025-06-05 00:00:00+00:00,9.954728583737529,9.973982900186359,9.868081864367493,9.906591415405273,109800
2025-06-06 00:00:00+00:00,9.916219527241864,10.00286625093315,9.887337592058158,9.954729080200195,99800
2025-06-09 00:00:00+00:00,9.945101370759444,9.964356606131211,9.89696420047018,9.925847053527832,102900
2025-06-10 00:00:00+00:00,9.973983579882832,10.012493133544922,9.935474026220744,10.012493133544922,69800
2025-06-11 00:00:00+00:00,10.041374670504007,10.118393767727389,9.973982271828502,10.089510917663574,116400
2025-06-12 00:00:00+00:00,10.137649168455551,10.214668273925781,10.118394851158074,10.214668273925781,170200
2025-06-13 00:00:00+00:00,10.195413956628304,10.214668273925781,10.156904403893188,10.214668273925781,121000
2025-06-16 00:00:00+00:00,10.243551254272461,10.301315125022285,10.205041701059187,10.243551254272461,120000
2025-06-17 00:00:00+00:00,10.233923233609303,10.291687102085442,10.2146679986905,10.224295616149902,173900
2025-06-18 00:00:00+00:00,10.243550482011699,10.243550482011699,10.156903764279084,10.20504093170166,109300
2025-06-20 00:00:00+00:00,10.253177180984133,10.253177180984133,10.156903764279084,10.20504093170166,199700
2025-06-23 00:00:00+00:00,10.22449817995251,10.234226754621849,10.059116121645538,10.136942863464355,180100
2025-06-24 00:00:00+00:00,10.195312188936045,10.341238021850586,10.156398819045753,10.341238021850586,117800
2025-06-25 00:00:00+00:00,10.438520006110362,10.535803885618604,10.360693273610902,10.467705726623535,294900
2025-06-26 00:00:00+00:00,10.496891021728516,10.526075815870579,10.467706227586453,10.496891021728516,135900
2025-06-27 00:00:00+00:00,10.535804652818596,10.61363139098527,10.516348432160877,10.603902816772461,120500
2025-06-30 00:00:00+00:00,10.672001744017052,10.740099906921387,10.60390265334483,10.740099906921387,177100
2025-07-01 00:00:00+00:00,10.720643759633685,10.837383865880177,10.710915185504504,10.798470497131348,158400
2025-07-02 00:00:00+00:00,10.817926173218224,10.905481480438915,10.808197599578625,10.895752906799316,79400
2025-07-03 00:00:00+00:00,10.886025641006288,10.934667587280273,10.876297993965858,10.934667587280273,71900
2025-07-07 00:00:00+00:00,10.886025071394785,10.895753645694127,10.808198332535877,10.847111701965332,80800
2025-07-08 00:00:00+00:00,10.847111701965332,10.866568850564013,10.817926906835218,10.847111701965332,67500
2025-07-09 00:00:00+00:00,10.847111631988795,10.93466694458221,10.808198262810377,10.915210723876953,92700
2025-07-10 00:00:00+00:00,10.944395065307617,10.944395065307617,10.876296904009196,10.944395065307617,66500
2025-07-11 00:00:00+00:00,10.915210364969203,10.915210364969203,10.84711127532024,10.876296997070312,118500
2025-07-14 00:00:00+00:00,10.915211365431455,10.934667587280273,10.876297993965858,10.934667587280273,99600
2025-07-15 00:00:00+00:00,10.944394989928465,10.95412356369491,10.85683968156618,10.886024475097656,108000
2025-07-16 00:00:00+00:00,10.905481622630546,10.924937842395577,10.817926314268261,10.886024475097656,110400
2025-07-17 00:00:00+00:00,10.924938727021003,10.954124450683594,10.847111986123295,10.954124450683594,110000
2025-07-18 00:00:00+00:00,11.01249351314778,11.031950661320948,10.9152105555856,10.924938201904297,126700
2025-07-21 00:00:00+00:00,10.94439592059903,11.041679811000417,10.94439592059903,11.012494087219238,96600
2025-07-22 00:00:00+00:00,11.031950571730736,11.119505882263184,10.983308629460723,11.119505882263184,143300
2025-07-23 00:00:00+00:00,11.158418889463105,11.226517049776884,11.051406434378194,11.080592155456543,281300
2025-07-24 00:00:00+00:00,11.100238983725292,11.169001225160805,11.070769585512254,11.159177780151367,123000
2025-07-25 00:00:00+00:00,11.18864840602134,11.257410649244285,11.119885225983094,11.247587203979492,125100
2025-07-28 00:00:00+00:00,11.257410912730347,11.257410912730347,11.198471176577375,11.227941513061523,109000
2025-07-29 00:00:00+00:00,11.237763575770744,11.267233911085363,11.139531935167875,11.188648223876953,85700
2025-07-30 00:00:00+00:00,11.218117960137223,11.218117960137223,11.090415980374818,11.198471069335938,85400
2025-07-31 00:00:00+00:00,11.227941646189592,11.227941646189592,11.041299926838303,11.070770263671875,133200
2025-08-01 00:00:00+00:00,11.021653907652786,11.070770198604732,10.83501218939846,10.854659080505371,178800
2025-08-04 00:00:00+00:00,10.854659014878344,10.982360995855185,10.854659014878344,10.933244705200195,114500
2025-08-05 00:00:00+00:00,10.93324393643892,11.021653066038427,10.884127649237499,10.992182731628418,112300
2025-08-06 00:00:00+00:00,11.002006622024698,11.041299466014184,10.96271377803521,11.031476020812988,64200
2025-08-07 00:00:00+00:00,11.051123109893945,11.100239399967647,11.041299664516142,11.090415954589844,138300
2025-08-08 00:00:00+00:00,11.149355625458174,11.218117869073861,11.139532180137275,11.169001579284668,109400
2025-08-11 00:00:00+00:00,11.178824933381044,11.21811777752869,11.090415799845017,11.139532089233398,72900
2025-08-12 00:00:00+00:00,11.178824716749011,11.267233848571777,11.100239029976617,11.267233848571777,115700
2025-08-13 00:00:00+00:00,11.257410912730347,11.277056866904454,11.198471176577375,11.227941513061523,141900
2025-08-14 00:00:00+00:00,11.178825222403267,11.277056866904454,11.169001776908551,11.227941513061523,141800
2025-08-15 00:00:00+00:00,11.267233494179868,11.296702891588785,11.208293762546779,11.257410049438477,111900
2025-08-18 00:00:00+00:00,11.257410585838665,11.326172828674316,11.257410585838665,11.326172828674316,68900
2025-08-19 00:00:00+00:00,11.355642918263223,11.37528887144119,11.277056295105526,11.345819473266602,109900
2025-08-20 00:00:00+00:00,11.365465365115018,11.43422854290504,11.306526569083882,11.424405097961426,98800
2025-08-21 00:00:00+00:00,11.434229233831832,11.463698633628125,11.385112942961129,11.444051742553711,137100
2025-08-22 00:00:00+00:00,11.50355322273769,11.61263829717363,11.463885836965977,11.602721214294434,108300
2025-08-25 00:00:00+00:00,11.662222418718294,11.662222418718294,11.543220264945052,11.582887649536133,89900
2025-08-26 00:00:00+00:00,11.602720782808575,11.66222233212592,11.553136316001629,11.632471084594727,138400
2025-08-27 00:00:00+00:00,11.632471182724654,11.701889815138001,11.612637963281589,11.691972732543945,55600
2025-08-28 00:00:00+00:00,11.721722717246537,11.89030933380127,11.691972416014826,11.89030933380127,173700
2025-08-29 00:00:00+00:00,11.920060757963558,11.920060757963558,11.840725043924673,11.900226593017578,124300
2025-09-02 00:00:00+00:00,11.850642725082382,11.900227194207265,11.810975338931495,11.880393028259277,168500
2025-09-03 00:00:00+00:00,11.880392526272141,11.989478542886639,11.870476389462224,11.959728240966797,127400
2025-09-04 00:00:00+00:00,11.939894262486462,12.088646720155833,11.939894262486462,12.078730583190918,136500
2025-09-05 00:00:00+00:00,12.177898216559136,12.177898216559136,11.97956129689108,12.0588960647583,137300
2025-09-08 00:00:00+00:00,12.098563892078484,12.148148360248921,12.06881358947425,12.13823127746582,75700
2025-09-09 00:00:00+00:00,12.197732925415039,12.197732925415039,12.128314291126385,12.197732925415039,93900
2025-09-10 00:00:00+00:00,12.247316882849036,12.296900403599368,12.207649498801748,12.277067184448242,127500
2025-09-11 00:00:00+00:00,12.366319236129033,12.52498877489894,12.326651851436557,12.505154609680176,164100
2025-09-12 00:00:00+00:00,12.604323732134995,12.643991117418663,12.534906044324844,12.624156951904297,135600
2025-09-15 00:00:00+00:00,12.713408253336807,12.971246719360352,12.663824733193454,12.971246719360352,276600
2025-09-16 00:00:00+00:00,13.090248970235008,13.308420054366684,12.891912050908498,13.03074836730957,210100
2025-09-17 00:00:00+00:00,12.9910814936997,13.070416264546363,12.792743620837971,12.951414108276367,191700
2025-09-18 00:00:00+00:00,12.951414364969292,13.12991713003962,12.891912812782458,12.911746978759766,103900
2025-09-19 00:00:00+00:00,13.010914547151815,13.169584086816036,12.981164244901038,13.050581932067871,148400
2025-09-22 00:00:00+00:00,13.070416362716305,13.199335602746695,13.070416362716305,13.119999885559082,229500
2025-09-23 00:00:00+00:00,13.100000381469727,13.210000038146973,12.960000038146973,13.0,154100
2025-09-24 00:00:00+00:00,13.050000190734863,13.100000381469727,12.9399995803833,13.029999732971191,119200
2025-09-25 00:00:00+00:00,12.960000038146973,13.039999961853027,12.8100004196167,12.890000343322754,174600
2025-09-26 00:00:00+00:00,12.960000038146973,13.0600004196167,12.9399995803833,13.050000190734863,55900
