"('date', '')","('open', 'AMAL')","('high', 'AMAL')","('low', 'AMAL')","('close', 'AMAL')","('volume', 'AMAL')"
2024-01-02 00:00:00+00:00,25.877003300928962,26.10986699990462,25.51800394169388,25.760570526123047,141600
2024-01-03 00:00:00+00:00,25.624732331928865,25.624732331928865,24.74179016431214,24.770898818969727,140300
2024-01-04 00:00:00+00:00,24.85822700969722,25.372467038544087,24.85822700969722,25.02317237854004,78900
2024-01-05 00:00:00+00:00,25.12989771387898,25.72176077060934,25.081385137368954,25.323951721191406,172600
2024-01-08 00:00:00+00:00,25.31425091191054,25.450087617788192,24.916441829866297,25.139602661132812,93800
2024-01-09 00:00:00+00:00,24.955251064396222,25.042575188176375,24.57684776177309,24.897035598754883,110400
2024-01-10 00:00:00+00:00,26.119571500565197,26.138977272672243,24.63506324582923,24.984359741210938,128700
2024-01-11 00:00:00+00:00,24.964951400883013,24.964951400883013,24.489521136987037,24.838817596435547,149000
2024-01-12 00:00:00+00:00,25.110493690293723,25.129899462502518,24.39249677429494,24.6253604888916,147400
2024-01-16 00:00:00+00:00,24.935847969080168,24.935847969080168,24.402200322672908,24.596254348754883,119400
2024-01-17 00:00:00+00:00,24.25665964766458,24.547738823182048,23.994687279317098,24.29547119140625,77200
2024-01-18 00:00:00+00:00,24.34398482363758,24.431308950197966,24.082012443956426,24.421606063842773,134200
2024-01-19 00:00:00+00:00,24.62536032283103,24.91644135209118,24.33428114420716,24.809711456298828,81100
2024-01-22 00:00:00+00:00,25.11049175960473,25.595624923706055,25.032870527373962,25.595624923706055,88900
2024-01-23 00:00:00+00:00,25.789679117977837,25.789679117977837,25.236627602964433,25.323951721191406,82900
2024-01-24 00:00:00+00:00,25.663548981324833,26.051655200854565,25.663548981324833,25.857601165771484,96100
2024-01-25 00:00:00+00:00,25.712057314111615,25.857596891045397,24.51863019236401,24.819412231445312,142600
2024-01-26 00:00:00+00:00,24.994061863601363,25.81878864658949,24.994061863601363,25.459789276123047,118000
2024-01-29 00:00:00+00:00,25.663547124122687,26.21659867825925,25.372466092562817,26.03224754333496,139600
2024-01-30 00:00:00+00:00,26.168083537232715,26.837567855944368,26.032246836574444,26.769649505615234,333800
2024-01-31 00:00:00+00:00,26.46886810973338,26.68232605191967,25.702356763936447,25.770275115966797,131100
2024-02-01 00:00:00+00:00,25.86730011802497,26.03224546756553,24.353685166770298,25.24633026123047,133700
2024-02-02 00:00:00+00:00,24.85822651562133,25.265738486390084,24.819414970483194,24.86792755126953,85600
2024-02-05 00:00:00+00:00,24.54648560312072,24.87766848398917,24.429596762508577,24.585447311401367,85500
2024-02-06 00:00:00+00:00,24.54648755849091,24.741299831183074,23.85489906703784,24.03997230529785,145900
2024-02-07 00:00:00+00:00,23.932823281714587,24.137378295498426,23.114606942349546,23.650344848632812,193600
2024-02-08 00:00:00+00:00,23.679564612984745,23.708787287335333,23.358122626668575,23.523714065551758,161900
2024-02-09 00:00:00+00:00,23.650343520939888,23.650343520939888,23.0464212632603,23.28993797302246,358100
2024-02-12 00:00:00+00:00,23.36786494213372,24.351672743934913,22.99772033389539,24.137378692626953,419700
2024-02-13 00:00:00+00:00,23.397084866279172,23.601638001483614,22.62757120629682,22.89056968688965,198000
2024-02-14 00:00:00+00:00,23.095124046344147,23.367863432292687,22.724979462021548,23.26071548461914,142900
2024-02-15 00:00:00+00:00,23.348381697427087,24.264005055527683,23.338640805992657,23.806194305419922,282900
2024-02-16 00:00:00+00:00,23.5626787940748,23.874379904321955,23.221755008035036,23.358123779296875,247900
2024-02-20 00:00:00+00:00,23.085384564208656,24.059451392101256,22.987977509842388,23.601638793945312,223800
2024-02-21 00:00:00+00:00,23.426306885585493,23.57241839868402,23.19253106566694,23.543195724487305,141700
2024-02-22 00:00:00+00:00,23.523712480095465,23.591896857766258,22.90031033237971,22.929533004760742,151000
2024-02-23 00:00:00+00:00,22.919794655881713,23.39708721039623,22.647055257065492,23.10486602783203,113900
2024-02-26 00:00:00+00:00,22.95875579127794,23.28019778353946,22.647054690646787,22.9197940826416,98100
2024-02-27 00:00:00+00:00,22.997720969765197,23.28019941530486,22.724981558653415,22.958757400512695,102400
2024-02-28 00:00:00+00:00,22.832126138138847,23.026938381922637,22.7152373055606,22.900310516357422,81900
2024-02-29 00:00:00+00:00,23.328901442600582,23.367863149902355,22.452239804747578,22.481462478637695,186100
2024-03-01 00:00:00+00:00,22.4132792042445,22.72498030959111,21.926245762669136,22.598352432250977,171500
2024-03-04 00:00:00+00:00,22.549651272843757,22.822390708872046,22.111322226020388,22.130802154541016,186100
2024-03-05 00:00:00+00:00,22.140536428251636,22.91979093054591,22.140536428251636,22.53990364074707,171800
2024-03-06 00:00:00+00:00,22.578869952954445,23.173051327890644,22.315871456715303,22.968496322631836,139300
2024-03-07 00:00:00+00:00,23.192532371897546,23.358123819235125,22.958756538812466,23.085386276245117,83000
2024-03-08 00:00:00+00:00,23.42630995106356,23.47501441443137,23.13409060239792,23.377607345581055,98700
2024-03-11 00:00:00+00:00,23.35812403656597,23.640604332016956,23.182791695649524,23.591899871826172,113900
2024-03-12 00:00:00+00:00,23.465270426086565,23.63086186392075,23.095123984864237,23.270456314086914,96300
2024-03-13 00:00:00+00:00,23.17305263427719,23.504233673759575,22.958756725459832,23.056163787841797,134100
2024-03-14 00:00:00+00:00,22.929535178620657,23.1048656558744,22.276910296651046,22.345094680786133,176800
2024-03-15 00:00:00+00:00,22.29639018918761,22.939274178488173,22.29639018918761,22.61783218383789,590300
2024-03-18 00:00:00+00:00,22.5691327349754,23.00746363338622,22.169765408816822,22.179506301879883,183800
2024-03-19 00:00:00+00:00,22.19898710392707,22.559390841856743,22.19898710392707,22.315874099731445,131500
2024-03-20 00:00:00+00:00,22.354835751474113,23.37760523745888,22.2282060160222,23.13408851623535,160900
2024-03-21 00:00:00+00:00,23.260717078896363,23.60164087022751,22.949015963811384,23.30942153930664,148900
2024-03-22 00:00:00+00:00,23.036680795251858,23.143828744039407,22.510685658599986,22.686017990112305,104800
2024-03-25 00:00:00+00:00,22.637314588654824,23.153570715761497,22.539907526838544,22.802906036376953,131300
2024-03-26 00:00:00+00:00,22.832125370312564,22.98797590325245,22.588608680358373,22.734718322753906,101300
2024-03-27 00:00:00+00:00,22.744462803743815,23.367865033913773,22.481464291183915,23.30942153930664,109900
2024-03-28 00:00:00+00:00,23.299682062077864,23.46527352175781,23.124349709724356,23.377607345581055,336600
2024-04-01 00:00:00+00:00,23.543196770010855,23.572419445505314,22.549648097820967,22.57887077331543,180800
2024-04-02 00:00:00+00:00,22.33535273490924,22.666535606121823,21.965206298666924,22.218463897705078,96000
2024-04-03 00:00:00+00:00,22.19898606979984,22.530167114407885,22.179504285444892,22.46198272705078,90600
2024-04-04 00:00:00+00:00,22.53990880852034,22.715241158182497,22.043134437105987,22.08209800720215,141000
2024-04-05 00:00:00+00:00,21.877542244811774,21.95546938238549,21.741173469828208,21.916505813598633,83300
2024-04-08 00:00:00+00:00,22.02365127968834,22.325611472103326,22.004169497497696,22.27690887451172,139000
2024-04-09 00:00:00+00:00,22.37431507564432,22.49120391615851,22.052873086586654,22.40353775024414,62100
2024-04-10 00:00:00+00:00,21.75091322991972,21.86780207231117,21.332064176687606,21.536619186401367,152300
2024-04-11 00:00:00+00:00,21.634025381509336,21.780136905683065,21.2151781669183,21.3905086517334,62300
2024-04-12 00:00:00+00:00,21.185957253869148,21.439214896861646,21.09829107522231,21.409992218017578,84200
2024-04-15 00:00:00+00:00,21.48791700807153,21.74117464522233,21.03984709010995,21.215179443359375,74900
2024-04-16 00:00:00+00:00,21.13724996220311,21.13724996220311,20.8255470306076,20.991138458251953,69300
2024-04-17 00:00:00+00:00,21.185952980704894,21.234655577736426,20.903472715844032,20.932695388793945,92600
2024-04-18 00:00:00+00:00,20.942435862191534,21.156729885896308,20.883992375342043,20.991138458251953,80400
2024-04-19 00:00:00+00:00,20.922953695873733,21.877538681030273,20.77684405249425,21.877538681030273,105800
2024-04-22 00:00:00+00:00,21.906765109956954,22.35483686543635,21.897024217676396,22.160022735595703,84600
2024-04-23 00:00:00+00:00,22.111319959845282,22.666537810315543,21.88728315490807,22.452241897583008,89900
2024-04-24 00:00:00+00:00,22.676278065102515,23.367864671227743,22.55938921981725,23.358123779296875,188900
2024-04-25 00:00:00+00:00,23.377604261475227,23.533454807920926,22.481462690469943,23.270456314086914,124900
2024-04-26 00:00:00+00:00,23.377605168759647,24.09841443851685,23.280198108979455,23.962045669555664,145700
2024-04-29 00:00:00+00:00,23.93282297951318,24.0107482557123,23.65034454999828,23.689306259155273,118700
2024-04-30 00:00:00+00:00,23.69904947617523,24.205564750109428,23.69904947617523,23.90360450744629,261400
2024-05-01 00:00:00+00:00,23.981529305999175,24.585449779104476,23.962047520960866,24.234785079956055,155800
2024-05-02 00:00:00+00:00,24.351671845179933,24.536745071411133,23.98152725060265,24.536745071411133,129700
2024-05-03 00:00:00+00:00,24.91662921668371,24.975072705758937,24.653630729017664,24.72181510925293,89800
2024-05-06 00:00:00+00:00,24.731557783674702,24.99455629030418,24.70233696597264,24.74129867553711,80600
2024-05-07 00:00:00+00:00,24.80002043161937,25.074054476917784,24.58470916748047,24.58470916748047,86900
2024-05-08 00:00:00+00:00,24.32046173471486,25.005544033322614,24.32046173471486,24.946823120117188,84900
2024-05-09 00:00:00+00:00,25.044693429641075,25.201283781471158,24.80002077156854,25.142562866210938,95400
2024-05-10 00:00:00+00:00,25.132773045615163,25.191493954589767,24.73151007866463,25.015329360961914,72600
2024-05-13 00:00:00+00:00,25.1621345924557,25.21107024279419,24.73151206970215,24.73151206970215,90100
2024-05-14 00:00:00+00:00,24.94682438951,25.103414743828516,24.614069419907086,24.711938858032227,75400
2024-05-15 00:00:00+00:00,25.034903170461657,25.142559723904057,24.829379059385083,24.91745948791504,84600
2024-05-16 00:00:00+00:00,24.878313588139477,24.927247368431637,24.663002341468296,24.868526458740234,88400
2024-05-17 00:00:00+00:00,25.025119601739906,25.397023093795777,24.8783163776986,25.240432739257812,112100
2024-05-20 00:00:00+00:00,25.240429152361045,25.240429152361045,24.73150963908266,24.741296768188477,62100
2024-05-21 00:00:00+00:00,24.506413901467266,25.181709081951418,24.467265380839905,25.044692993164062,102400
2024-05-22 00:00:00+00:00,24.995759209084063,25.3970222119935,24.70215090449146,25.044692993164062,112700
2024-05-23 00:00:00+00:00,25.260002583228694,25.260002583228694,24.54555892944336,24.54555892944336,115000
2024-05-24 00:00:00+00:00,24.682574811122482,24.848952278024314,24.486837822634726,24.7608699798584,91600
2024-05-28 00:00:00+00:00,24.77065828175246,24.848953454194305,24.51619850464043,24.633642196655273,95600
2024-05-29 00:00:00+00:00,24.281313297458485,24.65321677133566,23.880050300230707,24.486839294433594,153000
2024-05-30 00:00:00+00:00,24.917461835374787,24.917461835374787,24.614068271377498,24.66300392150879,112500
2024-05-31 00:00:00+00:00,24.800017676119364,24.94682087929859,24.516196532162724,24.741296768188477,123800
2024-06-03 00:00:00+00:00,25.044691952046783,25.044691952046783,24.379182062680762,24.428115844726562,102400
2024-06-04 00:00:00+00:00,24.193228819205206,24.251951594036026,23.821327245463422,23.99749183654785,144000
2024-06-05 00:00:00+00:00,24.16387124401497,24.82938114538143,24.036640421675063,24.525985717773438,142700
2024-06-06 00:00:00+00:00,24.4672648049188,24.70215032304152,24.320461589430117,24.525985717773438,87600
2024-06-07 00:00:00+00:00,24.242166312238286,24.809806778597693,24.242166312238286,24.457477569580078,79600
2024-06-10 00:00:00+00:00,24.457477523787627,24.457477523787627,23.840903275865383,24.105148315429688,88400
2024-06-11 00:00:00+00:00,23.83111407706469,24.340033585687053,23.508146286343575,24.14429473876953,93100
2024-06-12 00:00:00+00:00,24.398756054140694,25.005543158340753,24.251952842911912,24.574920654296875,130300
2024-06-13 00:00:00+00:00,24.496625959339685,24.496625959339685,23.899624106490204,24.212804794311523,60600
2024-06-14 00:00:00+00:00,23.92898503125121,24.046426853551235,23.782179953320007,23.938770294189453,64100
2024-06-17 00:00:00+00:00,23.997495527995056,24.32046337242947,23.67452768356064,24.281314849853516,85300
2024-06-18 00:00:00+00:00,24.183444570117896,24.565135185158404,24.183444570117896,24.437904357910156,96900
2024-06-20 00:00:00+00:00,24.232379804820276,24.594494286319794,24.17365889071034,24.516199111938477,105000
2024-06-21 00:00:00+00:00,24.51619976592302,25.20128396006274,24.212806190440233,24.398757934570312,193700
2024-06-24 00:00:00+00:00,24.594493721190208,25.064266623387923,24.477051895668897,24.985971450805664,176500
2024-06-25 00:00:00+00:00,24.927248776326895,25.338298900791017,24.927248776326895,25.054479598999023,130100
2024-06-26 00:00:00+00:00,24.839167324529395,25.211070808632154,24.71193836420218,25.074054718017578,69700
2024-06-27 00:00:00+00:00,25.26979046837758,25.690627716307855,25.015330693659173,25.661266326904297,99600
2024-06-28 00:00:00+00:00,25.817855359131627,27.002071871075593,25.817855359131627,26.816120147705078,366100
2024-07-01 00:00:00+00:00,26.68889117457052,27.002071845186457,26.424644283724305,26.46379280090332,129700
2024-07-02 00:00:00+00:00,26.571448284245456,26.737825753823,26.28762899302735,26.307201385498047,121000
2024-07-03 00:00:00+00:00,26.228906061587214,26.307201231122836,25.69062700436781,25.710201263427734,64500
2024-07-05 00:00:00+00:00,25.64169218228724,25.661264573848378,25.132772667617402,25.26978874206543,72000
2024-07-08 00:00:00+00:00,25.524251747043223,25.77871153675498,25.35787426402801,25.563400268554688,82700
2024-07-09 00:00:00+00:00,25.55361159913783,26.160398712386016,25.465529297746297,26.121252059936523,142200
2024-07-10 00:00:00+00:00,26.16039884203819,26.365924835205078,25.778710111919306,26.365924835205078,114200
2024-07-11 00:00:00+00:00,26.79654756991261,27.89268185357851,26.708467134058612,27.667583465576172,183300
2024-07-12 00:00:00+00:00,27.89268078560255,28.098204905899554,27.569712977490056,27.863319396972656,129800
2024-07-15 00:00:00+00:00,28.342879272270494,29.28242323196072,28.176503660003732,29.06711196899414,188800
2024-07-16 00:00:00+00:00,29.253061819036493,30.60365591004514,29.086684340193518,30.584081649780273,175900
2024-07-17 00:00:00+00:00,30.241537626920916,31.161507266758125,30.241537626920916,30.867900848388672,145200
2024-07-18 00:00:00+00:00,30.623228677563464,31.396395119999493,30.368768906636575,30.50578498840332,174600
2024-07-19 00:00:00+00:00,30.56450613894597,31.249590286552,30.535146616454135,30.818965911865234,105700
2024-07-22 00:00:00+00:00,30.535147672120132,31.455115498282606,30.22196510998155,31.327884674072266,146400
2024-07-23 00:00:00+00:00,31.406181124062503,31.53341194588035,31.112574694289883,31.2691650390625,620700
2024-07-24 00:00:00+00:00,31.02449224650567,32.10105039509208,31.02449224650567,31.200654983520508,194000
2024-07-25 00:00:00+00:00,31.73893411330785,31.73893411330785,30.006651431197607,30.633012771606445,612800
2024-07-26 00:00:00+00:00,31.38660453065607,31.572554384557847,30.133881865616647,31.52362060546875,222700
2024-07-29 00:00:00+00:00,31.729146042604366,31.983607677946093,31.37682057840597,31.464902877807617,206000
2024-07-30 00:00:00+00:00,31.729144717687774,31.875949788363094,31.220227068367517,31.52362060546875,229000
2024-07-31 00:00:00+00:00,31.71936350014778,31.758512021774564,31.063640696533163,31.13214874267578,233600
2024-08-01 00:00:00+00:00,31.122359181844313,31.122359181844313,29.184552313548853,29.341142654418945,218300
2024-08-02 00:00:00+00:00,28.391813466060736,28.509255288305425,27.63822128429155,28.352664947509766,266500
2024-08-05 00:00:00+00:00,27.373977561651692,27.882897161663088,26.424648277045467,27.305469512939453,179500
2024-08-06 00:00:00+00:00,27.246490479085164,27.82641233833284,26.882811812974477,27.669145584106445,192200
2024-08-07 00:00:00+00:00,27.94436650231728,28.140949029952935,27.384103392665565,27.521711349487305,176600
2024-08-08 00:00:00+00:00,27.94436509280214,28.32770259590874,27.52170996129091,28.249069213867188,153300
2024-08-09 00:00:00+00:00,28.278556865958247,28.44565303377907,27.73795073488257,28.367019653320312,165300
2024-08-12 00:00:00+00:00,28.504625898962257,28.701210275758676,27.482390139248974,27.541366577148438,102700
2024-08-13 00:00:00+00:00,27.79692554690768,28.504625929552667,27.443074418201405,28.47513771057129,123000
2024-08-14 00:00:00+00:00,28.543945373847727,28.543945373847727,27.875560699150316,28.209753036499023,102900
2024-08-15 00:00:00+00:00,28.878135158552205,29.40891187297651,28.760186027414118,29.084548950195312,118700
2024-08-16 00:00:00+00:00,29.094377714153236,29.654640761600685,29.094377714153236,29.53668975830078,152700
2024-08-19 00:00:00+00:00,29.625152119860118,29.939685624486934,29.58583636916555,29.920028686523438,103700
2024-08-20 00:00:00+00:00,29.802077726563784,29.95934447909703,29.310618656205495,29.58583641052246,145000
2024-08-21 00:00:00+00:00,29.792248702832914,29.988833083408167,29.517032819748678,29.9593448638916,138400
2024-08-22 00:00:00+00:00,29.880712994338282,30.627731053542703,29.880712994338282,30.519609451293945,104700
2024-08-23 00:00:00+00:00,30.834144427111283,32.485445410537835,30.735852233215407,31.925182342529297,118900
2024-08-26 00:00:00+00:00,32.2593739129222,32.2593739129222,31.532016569714493,31.600820541381836,141700
2024-08-27 00:00:00+00:00,31.45338142387899,31.689283434353595,31.079873344368185,31.443552017211914,138600
2024-08-28 00:00:00+00:00,31.384578088253466,31.984158783727423,31.384578088253466,31.925182342529297,142800
2024-08-29 00:00:00+00:00,32.17090992954262,32.38715311789025,31.758086114917255,32.25937271118164,135800
2024-08-30 00:00:00+00:00,32.45595805511926,32.67220124991719,32.04313047864461,32.42647171020508,113500
2024-09-03 00:00:00+00:00,32.28885922997815,32.66236917109063,31.61064706676493,31.767913818359375,129400
2024-09-04 00:00:00+00:00,31.590990211043447,31.984158989152164,31.266627281441128,31.43372344970703,86500
2024-09-05 00:00:00+00:00,31.649965286855252,31.649965286855252,30.726021697798235,30.804655075073242,58800
2024-09-06 00:00:00+00:00,30.843972994414557,31.07987501758922,30.195247117603557,30.401660919189453,66900
2024-09-09 00:00:00+00:00,30.470464114638386,30.7063642570054,30.037979582915018,30.07729721069336,185600
2024-09-10 00:00:00+00:00,30.077296288649816,30.077296288649816,29.192670313200505,29.487545013427734,131900
2024-09-11 00:00:00+00:00,29.281133931764483,29.585838047308943,28.828990587141654,29.47771644592285,170600
2024-09-12 00:00:00+00:00,29.448228225153642,29.743104808542707,29.212328083302996,29.47771644592285,90200
2024-09-13 00:00:00+00:00,29.929859979920277,30.431146612794883,29.929859979920277,30.34268569946289,142200
2024-09-16 00:00:00+00:00,30.470463167934046,31.364918549656505,30.264051252813918,31.266626358032227,186700
2024-09-17 00:00:00+00:00,31.5909909674275,32.0234773836092,31.07004551106549,31.15850830078125,157300
2024-09-18 00:00:00+00:00,31.246968399121663,32.43629844211062,31.050384022292754,31.345258712768555,121400
2024-09-19 00:00:00+00:00,32.023478209318206,32.21023132596218,31.374750443086274,32.17091369628906,108400
2024-09-20 00:00:00+00:00,32.033303627343386,32.033303627343386,31.129018827002174,31.21748161315918,446600
2024-09-23 00:00:00+00:00,31.33543090196501,31.55167222767318,30.5785853246026,30.63755989074707,107200
2024-09-24 00:00:00+00:00,30.696533570615387,30.991410142359324,30.40165887363905,30.55892562866211,117900
2024-09-25 00:00:00+00:00,30.49995307654908,30.74568263183133,30.293539275232774,30.31319808959961,92700
2024-09-26 00:00:00+00:00,30.68670546585736,30.952093829254803,30.401660163323857,30.588415145874023,108100
2024-09-27 00:00:00+00:00,30.78499811295922,30.92260606277203,30.08712708203116,30.205076217651367,124600
2024-09-30 00:00:00+00:00,30.21490507976132,31.237140902126146,30.21490507976132,30.834144592285156,251000
2024-10-01 00:00:00+00:00,30.696535199316997,30.696535199316997,29.59566785574558,29.939687728881836,107800
2024-10-02 00:00:00+00:00,29.84139800465227,30.07729815442106,29.173013309590154,29.31062126159668,66800
2024-10-03 00:00:00+00:00,29.173011270259483,29.890541076660156,28.996085701608884,29.890541076660156,122700
2024-10-04 00:00:00+00:00,30.509782641745264,30.73585338383152,30.244394270721713,30.667049407958984,113000
2024-10-07 00:00:00+00:00,30.598240492037622,30.755509117264165,30.22473242838939,30.48029136657715,78300
2024-10-08 00:00:00+00:00,30.62772909226149,30.82431347016751,30.411487776378923,30.43114471435547,70900
2024-10-09 00:00:00+00:00,30.254222440985725,31.060215053569255,30.244393034153283,30.726022720336914,89000
2024-10-10 00:00:00+00:00,30.431147581795255,31.227312700044177,30.224735652835143,31.197824478149414,160100
2024-10-11 00:00:00+00:00,31.276455470769484,32.77049152006987,30.971751366888352,32.338008880615234,167300
2024-10-14 00:00:00+00:00,32.4756158718994,33.320926062500845,32.19056871469006,33.01622009277344,130600
2024-10-15 00:00:00+00:00,33.35041128141906,34.0384546981996,32.819634609942504,33.25212097167969,236500
2024-10-16 00:00:00+00:00,33.6944339857135,34.09743028923506,33.39955928183791,33.930335998535156,119000
2024-10-17 00:00:00+00:00,34.0286264464322,34.313673619397726,33.645288954978355,34.19572448730469,140400
2024-10-18 00:00:00+00:00,34.28418865905055,34.69701251282444,34.24487103025243,34.4906005859375,185000
2024-10-21 00:00:00+00:00,34.67734883774554,34.67734883774554,33.38972854614258,33.38972854614258,348300
2024-10-22 00:00:00+00:00,33.39956164785974,33.66495002500845,33.20297724817156,33.547000885009766,117500
2024-10-23 00:00:00+00:00,33.26195487587836,33.664951222280436,32.85895852947628,33.39956283569336,217800
2024-10-24 00:00:00+00:00,33.940159109593296,34.00896307321757,32.14142102557545,32.95724105834961,255800
2024-10-25 00:00:00+00:00,33.61580166518584,33.93033517495663,33.085024961371936,33.18331527709961,195200
2024-10-28 00:00:00+00:00,33.409391807213964,34.117090372956206,33.02605055341493,33.95982360839844,193600
2024-10-29 00:00:00+00:00,33.77307283343099,34.097433917346955,33.350417671407385,33.39956283569336,119400
2024-10-30 00:00:00+00:00,33.3405832395769,33.959822749788565,32.908100585361396,32.947418212890625,183800
2024-10-31 00:00:00+00:00,33.00639359968389,33.00639359968389,32.53458958347719,32.6033935546875,201200
2024-11-01 00:00:00+00:00,32.839296731852066,33.173489068,32.2200572193795,32.27903366088867,119400
2024-11-04 00:00:00+00:00,32.220057715640806,32.49527736405392,31.738429892604824,32.40681457519531,205400
2024-11-05 00:00:00+00:00,32.564653239309614,32.98885231664529,32.47586729839674,32.90006637573242,184300
2024-11-06 00:00:00+00:00,35.66229454446609,37.67476963184828,35.48472265980996,37.61558151245117,666100
2024-11-07 00:00:00+00:00,37.15191728136293,37.15191728136293,34.83362335476655,34.84348678588867,287700
2024-11-08 00:00:00+00:00,35.07038409984091,35.51431377467071,34.67578287139494,35.198631286621094,194000
2024-11-11 00:00:00+00:00,35.85959357925074,37.06313552635014,35.672158260945274,36.24433517456055,237900
2024-11-12 00:00:00+00:00,36.16541326379331,36.747453619299435,35.83986730941599,36.19500732421875,233300
2024-11-13 00:00:00+00:00,36.727720147570345,37.02367201860769,35.91878327722656,36.17527389526367,286800
2024-11-14 00:00:00+00:00,36.017433817096666,36.46136351969694,35.69188787734468,35.968109130859375,302300
2024-11-15 00:00:00+00:00,36.02730112749514,36.20487300910311,34.932275778656795,35.08025360107422,310800
2024-11-18 00:00:00+00:00,35.267683265762,35.32687513789454,34.67577959736359,34.744834899902344,171100
2024-11-19 00:00:00+00:00,34.291043480021145,34.922412259287626,33.126966583728404,34.675785064697266,214100
2024-11-20 00:00:00+00:00,34.70537779889396,35.08025217406508,34.360101244941745,35.07038497924805,189100
2024-11-21 00:00:00+00:00,35.46499086059222,35.84972867689227,35.021061163618214,35.5340461730957,218600
2024-11-22 00:00:00+00:00,35.603101293716065,36.116086300428826,35.36633753552854,36.017433166503906,215700
2024-11-25 00:00:00+00:00,36.49095672918738,37.34921820356648,36.175270498063625,36.20486831665039,169600
2024-11-26 00:00:00+00:00,35.89905459076475,36.28379242022832,35.68202145076687,36.02730178833008,176900
2024-11-27 00:00:00+00:00,36.23447008214637,36.35285009198732,35.60310501201775,35.61296844482422,93600
2024-11-29 00:00:00+00:00,35.65242891886368,35.741214865101014,34.98160260578883,35.14931106567383,97200
2024-12-02 00:00:00+00:00,35.198633312190566,35.51431581840671,34.744840179908905,35.15917205810547,236700
2024-12-03 00:00:00+00:00,34.96187011531309,35.42553045021721,34.58699948514997,34.705379486083984,91600
2024-12-04 00:00:00+00:00,34.853356355109774,35.58337073131366,34.853356355109774,35.42552947998047,197800
2024-12-05 00:00:00+00:00,35.58337174895487,36.23446739972884,35.32688111941522,35.405799865722656,141700
2024-12-06 00:00:00+00:00,35.504452639409884,35.553777325751454,34.813895740930924,35.37620544433594,145100
2024-12-09 00:00:00+00:00,35.60310113189494,35.60310113189494,34.68564768834065,34.91254425048828,145300
2024-12-10 00:00:00+00:00,34.91254321669509,35.69188601353743,34.69551009270555,35.22822570800781,107200
2024-12-11 00:00:00+00:00,35.632698655485704,35.632698655485704,35.05065828268557,35.17890548706055,180100
2024-12-12 00:00:00+00:00,35.0111976533645,35.20849639537119,34.52780670369062,34.53767013549805,115300
2024-12-13 00:00:00+00:00,34.498210490937154,34.66591516381767,34.004956140255096,34.46861267089844,98100
2024-12-16 00:00:00+00:00,34.47848528005427,35.01120096562782,34.261452127435575,34.99147033691406,132600
2024-12-17 00:00:00+00:00,34.86321857720083,35.119709190505304,34.5771301430762,34.636322021484375,177500
2024-12-18 00:00:00+00:00,35.07038727434207,35.09998509749792,32.93952840551003,32.959259033203125,264200
2024-12-19 00:00:00+00:00,33.373592375565586,33.86684674401392,32.6435742544399,32.78168487548828,178600
2024-12-20 00:00:00+00:00,32.40681432919354,33.7188729105792,31.982615221169045,33.1861572265625,301200
2024-12-23 00:00:00+00:00,32.97899009367204,33.49197513072685,32.87047352155222,33.3933219909668,117200
2024-12-24 00:00:00+00:00,33.40318578640991,33.6794070231562,32.9395254848154,33.422916412353516,72000
2024-12-26 00:00:00+00:00,33.176293494314095,33.63008665960928,32.969123776911864,33.561031341552734,70000
2024-12-27 00:00:00+00:00,33.39331910936661,33.73859942388289,32.90993193756885,33.26507568359375,191800
2024-12-30 00:00:00+00:00,33.03817922936061,33.2552085923149,32.60411297698766,33.07763671875,88300
2024-12-31 00:00:00+00:00,33.33413421470219,33.422920159787196,32.77182448357464,33.01845169067383,113200
2025-01-02 00:00:00+00:00,33.20588314341886,33.53143282520113,32.50546286006149,32.72249221801758,194700
2025-01-03 00:00:00+00:00,32.850741937213975,33.13683038934048,32.21937691406057,33.11709976196289,121400
2025-01-06 00:00:00+00:00,33.12696886845931,33.51170671643804,32.85074383246918,32.96912384033203,99700
2025-01-07 00:00:00+00:00,32.97899211916647,33.21575214266688,32.30816578052743,32.6534423828125,120800
2025-01-08 00:00:00+00:00,32.367354136870915,32.90006601324648,32.31802568772654,32.8704719543457,93400
2025-01-10 00:00:00+00:00,32.36735600080892,32.544927890904034,31.44003717565455,32.02207565307617,219300
2025-01-13 00:00:00+00:00,31.696529243660624,32.623846173943875,31.696529243660624,32.58438491821289,147600
2025-01-14 00:00:00+00:00,32.77182484813237,33.74846649169922,32.77182484813237,33.74846649169922,117800
2025-01-15 00:00:00+00:00,34.58699932166044,35.10984777294392,34.33050493041139,34.89281463623047,138400
2025-01-16 00:00:00+00:00,34.75470566920745,35.05065756590068,34.379831259672024,34.823760986328125,221200
2025-01-17 00:00:00+00:00,34.971739941889126,35.61296844482422,34.71524553012896,35.61296844482422,207700
2025-01-21 00:00:00+00:00,35.87932391996398,36.41203957391736,35.731349858242986,36.3232536315918,170500
2025-01-22 00:00:00+00:00,36.283788295342084,36.51068484171244,35.78067052090902,36.10621643066406,186900
2025-01-23 00:00:00+00:00,35.56364136691776,36.10622045243383,33.876712227806294,34.33050537109375,342700
2025-01-24 00:00:00+00:00,34.10360765265513,35.16903892357159,33.87671108864121,34.83362579345703,234500
2025-01-27 00:00:00+00:00,34.823755490752966,35.29727920338133,33.669542146827325,33.70899963378906,256700
2025-01-28 00:00:00+00:00,33.561031341552734,33.78792792420033,33.077640351924316,33.561031341552734,218500
2025-01-29 00:00:00+00:00,33.6399472189995,34.38969598419439,33.6399472189995,34.133201599121094,233900
2025-01-30 00:00:00+00:00,34.36009859954734,34.69550793285926,33.511700545746386,33.679405212402344,323500
2025-01-31 00:00:00+00:00,33.81751707852741,34.734970471854595,33.718867713683814,34.46861267089844,250000
2025-02-03 00:00:00+00:00,33.79778688162839,34.300908433116,33.14669128099838,33.31439971923828,190800
2025-02-04 00:00:00+00:00,33.09737045444736,34.01482396631363,33.09737045444736,33.7188720703125,198300
2025-02-05 00:00:00+00:00,33.94576742014405,34.28118056032835,33.61035427995974,34.221988677978516,110400
2025-02-06 00:00:00+00:00,34.2022546171353,35.20849393667689,34.2022546171353,35.13943862915039,143600
2025-02-07 00:00:00+00:00,35.04079413341167,35.04079413341167,34.2811818818518,34.823760986328125,142600
2025-02-10 00:00:00+00:00,34.942137815680766,35.1098462586074,34.517942519032424,34.77443313598633,206400
2025-02-11 00:00:00+00:00,34.63577025060952,36.11152723894121,34.61596095018549,35.78468322753906,222000
2025-02-12 00:00:00+00:00,35.21022664117167,36.15114767887209,35.05175600795545,36.05210494995117,407900
2025-02-13 00:00:00+00:00,35.992675588344405,36.69588875862905,35.19041591491122,35.98277282714844,605700
2025-02-14 00:00:00+00:00,36.02239129489866,36.90388448180197,36.00258199226466,36.339332580566406,273700
2025-02-18 00:00:00+00:00,36.26009694762786,36.81474227476568,35.68563854082034,36.05210494995117,326200
2025-02-19 00:00:00+00:00,35.854013889904294,36.16104860088242,35.24984345080348,35.78468322753906,258900
2025-02-20 00:00:00+00:00,35.55688324486319,35.6559259723802,34.52682225443956,34.942806243896484,232900
2025-02-21 00:00:00+00:00,34.42777536265816,34.497109805028096,31.852626693711194,32.20918655395508,638100
2025-02-24 00:00:00+00:00,32.37756248773371,32.71431307350031,31.69415855407715,31.69415855407715,327300
2025-02-25 00:00:00+00:00,31.85262922969047,34.04150615038883,31.595113964469654,31.605018615722656,284000
2025-02-26 00:00:00+00:00,31.545593222724857,32.228999059778104,31.545593222724857,32.17947769165039,193800
2025-02-27 00:00:00+00:00,32.30822995366228,32.83316699362223,32.011097990012786,32.06061935424805,248600
2025-02-28 00:00:00+00:00,32.08043033870663,32.5459394990647,31.704061149943975,32.13985824584961,279700
2025-03-03 00:00:00+00:00,32.01109848764696,32.49641693246814,30.981039360412648,31.268266677856445,311300
2025-03-04 00:00:00+00:00,30.802760172655496,31.139510752410185,29.832127037653866,30.396678924560547,472100
2025-03-05 00:00:00+00:00,31.070181755598785,31.297983075006144,29.653848692043184,30.02031135559082,305300
2025-03-06 00:00:00+00:00,29.62413324054173,29.72317786240322,29.119007369255257,29.584516525268555,221700
2025-03-07 00:00:00+00:00,29.44585300557754,29.70336826420358,28.346463192315962,29.208147048950195,156300
2025-03-10 00:00:00+00:00,28.67330977123961,28.91101573327562,27.70267473152708,28.059234619140625,273500
2025-03-11 00:00:00+00:00,28.455411460801137,29.38642790341053,28.108756221509644,29.069486618041992,273000
2025-03-12 00:00:00+00:00,29.594419173248617,29.594419173248617,28.584169323686233,28.762449264526367,314700
2025-03-13 00:00:00+00:00,28.86149334087712,29.069487244582582,28.059235458856893,28.098854064941406,218600
2025-03-14 00:00:00+00:00,28.52474157555399,28.95063212789695,28.376175587069454,28.861492156982422,258600
2025-03-17 00:00:00+00:00,28.742640341994278,29.505281481607053,28.722831039612867,29.416141510009766,604800
2025-03-18 00:00:00+00:00,29.227957683014743,29.376523676537857,28.940728458300164,29.089296340942383,305400
2025-03-19 00:00:00+00:00,29.03977327506689,29.307193198642313,28.663405963053382,29.099199295043945,272700
2025-03-20 00:00:00+00:00,28.81197114304832,29.534993681206693,28.81197114304832,29.059581756591797,150500
2025-03-21 00:00:00+00:00,28.85158771605862,29.08929556630848,28.455411114173938,28.871397018432617,656800
2025-03-24 00:00:00+00:00,29.000154597184018,29.44585255055332,28.970440644645134,29.277477264404297,169500
2025-03-25 00:00:00+00:00,29.247765895906387,29.505281156671586,29.079390605756796,29.1289119720459,113300
2025-03-26 00:00:00+00:00,29.227956529395342,29.792508415971934,29.148721210035806,29.307191848754883,209800
2025-03-27 00:00:00+00:00,29.24776631807315,29.44585367520781,28.85158782556571,29.14872169494629,149700
2025-03-28 00:00:00+00:00,29.069486452384794,29.079391103636002,28.25732394097638,28.42569923400879,155600
2025-03-31 00:00:00+00:00,28.069138483330605,28.653499665370454,27.82152787701267,28.4752197265625,187500
2025-04-01 00:00:00+00:00,28.42569923400879,28.65350054542938,27.950285419546127,28.42569923400879,205700
2025-04-02 00:00:00+00:00,27.989903907890405,28.742640397773265,27.989903907890405,28.693117141723633,169900
2025-04-03 00:00:00+00:00,27.405544321515396,27.742294925974285,26.811278437816235,26.860801696777344,328300
2025-04-04 00:00:00+00:00,25.761406660518517,26.29624456607614,25.32561148216565,26.157583236694336,266500
2025-04-07 00:00:00+00:00,25.345422099586557,27.375828338637536,24.790774864134416,25.94959259033203,483500
2025-04-08 00:00:00+00:00,26.7716585375811,26.979650533137512,25.196854983069333,25.622745513916016,299700
2025-04-09 00:00:00+00:00,25.385037842118543,27.42535054317618,24.978956609866646,26.98955535888672,487000
2025-04-10 00:00:00+00:00,26.375480151016976,26.59337868698102,24.9294351609088,25.989208221435547,373600
2025-04-11 00:00:00+00:00,25.820835360096932,26.246725932199222,24.998768170615456,25.741600036621094,188300
2025-04-14 00:00:00+00:00,26.108062410516055,26.137774473641525,25.186950671247228,25.820833206176758,177700
2025-04-15 00:00:00+00:00,25.830738217184717,26.41509939564254,25.583127612384587,26.018922805786133,294100
2025-04-16 00:00:00+00:00,25.642555195133646,26.395291706406358,25.61284312977862,26.276439666748047,182100
2025-04-17 00:00:00+00:00,26.29624719968099,26.642902446972425,26.226916528046527,26.464622497558594,144600
2025-04-21 00:00:00+00:00,26.345769774153762,27.702674884403926,25.820834591061313,26.068445205688477,203100
2025-04-22 00:00:00+00:00,26.33586652210281,27.306499729622587,26.33586652210281,27.227264404296875,241800
2025-04-23 00:00:00+00:00,27.979998539124324,29.297286890357277,27.64324796309915,27.841337203979492,208900
2025-04-24 00:00:00+00:00,26.345770056004326,27.484778517650717,26.345770056004326,27.445159912109375,215900
2025-04-25 00:00:00+00:00,27.237167383900722,27.732388609062554,27.237167383900722,27.69277000427246,127000
2025-04-28 00:00:00+00:00,27.69277032157427,28.128565533663323,27.653153605449305,27.979999542236328,165700
2025-04-29 00:00:00+00:00,27.880954099614073,28.49502923903289,27.583822125484367,28.485124588012695,197700
2025-04-30 00:00:00+00:00,27.960190274025155,28.33655946783043,27.445159739933242,27.890859603881836,185300
2025-05-01 00:00:00+00:00,27.89085967532916,28.48512553240991,27.643249058972106,28.25732421875,167500
2025-05-02 00:00:00+00:00,28.65350002320424,29.22795656147108,28.4455061289578,29.21805191040039,171800
2025-05-05 00:00:00+00:00,28.871398113171193,29.663753236103936,28.67331074927735,29.287384033203125,98500
2025-05-06 00:00:00+00:00,28.76990312388187,29.476463478789206,28.17281032068971,29.307287216186523,188400
2025-05-07 00:00:00+00:00,29.675491792584708,29.675491792584708,29.03859384392149,29.1679630279541,120500
2025-05-08 00:00:00+00:00,29.426704317618096,30.41190657801254,29.317236767094602,30.232778549194336,140600
2025-05-09 00:00:00+00:00,30.23277842557971,30.252681961612726,29.7849602534709,30.133264541625977,148200
2025-05-12 00:00:00+00:00,31.317495926161257,31.88473530472643,31.078659192183853,31.17817497253418,168200
2025-05-13 00:00:00+00:00,31.476720041740965,31.546382415833,31.178174602340395,31.46677017211914,124300
2025-05-14 00:00:00+00:00,31.367254585593823,31.397107990853858,30.720404864182857,30.760210037231445,130400
2025-05-15 00:00:00+00:00,30.70050210422331,31.088611567253963,29.76505678762808,30.77016258239746,109000
2025-05-16 00:00:00+00:00,30.650742873113124,30.77016218996411,29.90437736258499,30.471616744995117,147200
2025-05-19 00:00:00+00:00,30.133263673916836,30.382052172848464,29.834716336335514,30.34224510192871,124600
2025-05-20 00:00:00+00:00,30.272585068505737,30.999047040461516,30.272585068505737,30.95924186706543,227900
2025-05-21 00:00:00+00:00,30.680599348300408,30.829872076484442,30.103410074044607,30.192974090576172,317600
2025-05-22 00:00:00+00:00,30.013844349216363,30.322341556318744,29.4067998046326,29.486412048339844,265700
2025-05-23 00:00:00+00:00,28.879370448674525,29.566025363749638,28.879370448674525,29.42670440673828,140900
2025-05-27 00:00:00+00:00,29.66554125517688,30.40195501338603,28.849515250083112,30.38205337524414,154800
2025-05-28 00:00:00+00:00,30.372101233331087,30.650743144945164,29.765056671990706,29.8148136138916,168500
2025-05-29 00:00:00+00:00,29.95413615363896,30.750258604337375,29.53617139249588,30.153165817260742,115400
2025-05-30 00:00:00+00:00,29.954135668708467,30.23277757288913,29.76505587793901,30.07355308532715,171400
2025-06-02 00:00:00+00:00,29.993940715040885,30.32234145651558,29.42670324323056,29.97403907775879,118400
2025-06-03 00:00:00+00:00,29.854620950504682,30.192973473125523,29.45655971745242,30.013845443725586,204900
2025-06-04 00:00:00+00:00,30.06360178618667,30.1531657990995,29.526219606815314,29.566024780273438,98100
2025-06-05 00:00:00+00:00,29.65558906042624,29.924281101586047,29.426704091188924,29.765056610107422,168100
2025-06-06 00:00:00+00:00,30.22282894232507,30.441762147172145,30.14321669528016,30.43181037902832,93500
2025-06-09 00:00:00+00:00,30.64079342036937,30.690550362506247,29.964088377916063,30.5014705657959,106100
2025-06-10 00:00:00+00:00,30.63084207840662,31.158272505574686,30.53132629464289,31.118467330932617,134800
2025-06-11 00:00:00+00:00,31.16822430420143,31.357304103726605,30.64079387651826,30.849775314331055,216600
2025-06-12 00:00:00+00:00,30.650744097965756,30.849775667969137,30.302441697618427,30.829872131347656,130500
2025-06-13 00:00:00+00:00,30.30244037479139,30.591034050781687,29.854620310885846,30.103408813476562,165500
2025-06-16 00:00:00+00:00,30.49151922047446,30.551229829593332,29.735201921253346,29.944185256958008,199400
2025-06-17 00:00:00+00:00,29.705347434164395,29.974039471107623,29.38689845620455,29.416751861572266,135100
2025-06-18 00:00:00+00:00,29.416751903543805,29.974039513874295,29.416751903543805,29.735200881958008,191500
2025-06-20 00:00:00+00:00,29.983989164604644,30.2128760270105,29.645638551090087,29.8546199798584,295100
2025-06-23 00:00:00+00:00,29.725251827390338,30.660695252608626,29.665541218720985,30.65074348449707,120400
2025-06-24 00:00:00+00:00,30.909483184279747,31.377206786266406,30.720405288005566,30.79006576538086,152700
2025-06-25 00:00:00+00:00,30.750258581797894,30.750258581797894,30.292488647508254,30.421857833862305,142300
2025-06-26 00:00:00+00:00,30.481567296581293,31.337400375189713,30.352198107029313,31.287643432617188,170900
2025-06-27 00:00:00+00:00,31.237883589155366,31.50657562587524,31.158271344731585,31.39710807800293,949100
2025-06-30 00:00:00+00:00,31.63594818598479,31.665801592721095,30.97914476620032,31.04880714416504,230400
2025-07-01 00:00:00+00:00,30.999047982261477,32.262892171148685,30.999047982261477,31.974300384521484,161700
2025-07-02 00:00:00+00:00,32.22308754451073,32.71071087805091,31.98424891446262,32.6908073425293,173100
2025-07-03 00:00:00+00:00,32.83013275180142,33.36751303685339,32.39226255393742,33.188385009765625,121600
2025-07-07 00:00:00+00:00,32.99930827940543,33.32771093941304,32.730616229275064,32.90974426269531,181000
2025-07-08 00:00:00+00:00,32.999308400020155,33.387417875112114,32.91969804943765,33.00925827026367,148800
2025-07-09 00:00:00+00:00,33.168486563851616,33.25804678467764,32.6609558685687,33.00925827026367,103700
2025-07-10 00:00:00+00:00,32.9196967653453,33.41727377476434,32.9196967653453,33.188385009765625,104800
2025-07-11 00:00:00+00:00,33.02915915552612,33.02915915552612,32.44201815679381,32.46192169189453,154800
2025-07-14 00:00:00+00:00,32.47187737814631,33.417274475097656,32.47187737814631,33.417274475097656,146600
2025-07-15 00:00:00+00:00,33.41727372085535,33.41727372085535,32.28279495239258,32.28279495239258,167800
2025-07-16 00:00:00+00:00,32.61119658166328,32.77042106759875,32.053908982783554,32.660953521728516,142700
2025-07-17 00:00:00+00:00,32.59129275905727,32.98935586849205,32.123569174903075,32.730613708496094,179400
2025-07-18 00:00:00+00:00,32.909741875277966,33.09881976518882,32.29274746948518,32.83013153076172,188700
2025-07-21 00:00:00+00:00,32.939598083496094,33.39737183921837,32.780373584700534,32.939598083496094,163200
2025-07-22 00:00:00+00:00,32.899793296476346,33.03911425200381,32.6111977193344,32.651004791259766,191200
2025-07-23 00:00:00+00:00,32.96945316931339,33.088870586687094,32.41216556121735,33.059017181396484,171200
2025-07-24 00:00:00+00:00,33.198339604946156,33.198339604946156,30.32234311930243,30.362150192260742,271200
2025-07-25 00:00:00+00:00,30.352197832284915,30.352197832284915,29.83471728254978,29.914329528808594,290200
2025-07-28 00:00:00+00:00,29.90437672083012,29.90437672083012,29.148061356725282,29.705347061157227,289900
2025-07-29 00:00:00+00:00,29.85461986180187,29.92428033778251,29.396849935011602,29.486412048339844,203900
2025-07-30 00:00:00+00:00,29.60583168407483,30.123312222837626,29.00873890074127,29.148061752319336,198000
2025-07-31 00:00:00+00:00,28.889321078349067,29.645638340232097,28.73009659143744,28.84951400756836,234900
2025-08-01 00:00:00+00:00,28.54101769054099,28.710193950417917,28.043440678915395,28.371841430664062,253100
2025-08-04 00:00:00+00:00,28.411647469940608,28.769903536616606,28.202666029783426,28.75,122300
2025-08-05 00:00:00+00:00,27.100000381469727,27.549999237060547,26.8700008392334,27.540000915527344,372800
2025-08-06 00:00:00+00:00,27.479999542236328,27.790000915527344,27.270000457763672,27.530000686645508,141400
2025-08-07 00:00:00+00:00,27.780000686645508,27.829999923706055,27.329999923706055,27.520000457763672,172600
2025-08-08 00:00:00+00:00,27.84000015258789,28.139999389648438,27.3799991607666,27.889999389648438,142800
2025-08-11 00:00:00+00:00,27.950000762939453,28.299999237060547,27.81999969482422,28.219999313354492,152900
2025-08-12 00:00:00+00:00,28.469999313354492,29.309999465942383,28.469999313354492,29.260000228881836,159900
2025-08-13 00:00:00+00:00,29.520000457763672,29.829999923706055,29.239999771118164,29.729999542236328,172000
2025-08-14 00:00:00+00:00,29.34000015258789,29.530000686645508,29.209999084472656,29.450000762939453,120000
2025-08-15 00:00:00+00:00,29.549999237060547,29.549999237060547,28.770000457763672,28.809999465942383,151300
2025-08-18 00:00:00+00:00,28.780000686645508,28.90999984741211,28.59000015258789,28.8799991607666,105400
2025-08-19 00:00:00+00:00,28.90999984741211,29.09000015258789,28.3700008392334,28.420000076293945,97800
2025-08-20 00:00:00+00:00,28.489999771118164,28.59000015258789,28.260000228881836,28.469999313354492,119900
2025-08-21 00:00:00+00:00,28.270000457763672,28.579999923706055,28.15999984741211,28.3700008392334,110600
2025-08-22 00:00:00+00:00,28.520000457763672,30.139999389648438,28.510000228881836,30.040000915527344,200600
2025-08-25 00:00:00+00:00,29.780000686645508,29.8799991607666,29.049999237060547,29.389999389648438,146600
2025-08-26 00:00:00+00:00,29.59000015258789,29.90999984741211,29.299999237060547,29.690000534057617,153700
2025-08-27 00:00:00+00:00,29.510000228881836,29.8700008392334,29.43000030517578,29.65999984741211,172400
2025-08-28 00:00:00+00:00,29.899999618530273,29.899999618530273,28.989999771118164,29.110000610351562,167900
2025-08-29 00:00:00+00:00,29.15999984741211,29.350000381469727,28.850000381469727,28.889999389648438,161600
2025-09-02 00:00:00+00:00,28.559999465942383,28.84000015258789,28.34000015258789,28.440000534057617,219600
2025-09-03 00:00:00+00:00,28.299999237060547,28.729999542236328,28.200000762939453,28.65999984741211,311900
2025-09-04 00:00:00+00:00,28.829999923706055,29.09000015258789,28.489999771118164,29.06999969482422,162700
2025-09-05 00:00:00+00:00,29.170000076293945,29.579999923706055,28.65999984741211,28.8700008392334,124100
2025-09-08 00:00:00+00:00,28.850000381469727,29.030000686645508,28.469999313354492,28.93000030517578,146800
2025-09-09 00:00:00+00:00,28.8700008392334,29.190000534057617,28.700000762939453,28.75,128000
2025-09-10 00:00:00+00:00,28.850000381469727,29.010000228881836,28.3799991607666,28.459999084472656,120200
2025-09-11 00:00:00+00:00,28.530000686645508,28.989999771118164,28.31999969482422,28.8799991607666,176500
2025-09-12 00:00:00+00:00,28.90999984741211,28.90999984741211,28.43000030517578,28.520000457763672,116400
2025-09-15 00:00:00+00:00,28.610000610351562,28.610000610351562,28.06999969482422,28.190000534057617,131000
2025-09-16 00:00:00+00:00,28.059999465942383,28.059999465942383,27.40999984741211,27.579999923706055,221300
2025-09-17 00:00:00+00:00,27.709999084472656,28.579999923706055,27.469999313354492,27.799999237060547,149000
2025-09-18 00:00:00+00:00,27.959999084472656,28.75,27.719999313354492,28.729999542236328,127300
2025-09-19 00:00:00+00:00,28.68000030517578,28.700000762939453,28.020000457763672,28.09000015258789,296000
2025-09-22 00:00:00+00:00,27.940000534057617,28.110000610351562,26.479999542236328,28.0,112600
2025-09-23 00:00:00+00:00,28.139999389648438,28.329999923706055,27.700000762939453,27.719999313354492,107500
2025-09-24 00:00:00+00:00,27.850000381469727,28.0,27.479999542236328,27.600000381469727,134300
2025-09-25 00:00:00+00:00,27.399999618530273,27.559999465942383,27.209999084472656,27.420000076293945,132800
2025-09-26 00:00:00+00:00,27.540000915527344,27.790000915527344,27.389999389648438,27.690000534057617,84500
