"('date', '')","('open', 'AMH')","('high', 'AMH')","('low', 'AMH')","('close', 'AMH')","('volume', 'AMH')"
2024-01-02 00:00:00+00:00,34.295390400005665,34.78830412462594,34.05841285639921,34.63663864135742,1909700
2024-01-03 00:00:00+00:00,34.46601112434037,34.598717957124364,33.982574958067254,34.19111633300781,2215500
2024-01-04 00:00:00+00:00,34.06789273049778,34.257475501732934,33.78352038164036,33.9067497253418,1983400
2024-01-05 00:00:00+00:00,33.69820519482916,34.02049479128675,33.33799832443766,33.56549835205078,2532500
2024-01-08 00:00:00+00:00,33.5275742597133,34.25746536254883,33.4801794849296,34.25746536254883,2544400
2024-01-09 00:00:00+00:00,34.011014881202634,34.11528556916905,33.641330526405326,34.105804443359375,2203000
2024-01-10 00:00:00+00:00,34.314349312472174,34.38070273593463,34.134244063653746,34.276432037353516,1720200
2024-01-11 00:00:00+00:00,34.1058104167895,34.219558634497915,33.887791492852266,33.92570877075195,2052000
2024-01-12 00:00:00+00:00,34.24799757935652,34.32382851734617,33.717166549466725,33.88779067993164,2853000
2024-01-16 00:00:00+00:00,33.64133447152022,33.736124044792916,33.22425167074328,33.451751708984375,3902300
2024-01-17 00:00:00+00:00,33.08206073332681,33.584451880567514,32.882996883448115,33.40435028076172,4567900
2024-01-18 00:00:00+00:00,33.50861896945093,33.584453509461795,32.92091574832625,33.015708923339844,3313300
2024-01-19 00:00:00+00:00,33.29060361006588,34.15320170593066,33.25268995204247,33.75508117675781,3992400
2024-01-22 00:00:00+00:00,33.98257520339728,34.37121819478042,33.944661548035285,34.295387268066406,2082400
2024-01-23 00:00:00+00:00,34.39018391219046,34.41862367955589,33.4612322687135,33.60342025756836,1636900
2024-01-24 00:00:00+00:00,33.86882794782002,33.90674522022719,33.167376488238055,33.21477127075195,2269800
2024-01-25 00:00:00+00:00,33.480188733130134,33.51810600982676,32.911444046642835,33.02519226074219,2559400
2024-01-26 00:00:00+00:00,33.02518714094891,33.281123294988355,32.864040547965566,33.24320602416992,2164000
2024-01-29 00:00:00+00:00,33.08206552834055,33.62237402206157,33.034667128267635,33.46122741699219,3525100
2024-01-30 00:00:00+00:00,33.546541282257074,33.78351883142927,33.36643964664277,33.451751708984375,2194500
2024-01-31 00:00:00+00:00,33.58445381510981,33.85934860116616,33.082062638930225,33.224246978759766,2756600
2024-02-01 00:00:00+00:00,33.05362454610154,33.86882781982422,32.759774726031814,33.86882781982422,3665300
2024-02-02 00:00:00+00:00,33.47070698632338,33.840391347356615,33.11997764524922,33.574974060058594,2994800
2024-02-05 00:00:00+00:00,33.16737832186899,33.16737832186899,32.72185938642994,32.74081802368164,1905900
2024-02-06 00:00:00+00:00,32.76925268773849,33.119978421037835,32.64602335917758,33.04414749145508,1663200
2024-02-07 00:00:00+00:00,33.148414514064534,33.148414514064534,32.683937013823886,32.958831787109375,1550900
2024-02-08 00:00:00+00:00,32.88299637707345,33.22424455333657,32.693417271140305,33.19580841064453,1794300
2024-02-09 00:00:00+00:00,33.186336970876255,33.43279566609947,33.034671472273786,33.39487838745117,2249800
2024-02-12 00:00:00+00:00,33.461226982327574,33.58445631213396,32.854565075573355,32.8735237121582,2182900
2024-02-13 00:00:00+00:00,32.191027442586986,32.503839524034966,31.99196718129657,32.323734283447266,2830700
2024-02-14 00:00:00+00:00,32.418528045982214,32.59862967379674,32.18155050707297,32.257381439208984,5294700
2024-02-15 00:00:00+00:00,32.56071460444939,32.93040262761156,32.43748887938586,32.835609436035156,2771300
2024-02-16 00:00:00+00:00,32.55123502960815,32.816648717214356,32.37113340101684,32.63654708862305,1854800
2024-02-20 00:00:00+00:00,32.53227737673416,32.977796322400806,32.35217574269401,32.58915328979492,3112300
2024-02-21 00:00:00+00:00,32.62706029604835,33.05362051704627,32.53227074293311,32.92091369628906,2483600
2024-02-22 00:00:00+00:00,33.157899289271334,33.157899289271334,32.778737368263144,32.93988037109375,3187000
2024-02-23 00:00:00+00:00,32.93039527665096,33.67924143499378,32.28581618178115,33.40435028076172,4707100
2024-02-26 00:00:00+00:00,33.31904098222521,33.84039080652951,33.30955985640713,33.72664260864258,4888300
2024-02-27 00:00:00+00:00,35.29069378723112,35.774129979598634,34.23851296195025,34.28590774536133,13418500
2024-02-28 00:00:00+00:00,34.08684031078282,34.77881412770927,34.067881678210796,34.30485916137695,8170100
2024-02-29 00:00:00+00:00,34.65559287413012,35.2432960951013,34.57975833413906,35.082149505615234,53186700
2024-03-01 00:00:00+00:00,34.80726565115171,35.10111551538041,34.67455879427544,34.873619079589844,5338700
2024-03-04 00:00:00+00:00,35.18641930349979,35.38548315796549,34.84517111411837,35.31912612915039,3369900
2024-03-05 00:00:00+00:00,35.167463197299774,35.36652706607691,34.66507200236379,34.69350814819336,3999900
2024-03-06 00:00:00+00:00,34.845174196235185,34.977884649614055,34.47548983036935,34.62715530395508,2294100
2024-03-07 00:00:00+00:00,34.835702338298674,34.845179849939846,34.37122471608544,34.61768341064453,4307500
2024-03-08 00:00:00+00:00,34.85465765255825,35.053717921949676,34.731428317034364,34.93048858642578,2161200
2024-03-11 00:00:00+00:00,34.91152986482491,35.09163147766364,34.61767643925542,34.74090576171875,2000400
2024-03-12 00:00:00+00:00,34.67455602063131,34.996842009556254,34.62715761897494,34.93048858642578,1764200
2024-03-13 00:00:00+00:00,34.81674037762931,35.15798862000909,34.79778174016484,34.93048858642578,1837200
2024-03-14 00:00:00+00:00,34.83502497786516,34.873208040138906,34.50089678075707,34.672733306884766,2514000
2024-03-15 00:00:00+00:00,34.32906182498451,34.787291368391536,34.32906182498451,34.63454818725586,5020300
2024-03-18 00:00:00+00:00,34.67273328147148,34.69182663343662,34.21450375936164,34.22404861450195,3180400
2024-03-19 00:00:00+00:00,34.329057058219675,34.50089356834752,34.042664088567996,34.300418853759766,2023100
2024-03-20 00:00:00+00:00,34.28132901193121,34.67273362690475,34.10949248421751,34.5772705078125,3106600
2024-03-21 00:00:00+00:00,34.605908403486595,34.940032958984375,34.529534995553085,34.940032958984375,2194300
2024-03-22 00:00:00+00:00,35.27416083347259,35.2837056885347,34.6250014387145,34.682281494140625,2435500
2024-03-25 00:00:00+00:00,34.79683857924037,34.80638343447143,34.32906055585821,34.3958854675293,1864800
2024-03-26 00:00:00+00:00,34.37678969098161,34.395883041781744,33.98538510378972,34.004478454589844,2583100
2024-03-27 00:00:00+00:00,34.386335570521744,34.749101924750114,34.24313727125991,34.60590362548828,2243400
2024-03-28 00:00:00+00:00,34.768196756480684,35.27416148453896,34.66318878212137,35.11186981201172,1954800
2024-04-01 00:00:00+00:00,35.045047619573374,35.19779080702972,34.434074869747995,34.691829681396484,1359600
2024-04-02 00:00:00+00:00,34.40543667564561,34.55817986317086,34.25269348812037,34.424530029296875,1915000
2024-04-03 00:00:00+00:00,34.31951633078938,34.51044621407736,34.166773152495914,34.29087448120117,1591600
2024-04-04 00:00:00+00:00,34.596363183044005,34.72046450709881,34.033122051377326,34.05221176147461,1602500
2024-04-05 00:00:00+00:00,33.9281052875313,34.4340662870537,33.870825240880414,34.357696533203125,1067900
2024-04-08 00:00:00+00:00,34.462711819692885,34.920945006997485,34.434073611118116,34.901851654052734,2397400
2024-04-09 00:00:00+00:00,35.0450463386113,35.19778952048459,34.63454835451093,34.901851654052734,1814600
2024-04-10 00:00:00+00:00,34.22405163680106,34.519993155868335,33.92811375941862,34.424530029296875,2054200
2024-04-11 00:00:00+00:00,34.691820728691354,34.701365582207075,33.994929888158815,34.45315933227539,1737300
2024-04-12 00:00:00+00:00,34.43407232586606,34.43407232586606,33.82309962117744,33.94720458984375,1488100
2024-04-15 00:00:00+00:00,34.16676957412463,34.16676957412463,33.26940030916023,33.47942352294922,1330400
2024-04-16 00:00:00+00:00,33.43169673074906,33.43169673074906,33.02119874077604,33.09756851196289,1458300
2024-04-17 00:00:00+00:00,33.19303193598996,33.39350666206587,32.88754559863112,33.08802032470703,1942700
2024-04-18 00:00:00+00:00,33.164397695341975,33.6130787585389,33.00210601076747,33.44124221801758,2623200
2024-04-19 00:00:00+00:00,33.58443848550664,33.79446172028056,33.403057100183005,33.67035675048828,2657300
2024-04-22 00:00:00+00:00,33.75627659574245,33.899471282958984,33.555801848628434,33.899471282958984,3556300
2024-04-23 00:00:00+00:00,33.9662999977698,34.176319601664375,33.81355317066859,33.985389709472656,2230700
2024-04-24 00:00:00+00:00,33.80400578840152,34.12858548836383,33.5939825585187,33.956748962402344,2764300
2024-04-25 00:00:00+00:00,33.67990066807325,34.16677203664107,33.51761263967365,34.13813018798828,1925800
2024-04-26 00:00:00+00:00,34.28132885672904,34.94958161240311,34.23359729739901,34.75865173339844,1530500
2024-04-29 00:00:00+00:00,35.025952177365625,35.178695355714034,34.29087449353746,34.472259521484375,1935700
2024-04-30 00:00:00+00:00,34.14767710197633,34.59636174599963,34.07130369802157,34.17631530761719,2674700
2024-05-01 00:00:00+00:00,34.042664088567996,34.79683503394197,33.84218937398024,34.300418853759766,2289300
2024-05-02 00:00:00+00:00,34.55817747918333,34.86366383315991,34.25269112520675,34.749107360839844,2173500
2024-05-03 00:00:00+00:00,35.4841805407651,35.78967052905963,34.07130527727262,34.13813018798828,2359000
2024-05-06 00:00:00+00:00,34.33861096729206,34.49135415129697,34.14768107686474,34.44362258911133,3949200
2024-05-07 00:00:00+00:00,34.69182825480768,34.930489702999346,34.6154548433777,34.81593322753906,2437200
2024-05-08 00:00:00+00:00,34.67273601444527,34.854117409884175,34.491354619006366,34.51999282836914,1326800
2024-05-09 00:00:00+00:00,34.71092065617162,34.78729042382347,34.28132933286562,34.749107360839844,1663200
2024-05-10 00:00:00+00:00,35.04504326099647,35.04504326099647,34.30042076996663,34.4340705871582,1499700
2024-05-13 00:00:00+00:00,34.558173618951535,34.60590517361278,34.166769044034595,34.300418853759766,996200
2024-05-14 00:00:00+00:00,34.539082198289975,34.58681375561777,34.07130419643508,34.4340705871582,1163100
2024-05-15 00:00:00+00:00,34.987770080566406,35.05459499533456,34.758653485872216,34.987770080566406,2245600
2024-05-16 00:00:00+00:00,34.95912487569641,35.10232318885037,34.73955679942888,34.796836853027344,1192300
2024-05-17 00:00:00+00:00,34.78728680652827,35.16914653013428,34.6631854917879,35.10232162475586,1451300
2024-05-20 00:00:00+00:00,35.03550180084412,35.27416325229172,34.94003503525424,35.07368850708008,1952600
2024-05-21 00:00:00+00:00,35.00685693304539,35.22642865413463,34.92094231394669,35.05459213256836,1107500
2024-05-22 00:00:00+00:00,34.987769913248584,35.27416292398319,34.634548346380676,34.72046661376953,1003300
2024-05-23 00:00:00+00:00,34.720463572809344,34.81593032914932,34.38633902983041,34.4340705871582,1332500
2024-05-24 00:00:00+00:00,34.6154572356193,34.73001736068143,34.3577060584419,34.491355895996094,1330100
2024-05-28 00:00:00+00:00,34.691832452383174,34.7395640194599,34.04267294342132,34.09040451049805,1157200
2024-05-29 00:00:00+00:00,33.63216609702153,33.870827511540575,33.41259803266612,33.85173416137695,1963000
2024-05-30 00:00:00+00:00,34.04267168744383,34.157228172538524,33.81355507556943,34.03312683105469,1617600
2024-05-31 00:00:00+00:00,34.2335933330513,34.434068044032614,33.89946517306499,34.40542984008789,2793300
2024-06-03 00:00:00+00:00,34.49135047361753,34.60590693898531,34.04266582520755,34.34815216064453,1577400
2024-06-04 00:00:00+00:00,34.26223299905956,34.83502259418541,34.26223299905956,34.730010986328125,1583400
2024-06-05 00:00:00+00:00,34.61545002787136,34.62499852381412,34.224045452954414,34.300418853759766,1683500
2024-06-06 00:00:00+00:00,34.042670564699186,34.45316856790884,33.96630079104977,34.147682189941406,1434200
2024-06-07 00:00:00+00:00,33.775372008327864,34.21450823592838,33.52716204199018,34.03312683105469,2106000
2024-06-10 00:00:00+00:00,33.870836388597,34.28133442049009,33.65126826669595,34.09040451049805,1517100
2024-06-11 00:00:00+00:00,33.966305887873084,34.214512241584465,33.804014176777414,33.93766403198242,1473400
2024-06-12 00:00:00+00:00,34.51998649856669,34.71091635657295,33.613072404300034,33.67989730834961,3573900
2024-06-13 00:00:00+00:00,33.74672461520393,33.870829577997036,33.34577516235845,33.80400466918945,1942100
2024-06-14 00:00:00+00:00,33.72707037302638,34.09252012716593,33.553962787835104,34.08290100097656,1276500
2024-06-17 00:00:00+00:00,33.81362373330357,34.26562727425974,33.77515456628141,34.25600814819336,1740200
2024-06-18 00:00:00+00:00,34.32332932484994,34.76571743373541,34.24639465501457,34.746482849121094,2923700
2024-06-20 00:00:00+00:00,34.861883444107434,34.861883444107434,34.31371067378637,34.650306701660156,2047900
2024-06-21 00:00:00+00:00,34.77532675550885,35.12154188023193,34.554134574407165,34.95804977416992,3057700
2024-06-24 00:00:00+00:00,35.006138921567214,35.64086544294649,34.87149684971714,35.39081954956055,1751200
2024-06-25 00:00:00+00:00,35.32350020905322,35.361969372287696,34.82341209286904,34.861881256103516,1355700
2024-06-26 00:00:00+00:00,34.65030736267946,34.79456490230396,34.51566894896147,34.679161071777344,1555500
2024-06-27 00:00:00+00:00,34.813794746081314,35.35234832763672,34.66953722609547,35.35234832763672,2559300
2024-06-28 00:00:00+00:00,35.506230117837816,35.80436068779475,35.227337801850666,35.73704147338867,3032600
2024-07-01 00:00:00+00:00,35.8235921880715,36.1121036061974,35.400442352728305,35.96784973144531,2388300
2024-07-02 00:00:00+00:00,36.05440234456398,36.400613833818966,35.79474097615654,35.9101448059082,2670000
2024-07-03 00:00:00+00:00,36.054405660042406,36.22750958627733,35.871678938459084,35.88129806518555,914600
2024-07-05 00:00:00+00:00,35.96784936604964,36.20827615681569,35.83320728157844,36.015933990478516,1403100
2024-07-08 00:00:00+00:00,36.04478439758875,36.21789198218863,35.871676812988866,35.96784973144531,1334600
2024-07-09 00:00:00+00:00,35.967851571464074,36.08325541089384,35.669721011930115,35.804359436035156,1269100
2024-07-10 00:00:00+00:00,35.89091352329007,35.967851862613976,35.44852907804339,35.88129806518555,1421800
2024-07-11 00:00:00+00:00,36.35253622787484,36.47755920760253,35.140786610015354,35.1504020690918,3388500
2024-07-12 00:00:00+00:00,35.23694721891836,35.294650965068406,34.631070724517805,34.640689849853516,4312400
2024-07-15 00:00:00+00:00,34.794566226477876,35.11192768965929,34.37141638602873,34.486820220947266,2956200
2024-07-16 00:00:00+00:00,34.64069424595922,35.05422864096095,34.41950202724557,34.87150192260742,1898200
2024-07-17 00:00:00+00:00,34.74648240564037,35.121547629277714,34.74648240564037,34.91958999633789,1843500
2024-07-18 00:00:00+00:00,34.78494292963457,35.29465017093803,34.659923652054516,34.861881256103516,2455600
2024-07-19 00:00:00+00:00,34.91959124708258,35.14078347231385,34.77533369346037,34.852272033691406,1763500
2024-07-22 00:00:00+00:00,34.95805476316121,35.48699665065383,34.8041817600602,35.34273910522461,2173800
2024-07-23 00:00:00+00:00,35.34273954723914,35.58316634688022,35.0349935371883,35.16963195800781,1726000
2024-07-24 00:00:00+00:00,35.13116324879108,35.29465538236735,34.29447900231803,34.34256362915039,2757700
2024-07-25 00:00:00+00:00,34.21754390338936,34.27524398741482,33.063494530796504,33.53472900390625,4763300
2024-07-26 00:00:00+00:00,33.72707073576497,34.19830887132538,33.48664393914924,34.03481674194336,3001800
2024-07-29 00:00:00+00:00,34.11175421390481,34.813800002008534,33.83285825642449,34.708011627197266,2893000
2024-07-30 00:00:00+00:00,34.77533046950503,34.842649676655164,34.304092350832455,34.75609588623047,2056500
2024-07-31 00:00:00+00:00,34.82341545943607,35.14078058386988,34.582988668909245,34.708011627197266,2280500
2024-08-01 00:00:00+00:00,34.95805266418225,35.506225434104614,34.871498875846,35.429290771484375,2096500
2024-08-02 00:00:00+00:00,35.57355130873489,37.36232363752364,35.25618616852636,36.304447174072266,4077500
2024-08-05 00:00:00+00:00,35.862060465049915,36.554487117635745,35.60239909459712,35.66010284423828,2677700
2024-08-06 00:00:00+00:00,35.650483113929766,37.12189385292883,35.458140953675,36.61219024658203,2384400
2024-08-07 00:00:00+00:00,36.679511583716675,37.420026559122654,36.400615618572516,36.85261917114258,3061100
2024-08-08 00:00:00+00:00,36.83338663783785,37.131517203585744,36.6025789541676,36.891090393066406,1525100
2024-08-09 00:00:00+00:00,37.083433461727154,37.1218989641771,36.75645284485914,36.871856689453125,1393300
2024-08-12 00:00:00+00:00,36.83338385608944,36.97764139895515,36.49678781423173,36.948787689208984,1860400
2024-08-13 00:00:00+00:00,37.21806922541895,37.36232310367104,36.84300400589299,36.92955780029297,1670900
2024-08-14 00:00:00+00:00,36.92955838985452,37.237304404051486,36.79491629859921,36.8333854675293,1479400
2024-08-15 00:00:00+00:00,36.75644919021698,37.06419519095024,36.525637855356194,36.948787689208984,2332100
2024-08-16 00:00:00+00:00,36.91994103100056,37.01611395793044,36.631429587455,36.794918060302734,1341300
2024-08-19 00:00:00+00:00,36.90070073064314,37.26615045913382,36.81414694412223,37.08342742919922,1208700
2024-08-20 00:00:00+00:00,37.13151081008143,37.18921088675289,36.66989185360299,37.1507453918457,1868800
2024-08-21 00:00:00+00:00,37.19883471330206,37.208450171088764,36.96802337158119,37.13151550292969,1576400
2024-08-22 00:00:00+00:00,37.17959258879805,37.323850106694785,36.58333527415896,36.88146209716797,1695300
2024-08-23 00:00:00+00:00,36.93917128458455,37.18921352803607,36.82376745442397,37.09304428100586,1950600
2024-08-26 00:00:00+00:00,37.37194230243726,37.37194230243726,36.91032328761734,37.13151550292969,1981000
2024-08-27 00:00:00+00:00,36.92955569312703,37.68930154659664,36.75644811420443,37.34309005737305,2557800
2024-08-28 00:00:00+00:00,37.35270139195848,37.83355490953332,37.33346681102094,37.7181510925293,2221800
2024-08-29 00:00:00+00:00,37.71815843149377,37.77585851691211,37.44887791459452,37.64122009277344,1391600
2024-08-30 00:00:00+00:00,37.82394338197078,38.381731612609414,37.650835804174264,38.247093200683594,2098400
2024-09-03 00:00:00+00:00,38.1316898029254,38.391347503935066,37.891263016446985,38.0739860534668,1976200
2024-09-04 00:00:00+00:00,38.1316898029254,38.4298166702408,37.76624006026415,38.0739860534668,1655500
2024-09-05 00:00:00+00:00,38.28556706765908,38.670247767736356,38.170159555876076,38.22786331176758,1522900
2024-09-06 00:00:00+00:00,38.16054271631039,38.19901188551233,37.064197074408455,37.891265869140625,3346400
2024-09-09 00:00:00+00:00,37.881646528105705,37.89126565466269,37.1699852450076,37.68930435180664,1752900
2024-09-10 00:00:00+00:00,37.84317560571408,38.4202021078756,37.64121798083731,38.38173294067383,1354900
2024-09-11 00:00:00+00:00,38.054757066069904,38.60292992635696,37.72777644163358,38.56446075439453,1831400
2024-09-12 00:00:00+00:00,38.53560356559348,39.17994923633095,38.468284361450664,39.04530715942383,2233400
2024-09-13 00:00:00+00:00,39.4034327802858,39.91642521594003,39.28728515187598,39.80027389526367,2142400
2024-09-16 00:00:00+00:00,39.877710955050844,40.080970242340925,39.403435592440516,39.63573455810547,1159500
2024-09-17 00:00:00+00:00,39.50990651390519,39.75188291523595,38.90980607243963,38.996917724609375,1935300
2024-09-18 00:00:00+00:00,39.0937012863166,39.24856601360324,38.30001909743931,38.38713073730469,2160500
2024-09-19 00:00:00+00:00,38.54199981689453,38.74525910211108,38.2709874366058,38.54199981689453,1979400
2024-09-20 00:00:00+00:00,38.37745886846059,38.677507244158384,38.08708423198716,38.348419189453125,4973800
2024-09-23 00:00:00+00:00,38.60975239899206,38.99691610191784,38.47424621064805,38.67750549316406,2858800
2024-09-24 00:00:00+00:00,38.1645154850791,38.59039259064545,37.99029219365046,38.29034423828125,2135800
2024-09-25 00:00:00+00:00,38.38713688577274,38.60007730449841,37.86446696286442,38.06772994995117,1478700
2024-09-26 00:00:00+00:00,37.89350239699177,38.08708054621858,37.148214707215686,37.26436233520508,2351800
2024-09-27 00:00:00+00:00,37.59345394783981,37.65152961351338,36.99335350494713,37.041748046875,1752900
2024-09-30 00:00:00+00:00,36.906240311643614,37.157894134521484,36.73201701416404,37.157894134521484,2429200
2024-10-01 00:00:00+00:00,37.32244045275276,37.43858808838965,36.79008943052791,36.877201080322266,1945900
2024-10-02 00:00:00+00:00,36.54811463232526,36.93527835771638,36.41260843611845,36.90624237060547,1439300
2024-10-03 00:00:00+00:00,36.906240758431565,37.09982261267089,36.54811303579543,36.877201080322266,1668400
2024-10-04 00:00:00+00:00,36.75137306863928,37.21596726622611,36.56746866032797,37.1094970703125,2026900
2024-10-07 00:00:00+00:00,36.96431096121636,37.06110372983747,36.48035819491063,36.625545501708984,1613000
2024-10-08 00:00:00+00:00,36.72233533164772,36.80944697906105,36.015764721413696,36.13191604614258,1585700
2024-10-09 00:00:00+00:00,36.04480439872925,36.248063678604794,35.957692751315925,36.13191604614258,1241200
2024-10-10 00:00:00+00:00,36.13191830875086,36.799771852563424,36.102878629616825,36.24806594848633,2038600
2024-10-11 00:00:00+00:00,36.45132472115582,36.76105421754375,36.1996708899407,36.67394256591797,1439800
2024-10-14 00:00:00+00:00,36.615867614746094,36.75137379686063,36.402927218699496,36.615867614746094,832500
2024-10-15 00:00:00+00:00,36.71265503374394,37.041743043576524,36.18030775990881,36.29645538330078,2509400
2024-10-16 00:00:00+00:00,36.354536910320334,37.041749023712576,36.30613867484927,36.91592025756836,1361600
2024-10-17 00:00:00+00:00,36.74169166627786,36.95463205648417,36.49971529277666,36.886878967285156,1362200
2024-10-18 00:00:00+00:00,36.91591540743969,37.177250337127155,36.81912633374795,36.89655685424805,1507100
2024-10-21 00:00:00+00:00,36.702977240645275,36.809447443523524,36.08351827000823,36.14159393310547,1661500
2024-10-22 00:00:00+00:00,36.07384067363327,37.10949932772069,36.07384067363327,36.93527603149414,2126200
2024-10-23 00:00:00+00:00,37.13853489900244,38.11612157162786,37.07078180592146,37.79671096801758,3260000
2024-10-24 00:00:00+00:00,37.86446502459418,38.08708286356304,37.34179882070792,37.38051223754883,1995200
2024-10-25 00:00:00+00:00,37.55473683739077,37.55473683739077,36.915919284049046,37.041748046875,2210300
2024-10-28 00:00:00+00:00,37.24500584010521,37.40955170676114,36.89655924461427,37.01271057128906,2291100
2024-10-29 00:00:00+00:00,36.828802693926626,37.196607809346084,36.519073236394355,36.58682632446289,2805200
2024-10-30 00:00:00+00:00,35.83186234063957,36.412604168393706,34.98978558271611,35.522132873535156,4774400
2024-10-31 00:00:00+00:00,35.17368423469909,35.17368423469909,34.0993085933977,34.10898971557617,4026500
2024-11-01 00:00:00+00:00,34.08963132909256,34.350966245186754,33.692790239971664,33.89604949951172,3508500
2024-11-04 00:00:00+00:00,33.992843946733615,34.26386002793521,33.71215412630847,34.07027816772461,2896700
2024-11-05 00:00:00+00:00,33.992842723715235,34.321930766553024,33.808941993878456,34.263858795166016,1943600
2024-11-06 00:00:00+00:00,34.93171207940748,35.50277651193364,34.45743672672641,35.20272445678711,3217600
2024-11-07 00:00:00+00:00,35.231763438132596,35.76411075129119,34.86395829591151,35.551170349121094,2080500
2024-11-08 00:00:00+00:00,35.735071343776845,36.18998813647635,35.59956515674295,35.77378845214844,2211400
2024-11-11 00:00:00+00:00,35.92865327332157,36.925598508641876,35.88993985713051,36.209346771240234,2453800
2024-11-12 00:00:00+00:00,36.2577411095322,36.54811203682107,36.093198937899615,36.13191604614258,1969800
2024-11-13 00:00:00+00:00,36.40292614406961,37.02238506817314,36.40292614406961,36.74169158935547,2325300
2024-11-14 00:00:00+00:00,36.66426481197573,36.72233678437081,36.2577425438761,36.30613708496094,1788800
2024-11-15 00:00:00+00:00,36.26742063916053,36.470679910105,36.15126931953526,36.393245697021484,1683700
2024-11-18 00:00:00+00:00,36.29645609109057,36.71265574964973,36.14159135945924,36.238380432128906,2389000
2024-11-19 00:00:00+00:00,36.16095332709221,36.54811334659647,35.918976930301994,36.37389373779297,1251800
2024-11-20 00:00:00+00:00,36.19966837681788,36.5481112668639,36.17062870011411,36.335174560546875,1289200
2024-11-21 00:00:00+00:00,36.325494216660424,36.57715172806885,36.19966915322287,36.42228698730469,1202700
2024-11-22 00:00:00+00:00,36.41260354240429,36.62554393197773,36.325491900512105,36.45132064819336,1214600
2024-11-25 00:00:00+00:00,36.56746908463833,36.96431019711514,36.56746908463833,36.82880401611328,3773200
2024-11-26 00:00:00+00:00,36.86752345746221,37.370834798961134,36.72233614447082,37.09014129638672,3025800
2024-11-27 00:00:00+00:00,37.3224402661541,37.59345264537414,37.30308171160028,37.38051223754883,1602500
2024-11-29 00:00:00+00:00,37.322442599915746,37.53537932878919,37.051426511482404,37.06110763549805,1368800
2024-12-02 00:00:00+00:00,37.06110753299874,37.06110753299874,36.277102641913935,36.48036193847656,1865200
2024-12-03 00:00:00+00:00,36.56746844837878,36.56746844837878,36.228703001768515,36.238380432128906,1126000
2024-12-04 00:00:00+00:00,36.28677976947586,36.45132193649517,35.938333189591944,36.40292739868164,1261400
2024-12-05 00:00:00+00:00,36.29645692397639,36.29645692397639,35.94801034674357,36.1803092956543,2393200
2024-12-06 00:00:00+00:00,36.19966927265962,36.39324743005351,36.06415939331055,36.06415939331055,2233000
2024-12-09 00:00:00+00:00,36.05448478964054,36.683624927306155,36.02544880220787,36.48036193847656,2510100
2024-12-10 00:00:00+00:00,36.73201718724127,36.85784594540645,36.2674229558622,36.36421203613281,3566300
2024-12-11 00:00:00+00:00,36.28678305487346,36.896560932612914,36.26742449954202,36.53843688964844,3229000
2024-12-12 00:00:00+00:00,36.480356663449335,37.08046072690776,36.38356759115807,36.74169158935547,2917900
2024-12-13 00:00:00+00:00,36.614998988537984,36.8878804126536,36.11796443493731,36.420082092285156,2634500
2024-12-16 00:00:00+00:00,36.59550757763223,37.11203791954325,36.303134086921276,36.46881103515625,1784500
2024-12-17 00:00:00+00:00,35.679399214557435,36.5175391924306,35.435754045070134,35.96202850341797,2879400
2024-12-18 00:00:00+00:00,35.91329755993365,36.283639269497066,34.84126026950264,35.045921325683594,2951600
2024-12-19 00:00:00+00:00,35.00693859883997,36.07897964968111,34.88998995032784,35.14338302612305,3691300
2024-12-20 00:00:00+00:00,35.40652105609571,35.962031795968855,35.26033245392674,35.59169006347656,6057300
2024-12-23 00:00:00+00:00,35.38702408280206,35.923042686803015,35.3480399652707,35.89380645751953,1363000
2024-12-24 00:00:00+00:00,35.85482358328532,36.225161559484825,35.73787122663581,36.20567321777344,516100
2024-12-26 00:00:00+00:00,36.06922880168235,36.43957049561205,35.96202805134893,36.20567321777344,1390700
2024-12-27 00:00:00+00:00,36.05949149157959,36.39084912967091,36.00101530212904,36.15694808959961,1255400
2024-12-30 00:00:00+00:00,35.932791931176816,36.098472595214844,35.620926382349396,36.098472595214844,1966400
2024-12-31 00:00:00+00:00,36.37135444416281,36.507795158645884,36.108217187203756,36.46881103515625,1636600
2025-01-02 00:00:00+00:00,36.371356264981884,36.53703693924179,35.75736930134008,35.81584548950195,1742600
2025-01-03 00:00:00+00:00,35.87432002028709,36.39084664646248,35.708639353681555,36.361610412597656,1220400
2025-01-06 00:00:00+00:00,36.322626887496845,36.400591418331324,35.10440088664598,35.18236541748047,2711500
2025-01-07 00:00:00+00:00,35.41626663613758,35.56245524411909,34.79253551518049,34.967960357666016,3070000
2025-01-08 00:00:00+00:00,34.97770601580068,35.250587463378906,34.753552867042714,35.250587463378906,2240200
2025-01-10 00:00:00+00:00,34.704818824722096,35.016684346836485,34.27600094351711,34.38320541381836,2471100
2025-01-13 00:00:00+00:00,34.39295534780661,34.57812435078251,34.042105685131865,34.529396057128906,2733000
2025-01-14 00:00:00+00:00,34.50990512270871,34.77304237830497,34.2954961623568,34.33448028564453,2698900
2025-01-15 00:00:00+00:00,35.06541669428309,35.08490875638655,33.506088903313746,33.55481719970703,3478900
2025-01-16 00:00:00+00:00,33.53532251383125,34.01286870367636,33.37938974693434,33.97388458251953,2091600
2025-01-17 00:00:00+00:00,33.98362854768883,34.58787126876114,33.954392315863856,34.295494079589844,1624900
2025-01-21 00:00:00+00:00,34.0128694524858,34.63660053380514,34.0128694524858,34.529396057128906,2361300
2025-01-22 00:00:00+00:00,34.31498700419428,34.31498700419428,33.82769663361135,34.022613525390625,1600900
2025-01-23 00:00:00+00:00,33.97388610126796,33.97388610126796,33.14549021944009,33.749732971191406,3286900
2025-01-24 00:00:00+00:00,34.012870523237275,34.032358867127826,33.49634018460289,33.72049331665039,2685700
2025-01-27 00:00:00+00:00,33.68151425098487,34.31498954908458,33.59380182906574,33.9251594543457,2909600
2025-01-28 00:00:00+00:00,33.7692278539142,34.59762008722007,33.642531302771,34.23702621459961,3696000
2025-01-29 00:00:00+00:00,34.159049550772565,34.30523812899573,33.24294511806664,33.574302673339844,2902000
2025-01-30 00:00:00+00:00,33.93490027596719,33.993376457382965,33.35015333273105,33.68151092529297,2423900
2025-01-31 00:00:00+00:00,33.59380019732378,34.10058264182621,33.437867423456154,33.749732971191406,1704600
2025-02-03 00:00:00+00:00,33.42811957545186,33.8276975413429,33.164982322148404,33.64252853393555,1979100
2025-02-04 00:00:00+00:00,33.39888560606616,33.973888446469694,33.242952821434564,33.86668395996094,1488200
2025-02-05 00:00:00+00:00,34.0908323737305,34.37346166843743,33.798458907843816,34.24676513671875,1523200
2025-02-06 00:00:00+00:00,34.31498961149194,34.509906518081245,34.149312657416026,34.431941986083984,1599500
2025-02-07 00:00:00+00:00,34.50990529017101,34.80227878078654,34.23702386129394,34.626853942871094,1698500
2025-02-10 00:00:00+00:00,34.558628108725706,34.743800807029125,34.23701843533722,34.45142364501953,1398400
2025-02-11 00:00:00+00:00,34.295490893555105,34.46117153320921,34.17854225938929,34.45142364501953,2099200
2025-02-12 00:00:00+00:00,33.91540986600813,34.55863302196287,33.85693739947716,34.36371612548828,1503800
2025-02-13 00:00:00+00:00,34.4709176611655,34.98744795037924,34.45142560140929,34.919227600097656,2189300
2025-02-14 00:00:00+00:00,35.036178268766776,35.153126916342615,34.295494826082,34.3442268371582,2710700
2025-02-18 00:00:00+00:00,34.31498706472211,34.68532878798291,34.20778258816789,34.636600494384766,1683300
2025-02-19 00:00:00+00:00,34.617106118423436,34.695070639420585,34.276000650586425,34.412445068359375,1547300
2025-02-20 00:00:00+00:00,34.431942388679374,34.831520378880676,34.3539741380397,34.80228042602539,1770700
2025-02-21 00:00:00+00:00,34.5976147828749,34.7632917170429,33.43786509050793,34.24676513671875,4163900
2025-02-24 00:00:00+00:00,34.38321021080927,34.402702273377145,33.78871531454675,33.89591979980469,2553700
2025-02-25 00:00:00+00:00,34.198039529251616,34.58787332618191,33.92515810203878,34.44168472290039,3275900
2025-02-26 00:00:00+00:00,34.37345936046693,34.48066382489766,33.78870875022572,33.9154052734375,2628000
2025-02-27 00:00:00+00:00,33.856935877224515,35.54296007812225,33.69125522146463,35.523468017578125,4930100
2025-02-28 00:00:00+00:00,35.728131155629725,36.76118811819713,35.54296214628159,36.06923294067383,6767400
2025-03-03 00:00:00+00:00,36.108217326666995,36.67347596625797,35.74762347732175,36.361610412597656,2610000
2025-03-04 00:00:00+00:00,36.478559931718955,36.731949305933945,35.45525082712149,35.4747428894043,2553200
2025-03-05 00:00:00+00:00,35.13363709941031,35.92304888585979,35.123892927211,35.90355682373047,2999700
2025-03-06 00:00:00+00:00,35.58193993513478,35.650164004856876,34.82176817423795,35.15312576293945,2513800
2025-03-07 00:00:00+00:00,35.2408425972116,35.796353371838904,35.192114299350244,35.30906295776367,1688300
2025-03-10 00:00:00+00:00,35.455249263315636,35.91329969470098,34.95821099135355,35.08490753173828,2653500
2025-03-11 00:00:00+00:00,35.026429767860016,35.21160248416313,34.36371458028451,34.695072174072266,2661900
2025-03-12 00:00:00+00:00,34.704821147626724,34.96795839659778,34.08109006164963,34.100582122802734,1631000
2025-03-13 00:00:00+00:00,34.012869827977354,34.470920254654565,33.68151222265206,33.778968811035156,2247900
2025-03-14 00:00:00+00:00,33.857614817695385,34.85053771714698,33.808461072716376,34.80138397216797,2647300
2025-03-17 00:00:00+00:00,34.71290469072604,35.568191828335536,34.63425570096459,35.3912353515625,1909800
2025-03-18 00:00:00+00:00,35.14546265786145,35.6468368387011,35.066813668605704,35.538700103759766,1860900
2025-03-19 00:00:00+00:00,35.45022400246599,35.92210671586938,35.2732675161659,35.73531723022461,2235900
2025-03-20 00:00:00+00:00,35.63700957554879,36.07940078928334,35.54853133280187,35.85329055786133,1535500
2025-03-21 00:00:00+00:00,35.971256616669,36.26618281224451,35.60751443379888,35.764808654785156,4269700
2025-03-24 00:00:00+00:00,35.87295047379623,36.639759360950926,35.87295047379623,36.46280288696289,2213500
2025-03-25 00:00:00+00:00,36.492293453688994,36.816714897805966,36.049902279979534,36.24652099609375,2851100
2025-03-26 00:00:00+00:00,36.43331116626541,36.610267639160156,36.226859447761434,36.610267639160156,1428500
2025-03-27 00:00:00+00:00,36.72823693457449,37.22961110169152,36.58077195885118,36.84620666503906,2746400
2025-03-28 00:00:00+00:00,37.03299353091436,37.20012075858883,36.62992683500447,36.94451904296875,1286700
2025-03-31 00:00:00+00:00,37.1411323491461,37.41640004998413,36.95434663266213,37.17062759399414,3710500
2025-04-01 00:00:00+00:00,37.22961340919895,37.36724539496979,36.679085466115566,37.013336181640625,2234700
2025-04-02 00:00:00+00:00,37.042828595592574,37.37707931939256,36.767564617236275,37.20012283325195,1257200
2025-04-03 00:00:00+00:00,36.91502317030928,37.298427612327735,36.4922942341889,36.5512809753418,1802200
2025-04-04 00:00:00+00:00,35.794304297453884,36.43331425374677,34.821043614055405,34.870201110839844,3075600
2025-04-07 00:00:00+00:00,34.280342365943085,35.27326522458577,33.208774268604365,33.3857307434082,2979400
2025-04-08 00:00:00+00:00,34.162372011379425,34.231188000308,31.920928371556958,32.24534606933594,2825100
2025-04-09 00:00:00+00:00,31.81278668766584,34.6440863759264,31.144285320296127,34.50645065307617,2554300
2025-04-10 00:00:00+00:00,34.24101970106348,34.81120983774515,32.87452172224033,33.75930404663086,1747700
2025-04-11 00:00:00+00:00,33.43488504744347,34.62442664807345,33.05148059566457,34.55561065673828,1894900
2025-04-14 00:00:00+00:00,34.78172090009783,35.460051565194135,34.57526917577263,35.27326583862305,1852800
2025-04-15 00:00:00+00:00,35.253603149752195,35.70582358748881,35.253603149752195,35.50920486450195,1007900
2025-04-16 00:00:00+00:00,35.44039100312129,35.97126046202153,35.44039100312129,35.73531723022461,1518400
2025-04-17 00:00:00+00:00,35.88277759425283,36.59060344822764,35.87294834636538,36.236690521240234,1493500
2025-04-21 00:00:00+00:00,36.0007479705986,36.16787518922584,35.28309285576407,35.82379150390625,1242700
2025-04-22 00:00:00+00:00,36.2170301293108,36.73806654838759,36.14821414000595,36.6397590637207,1497200
2025-04-23 00:00:00+00:00,36.72823650939634,37.34758414999829,36.108888868794395,36.36449432373047,2228600
2025-04-24 00:00:00+00:00,36.325172424316406,36.57094489843196,36.000750958392516,36.325172424316406,1143000
2025-04-25 00:00:00+00:00,36.24652365733468,36.55128287719682,35.90244369151482,36.20720291137695,1561700
2025-04-28 00:00:00+00:00,36.148215491531495,36.698747176744,36.09906174736027,36.590606689453125,1582600
2025-04-29 00:00:00+00:00,36.45297183686842,36.629924551920695,35.990918427603596,36.030242919921875,2212000
2025-04-30 00:00:00+00:00,36.09906018289256,36.797053070369,35.46005028578926,36.757728576660156,2724700
2025-05-01 00:00:00+00:00,36.79705099129191,37.47538159358744,36.42347582254557,37.249271392822266,2740400
2025-05-02 00:00:00+00:00,38.075069754087245,38.82222014634774,37.43606359643809,38.645263671875,3397900
2025-05-05 00:00:00+00:00,38.65509491383011,38.82222214842437,37.91777748223336,38.212703704833984,2325300
2025-05-06 00:00:00+00:00,38.1143977401596,38.27169198185747,37.75065550939401,38.0750732421875,1413900
2025-05-07 00:00:00+00:00,38.153722154949044,38.40932389082936,37.93744116676456,38.13405990600586,2179700
2025-05-08 00:00:00+00:00,38.29134975067884,38.37982798566867,37.67200210575003,37.711326599121094,1554800
2025-05-09 00:00:00+00:00,37.63267831520252,38.12422324095047,37.514708583076256,38.04557800292969,1184300
2025-05-12 00:00:00+00:00,38.311013388272116,38.35033413288064,37.48521774844933,37.662174224853516,2287000
2025-05-13 00:00:00+00:00,37.740816646207705,37.740816646207705,36.85603808044217,37.042823791503906,2046300
2025-05-14 00:00:00+00:00,36.836378785784554,36.85604103329109,36.3350008498435,36.797054290771484,1869600
2025-05-15 00:00:00+00:00,36.79705162975946,37.65233870839655,36.79705162975946,37.64250946044922,2054200
2025-05-16 00:00:00+00:00,37.78014700777781,38.1143977401596,37.622852766079944,38.0750732421875,1620500
2025-05-19 00:00:00+00:00,37.76047962048887,38.1930377887495,37.68183438543695,38.12422180175781,999500
2025-05-20 00:00:00+00:00,37.839132698578084,38.1635504223165,37.81947045014084,37.947269439697266,1487700
2025-05-21 00:00:00+00:00,37.87845081570629,38.104561031752155,37.1509664249831,37.26893615722656,1479000
2025-05-22 00:00:00+00:00,37.219785466519625,37.46555794979015,36.590608509377546,36.993675231933594,1867200
2025-05-23 00:00:00+00:00,37.023165430542676,37.05265692743919,36.590607225235686,37.013336181640625,1314400
2025-05-27 00:00:00+00:00,37.170631563926236,37.259109807539964,36.67908659944782,37.0821533203125,3237000
2025-05-28 00:00:00+00:00,36.974011071656065,37.150967550477255,36.43331238645365,36.62009811401367,2568100
2025-05-29 00:00:00+00:00,36.58077445700997,37.03299491316546,36.36449722808669,36.86587142944336,1551800
2025-05-30 00:00:00+00:00,36.84620729729001,37.36724372012338,36.58077258654749,37.2099494934082,4030400
2025-06-02 00:00:00+00:00,36.944517245384866,37.259105687852205,36.531617570777705,37.229610443115234,1365900
2025-06-03 00:00:00+00:00,37.11164166250078,37.141133157800866,36.354662031547484,36.69874572753906,1644600
2025-06-04 00:00:00+00:00,36.60043464691519,36.86586935630339,36.472631916426764,36.580772399902344,1534300
2025-06-05 00:00:00+00:00,36.55127895629794,36.600432696115085,36.20719902738794,36.236690521240234,1169000
2025-06-06 00:00:00+00:00,35.99092216557056,36.52179161643274,35.784474184743175,36.05973815917969,2207600
2025-06-09 00:00:00+00:00,36.13838210117724,36.36449607225843,35.63700791575652,36.07939910888672,1424700
2025-06-10 00:00:00+00:00,36.177706154182175,36.45297386553928,35.892609194293485,36.315338134765625,2223500
2025-06-11 00:00:00+00:00,36.35466368498931,36.47263342174515,35.558359523959204,35.725486755371094,2625700
2025-06-12 00:00:00+00:00,35.6468385273257,36.12855423386095,35.519039539016475,36.00075149536133,1821800
2025-06-13 00:00:00+00:00,35.84215552989581,36.6152981648145,35.782681565222724,36.080047607421875,2496900
2025-06-16 00:00:00+00:00,36.19899392379519,36.43688223440364,35.61417980356352,35.743038177490234,2292800
2025-06-17 00:00:00+00:00,35.90163028975002,36.30802627110161,35.68356286228504,36.129608154296875,2756200
2025-06-18 00:00:00+00:00,36.218818338807836,36.536005271618976,35.97101581122623,36.19899368286133,1582800
2025-06-20 00:00:00+00:00,36.34767212874452,36.41706031360959,35.87189174002531,36.14943313598633,2798800
2025-06-23 00:00:00+00:00,36.17916970002484,36.73424873335478,36.13952038739416,36.476531982421875,2114800
2025-06-24 00:00:00+00:00,36.40714547430196,36.69459730253147,36.308025979613475,36.34767150878906,2025500
2025-06-25 00:00:00+00:00,36.00075093611146,36.169258621221196,35.495235443115234,35.495235443115234,4150300
2025-06-26 00:00:00+00:00,35.67365326717783,35.812422076597564,35.3663767740581,35.71329879760742,1933400
2025-06-27 00:00:00+00:00,35.71329734423099,35.87189080299468,35.3564611167211,35.624088287353516,2981000
2025-06-30 00:00:00+00:00,35.544795543062065,35.812422729464636,34.99963073276047,35.75294876098633,2366500
2025-07-01 00:00:00+00:00,35.634003123821714,36.00074979460855,35.4060252592155,35.42584991455078,3234000
2025-07-02 00:00:00+00:00,35.34655023962529,35.55470344269174,34.79147125028181,35.128482818603516,2164500
2025-07-03 00:00:00+00:00,35.10866073283361,35.51506051308086,34.910421733216914,35.287078857421875,1235700
2025-07-07 00:00:00+00:00,35.287079487777106,35.68356505642627,34.9302470133928,35.08884048461914,2750300
2025-07-08 00:00:00+00:00,34.93024433738676,35.455584461608964,34.89059502732606,35.15822219848633,3155400
2025-07-09 00:00:00+00:00,35.18795791006145,35.524969489179114,35.13839816219605,35.19786834716797,3288800
2025-07-10 00:00:00+00:00,35.1483083424404,35.6042640693362,35.0392746292335,35.41593551635742,2025500
2025-07-11 00:00:00+00:00,35.019454222395595,35.5547047962046,34.99962956689653,35.44567108154297,2518500
2025-07-14 00:00:00+00:00,35.48532281476099,35.83224863792602,35.44567350105641,35.594356536865234,1999300
2025-07-15 00:00:00+00:00,35.594353596179985,35.62408868841847,35.07892390410357,35.17804718017578,2117500
2025-07-16 00:00:00+00:00,35.18795850897232,35.78268305581231,35.18795850897232,35.70338821411133,1595100
2025-07-17 00:00:00+00:00,35.653829141061145,36.07013557550508,35.574530516690956,35.980926513671875,2025400
2025-07-18 00:00:00+00:00,35.96109945729804,36.228726624934446,35.733121599200274,35.832244873046875,2758000
2025-07-21 00:00:00+00:00,35.87189338948163,36.14943479820452,35.75294923212415,35.782684326171875,1695900
2025-07-22 00:00:00+00:00,35.78268320987922,36.53600500569762,35.73312346095691,36.41706085205078,1980900
2025-07-23 00:00:00+00:00,36.41706257132992,36.5062716360683,36.15934581490054,36.288204193115234,1550800
2025-07-24 00:00:00+00:00,36.2386426051269,36.2386426051269,35.91154145727616,35.94127655029297,1468100
2025-07-25 00:00:00+00:00,35.94127633938111,36.06022427308326,35.65382828585036,35.69347381591797,1207800
2025-07-28 00:00:00+00:00,35.68356306577109,35.74303703210062,34.96989059448242,34.96989059448242,1489700
2025-07-29 00:00:00+00:00,35.13840018387028,35.84215847508204,34.91042230563971,35.792598724365234,1808700
2025-07-30 00:00:00+00:00,35.81242095116618,35.81242095116618,34.593233016649826,34.940155029296875,1930400
2025-07-31 00:00:00+00:00,34.761739342483594,34.94015747035747,34.21657452116524,34.38507843017578,2888600
2025-08-01 00:00:00+00:00,35.2969941291069,35.78268498629044,34.24631000642756,34.88068389892578,5176500
2025-08-04 00:00:00+00:00,34.91041982784646,35.52496901168324,34.811296552281604,35.16813278198242,2082600
2025-08-05 00:00:00+00:00,35.257342426658845,35.35646192270831,34.9104204093193,34.96989059448242,1593000
2025-08-06 00:00:00+00:00,34.88068209369137,35.02936512131103,34.147188736389424,34.53376007080078,2940700
2025-08-07 00:00:00+00:00,34.65270276551919,34.65270276551919,34.23639635557456,34.444549560546875,1344100
2025-08-08 00:00:00+00:00,34.494111620631315,34.5436713706866,34.03815587025618,34.11745071411133,1218100
2025-08-11 00:00:00+00:00,33.99850718663049,34.17692531506305,33.86964880916995,33.919212341308594,968000
2025-08-12 00:00:00+00:00,33.91921281173186,34.04806740981285,33.66149605323652,33.94894790649414,1696100
2025-08-13 00:00:00+00:00,34.03815580576738,34.60314527389365,33.88947277471666,34.58332061767578,1903600
2025-08-14 00:00:00+00:00,34.295867773662295,34.4445508003751,34.11744965407352,34.28595733642578,1804200
2025-08-15 00:00:00+00:00,34.26613191790187,34.49410978093052,34.167012423077715,34.47428512573242,1660100
2025-08-18 00:00:00+00:00,34.394991973339025,34.444551723182244,34.05798038077202,34.107540130615234,2098700
2025-08-19 00:00:00+00:00,34.19674693998133,34.761736369539896,34.167011848267606,34.67252731323242,2872800
2025-08-20 00:00:00+00:00,34.79147324253233,35.267257421309246,34.722088837537044,34.78156280517578,2064500
2025-08-21 00:00:00+00:00,34.662617095074495,35.138397471327345,34.662617095074495,34.92033004760742,1806000
2025-08-22 00:00:00+00:00,35.21769321505338,35.53488014070554,35.07892440772636,35.44567108154297,2831400
2025-08-25 00:00:00+00:00,35.42584929692792,35.5249687907099,34.662617095074495,34.92033004760742,1314000
2025-08-26 00:00:00+00:00,34.98971602016163,35.15822370455481,34.642793995185215,34.78156280517578,2294300
2025-08-27 00:00:00+00:00,34.86085741369435,35.34655202656996,34.75182747883772,35.237518310546875,2289400
2025-08-28 00:00:00+00:00,35.217695080438496,35.31681836318409,34.90050813798582,35.08884048461914,1876600
2025-08-29 00:00:00+00:00,35.019455187580455,35.53488112009625,34.97980587548954,35.50514602661133,1780500
2025-09-02 00:00:00+00:00,35.25734392969209,35.296993242268705,34.22648448969952,34.355342864990234,2424400
2025-09-03 00:00:00+00:00,34.29586639316047,34.55358312493333,34.19674690011939,34.43463897705078,2286100
2025-09-04 00:00:00+00:00,34.50402524219521,34.77165242526191,33.94894622014947,34.31569290161133,4041100
2025-09-05 00:00:00+00:00,34.434640718903005,34.64279393351832,34.10753956922195,34.543670654296875,4256700
2025-09-08 00:00:00+00:00,34.285959252547485,34.52385135234963,34.16701509322974,34.404903411865234,2527200
2025-09-09 00:00:00+00:00,34.37516719550163,34.543671100605465,34.097629572428716,34.33551788330078,2307500
2025-09-10 00:00:00+00:00,34.24630807683714,34.40490154102583,33.80026277719194,33.82008743286133,2329500
2025-09-11 00:00:00+00:00,33.839912503214904,34.365252650808905,33.82008784730258,34.31569290161133,1970500
2025-09-12 00:00:00+00:00,34.29586800767849,34.335517319227975,33.61193439869899,33.83000183105469,2753500
2025-09-15 00:00:00+00:00,34.029998779296875,34.029998779296875,33.27000045776367,33.439998626708984,3626900
2025-09-16 00:00:00+00:00,33.439998626708984,33.65999984741211,33.20000076293945,33.36000061035156,3001800
2025-09-17 00:00:00+00:00,33.15999984741211,33.790000915527344,33.15999984741211,33.279998779296875,3494700
2025-09-18 00:00:00+00:00,33.2599983215332,33.5,33.099998474121094,33.369998931884766,2079900
2025-09-19 00:00:00+00:00,33.34000015258789,33.650001525878906,33.220001220703125,33.43000030517578,5263200
2025-09-22 00:00:00+00:00,33.470001220703125,33.599998474121094,33.08000183105469,33.34000015258789,2944300
2025-09-23 00:00:00+00:00,33.40999984741211,33.540000915527344,33.150001525878906,33.52000045776367,2783300
2025-09-24 00:00:00+00:00,33.38999938964844,33.4900016784668,32.7400016784668,32.7599983215332,2946200
2025-09-25 00:00:00+00:00,32.7599983215332,32.869998931884766,32.5,32.61000061035156,4648400
2025-09-26 00:00:00+00:00,32.619998931884766,32.86000061035156,32.459999084472656,32.619998931884766,3139500
