"('date', '')","('open', 'ARI')","('high', 'ARI')","('low', 'ARI')","('close', 'ARI')","('volume', 'ARI')"
2024-01-02 00:00:00+00:00,9.746020502232781,9.846667779035068,9.678922317697925,9.762795448303223,666700
2024-01-03 00:00:00+00:00,9.645374738011203,9.687311309890314,9.460854301667256,9.569889068603516,828000
2024-01-04 00:00:00+00:00,9.60343816613209,9.704085458717811,9.536339971074941,9.569889068603516,655700
2024-01-05 00:00:00+00:00,9.536338684588067,9.762795662261254,9.502789591585389,9.65376091003418,729700
2024-01-08 00:00:00+00:00,9.695698839705637,9.871831802706625,9.636987318789586,9.863444328308105,676400
2024-01-09 00:00:00+00:00,9.754409078536664,9.82989474464452,9.72924745645856,9.804732322692871,447400
2024-01-10 00:00:00+00:00,9.813118935951685,9.980864401548383,9.813118935951685,9.955702781677246,810400
2024-01-11 00:00:00+00:00,9.880216691241172,9.930540728661914,9.695697087069805,9.888604164123535,800600
2024-01-12 00:00:00+00:00,10.014413587500199,10.064737627582444,9.771182460161898,9.82150650024414,587400
2024-01-16 00:00:00+00:00,9.729247005764156,9.729247005764156,9.544726586034123,9.578275680541992,748600
2024-01-17 00:00:00+00:00,9.477628092617609,9.66214850642125,9.36020586567466,9.536338806152344,1109700
2024-01-18 00:00:00+00:00,9.586663028731193,9.71247193152158,9.527951514205316,9.695697784423828,1089800
2024-01-19 00:00:00+00:00,9.73763345815222,9.838280739388143,9.586662936235083,9.829894065856934,602100
2024-01-22 00:00:00+00:00,9.880217213778858,9.97247782061739,9.762795786709423,9.82150650024414,650900
2024-01-23 00:00:00+00:00,9.888604687104811,9.9305412538611,9.779569933487851,9.82150650024414,580300
2024-01-24 00:00:00+00:00,9.964091423138626,9.980865571728199,9.636987126969498,9.687311172485352,758200
2024-01-25 00:00:00+00:00,9.855055252070288,9.896991817372939,9.653760698465716,9.762795448303223,568700
2024-01-26 00:00:00+00:00,9.846669288374423,9.930542431836155,9.821507665285335,9.855056762695312,554500
2024-01-29 00:00:00+00:00,9.829894094665235,10.03957613115629,9.829894094665235,9.989252090454102,593500
2024-01-30 00:00:00+00:00,9.947315964375484,9.955703438176775,9.762796339988252,9.771183013916016,474100
2024-01-31 00:00:00+00:00,9.746021608822549,9.746021608822549,9.343432455902336,9.360206604003906,861700
2024-02-01 00:00:00+00:00,9.376981450377672,9.502790359333689,9.200848497915127,9.494402885437012,1077100
2024-02-02 00:00:00+00:00,9.35181888677573,9.3937554557492,9.209235032190039,9.309883117675781,908700
2024-02-05 00:00:00+00:00,9.21762284848972,9.309883463634502,9.024715743866182,9.2260103225708,897100
2024-02-06 00:00:00+00:00,9.2176231506976,9.309883768867227,9.150524955596186,9.26794719696045,938700
2024-02-07 00:00:00+00:00,9.309881683229941,9.368592390822673,8.689222317774119,8.815032005310059,2028300
2024-02-08 00:00:00+00:00,8.781484529887564,8.982779107108124,8.73116048564565,8.932455062866211,1135800
2024-02-09 00:00:00+00:00,8.957617050430983,9.016327765970804,8.882131387666348,9.007940292358398,979600
2024-02-12 00:00:00+00:00,9.007940378051622,9.209234947423235,8.98277875684855,9.15891170501709,796000
2024-02-13 00:00:00+00:00,8.831808181416834,8.991166995634975,8.756322511510723,8.840195655822754,1137000
2024-02-14 00:00:00+00:00,8.99116623675074,9.049876952889631,8.932454720738331,9.016327857971191,738500
2024-02-15 00:00:00+00:00,9.100201591088197,9.343432745142126,9.058265019725747,9.242785453796387,985900
2024-02-16 00:00:00+00:00,9.12536261012182,9.24278484219202,9.03310279912821,9.15891170501709,718200
2024-02-20 00:00:00+00:00,9.075039212734188,9.18407397886044,9.033103441040192,9.116975784301758,787300
2024-02-21 00:00:00+00:00,9.108588844135578,9.158912892942347,9.00794154639566,9.049878120422363,779600
2024-02-22 00:00:00+00:00,9.016327335898891,9.091812995062917,8.974390769710713,9.083425521850586,878600
2024-02-23 00:00:00+00:00,9.100200348133633,9.251170864595087,9.04148883629591,9.200847625732422,775500
2024-02-26 00:00:00+00:00,9.17568650457221,9.267947121995578,9.091814161310646,9.116975784301758,662100
2024-02-27 00:00:00+00:00,9.175685760354611,9.209234854912866,9.091813423895728,9.150524139404297,457100
2024-02-28 00:00:00+00:00,9.10019982458218,9.217621241755232,9.058263261360342,9.125361442565918,526700
2024-02-29 00:00:00+00:00,9.25117120286406,9.43569161847889,9.200847962161326,9.402142524719238,760000
2024-03-01 00:00:00+00:00,9.385367913037111,9.469241050367943,9.301495575579796,9.460853576660156,606500
2024-03-04 00:00:00+00:00,9.133749996923957,9.226009807039892,8.974391197782285,9.007940292358398,1323300
2024-03-05 00:00:00+00:00,9.016326698138503,9.175684678533393,8.940841044313876,9.125361442565918,858600
2024-03-06 00:00:00+00:00,9.234398146101947,9.276334718220772,9.133750852940922,9.14213752746582,958800
2024-03-07 00:00:00+00:00,9.23439665680823,9.276333222163657,9.091812814523841,9.209234237670898,810200
2024-03-08 00:00:00+00:00,9.301496202841133,9.360206923007857,9.175686488360704,9.259559631347656,589500
2024-03-11 00:00:00+00:00,9.200849092373161,9.30988386045399,9.200849092373161,9.276334762573242,529300
2024-03-12 00:00:00+00:00,9.25117194494049,9.301495989553421,9.125363033218491,9.2260103225708,671600
2024-03-13 00:00:00+00:00,9.234397693684727,9.435692270144832,9.234397693684727,9.360206604003906,758500
2024-03-14 00:00:00+00:00,9.318268987645633,9.368593026046838,9.133749379879271,9.209234237670898,704700
2024-03-15 00:00:00+00:00,9.15891100380644,9.360205557766845,9.142136057706344,9.351818084716797,1613900
2024-03-18 00:00:00+00:00,9.35182005507055,9.427305728678295,9.267947706519209,9.343433380126953,717500
2024-03-19 00:00:00+00:00,9.343432212879854,9.410530403288,9.267946548702309,9.309883117675781,685200
2024-03-20 00:00:00+00:00,9.251171503810358,9.527951736299691,9.251171503810358,9.444079399108887,690400
2024-03-21 00:00:00+00:00,9.486016590169072,9.762796840822348,9.452467493116359,9.687311172485352,1288600
2024-03-22 00:00:00+00:00,9.687309906997637,9.746020619201904,9.494402024239603,9.502789497375488,634300
2024-03-25 00:00:00+00:00,9.56988768271564,9.687309906997637,9.502789497375488,9.502789497375488,689100
2024-03-26 00:00:00+00:00,9.578275595066742,9.586663068587237,9.267946273669912,9.284720420837402,1079500
2024-03-27 00:00:00+00:00,9.37133205959558,9.509909854593186,9.36267156689984,9.49258804321289,861500
2024-03-28 00:00:00+00:00,9.492589495863253,9.665811766118452,9.492589495863253,9.648489952087402,735100
2024-04-01 00:00:00+00:00,9.648489545549408,9.648489545549408,9.423300190711506,9.475266456604004,690100
2024-04-02 00:00:00+00:00,9.345348039596091,9.466604011666492,9.310703594145796,9.379992485046387,808100
2024-04-03 00:00:00+00:00,9.328027118150438,9.509909854593186,9.293381843412224,9.49258804321289,602800
2024-04-04 00:00:00+00:00,9.587859698357766,9.700454358917037,9.535893440246582,9.535893440246582,945100
2024-04-05 00:00:00+00:00,9.475265037798493,9.561876569302173,9.423298779687311,9.535893440246582,422100
2024-04-08 00:00:00+00:00,9.570538295975375,9.631165875021347,9.535893847093561,9.587860107421875,527300
2024-04-09 00:00:00+00:00,9.605182732672207,9.700454760479131,9.544555153703147,9.691793441772461,559900
2024-04-10 00:00:00+00:00,9.4059762655821,9.431960220965127,9.146143319662135,9.206770896911621,1497200
2024-04-11 00:00:00+00:00,9.302043125822966,9.43196042761821,9.241415547245136,9.397315979003906,788400
2024-04-12 00:00:00+00:00,9.336687312230099,9.423298844327904,9.267398416947369,9.319365501403809,550600
2024-04-15 00:00:00+00:00,9.345348092341402,9.397315173804516,9.050869891357484,9.163464546203613,922700
2024-04-16 00:00:00+00:00,9.050869575662857,9.102836655313357,8.955597559957102,8.990242004394531,711400
2024-04-17 00:00:00+00:00,9.076853293979726,9.12882037701662,8.99890390840753,9.033548355102539,473600
2024-04-18 00:00:00+00:00,9.085514877431123,9.180787728115762,9.033548618865673,9.111498832702637,559600
2024-04-19 00:00:00+00:00,9.076854787817103,9.310705460986314,9.076854787817103,9.284722328186035,548200
2024-04-22 00:00:00+00:00,9.310703959402845,9.379992853021625,9.250076383983604,9.336687088012695,422000
2024-04-23 00:00:00+00:00,9.310704119128038,9.544554758594707,9.284720990072447,9.535893440246582,544900
2024-04-24 00:00:00+00:00,9.501250339049125,9.509910832635551,9.328028077487156,9.388655662536621,588600
2024-04-25 00:00:00+00:00,9.258737242797853,9.362671413330105,9.258737242797853,9.293381690979004,559200
2024-04-26 00:00:00+00:00,9.3020434939975,9.431960800934867,9.293382175003908,9.354010581970215,420400
2024-04-29 00:00:00+00:00,9.397315397949217,9.457942972778323,9.232753657714849,9.250076293945312,600600
2024-04-30 00:00:00+00:00,8.920953261158274,8.972919515668439,8.323335552370342,8.340658187866211,2436700
2024-05-01 00:00:00+00:00,8.357980869822677,8.791036890559372,8.357980869822677,8.661120414733887,1297800
2024-05-02 00:00:00+00:00,8.825681278805261,8.851665234583658,8.687103485275692,8.773715019226074,1257800
2024-05-03 00:00:00+00:00,8.964260560497701,8.998905011439218,8.678443633732973,8.704426765441895,1448900
2024-05-06 00:00:00+00:00,8.782375975817944,8.84300355149092,8.695764445437604,8.71308708190918,1103400
2024-05-07 00:00:00+00:00,8.704426182005319,8.799698209211419,8.600492836147168,8.661120414733887,952900
2024-05-08 00:00:00+00:00,8.583169522480661,8.669781050198448,8.574508204511133,8.635136604309082,929300
2024-05-09 00:00:00+00:00,8.626475966114503,8.687103544701221,8.609153328810407,8.661120414733887,1063400
2024-05-10 00:00:00+00:00,8.669781770022817,8.791036927708655,8.669781770022817,8.756392478942871,975200
2024-05-13 00:00:00+00:00,8.825681652783809,8.834342971743622,8.72174830323257,8.730409622192383,1309400
2024-05-14 00:00:00+00:00,8.843003857031803,8.920954071869668,8.817020727415448,8.886309623718262,1056400
2024-05-15 00:00:00+00:00,9.016226245523685,9.033548882877625,8.843004001928326,8.860325813293457,1143400
2024-05-16 00:00:00+00:00,8.817021722639854,8.903632439800187,8.808360403127153,8.877649307250977,1084600
2024-05-17 00:00:00+00:00,8.903631509917755,9.085515070744355,8.860325742865934,9.07685375213623,861100
2024-05-20 00:00:00+00:00,9.10283793365287,9.128821064132657,9.016226397401816,9.059532165527344,833600
2024-05-21 00:00:00+00:00,9.033547720365249,9.120158418022733,8.972919323417432,9.102836608886719,752700
2024-05-22 00:00:00+00:00,9.094176351396525,9.137482118267602,8.981581687927246,8.981581687927246,750100
2024-05-23 00:00:00+00:00,9.007564510549058,9.007564510549058,8.791036509564814,8.808359146118164,1166200
2024-05-24 00:00:00+00:00,8.868986722077345,8.886309358630696,8.773714699000235,8.808359146118164,921000
2024-05-28 00:00:00+00:00,8.851665344762205,8.886309793575823,8.652459144592285,8.652459144592285,701100
2024-05-29 00:00:00+00:00,8.522542594578367,8.62647594012337,8.461915016174316,8.461915016174316,749800
2024-05-30 00:00:00+00:00,8.557186711951863,8.643797416893348,8.479236499312385,8.600492477416992,658300
2024-05-31 00:00:00+00:00,8.626476176358102,8.77371529307618,8.557187277430632,8.747732162475586,979800
2024-06-03 00:00:00+00:00,8.82568259033738,8.84300523009719,8.661121642563796,8.834343910217285,590500
2024-06-04 00:00:00+00:00,8.747732325095985,8.773715456179604,8.60049320564073,8.617815017700195,1064300
2024-06-05 00:00:00+00:00,8.661119823925388,8.730408716437692,8.591830931413085,8.721747398376465,789900
2024-06-06 00:00:00+00:00,8.687104829066458,8.72174928280793,8.626477241516113,8.626477241516113,648800
2024-06-07 00:00:00+00:00,8.505220348352717,8.66978210585628,8.496559855317406,8.617815017700195,687900
2024-06-10 00:00:00+00:00,8.565847715861334,8.617813971721219,8.50521931603981,8.531203269958496,803000
2024-06-11 00:00:00+00:00,8.470576612452696,8.505221065481562,8.409949026149407,8.435932159423828,767400
2024-06-12 00:00:00+00:00,8.661120414733887,8.817020846515517,8.643797777429791,8.661120414733887,983300
2024-06-13 00:00:00+00:00,8.661120786832125,8.678443424880435,8.548526117484647,8.617815017700195,673500
2024-06-14 00:00:00+00:00,8.539864527425951,8.669781830698481,8.522542715916238,8.643797874450684,584100
2024-06-17 00:00:00+00:00,8.600492510455998,8.808359194300616,8.600492510455998,8.799697875976562,691700
2024-06-18 00:00:00+00:00,8.808359791647748,8.825681603481772,8.67844331193165,8.739070892333984,620200
2024-06-20 00:00:00+00:00,8.695765700164326,8.86898795993077,8.669782567696583,8.782377243041992,920600
2024-06-21 00:00:00+00:00,8.79103715382489,8.817021110559176,8.652459355197363,8.739070892333984,2357000
2024-06-24 00:00:00+00:00,8.791038186349741,8.912294187385003,8.7563937326238,8.825682640075684,921800
2024-06-25 00:00:00+00:00,8.79969778630075,8.825680915019344,8.704425763673392,8.71308708190918,538700
2024-06-26 00:00:00+00:00,8.687103804854244,8.75639270416801,8.661120674108792,8.739070892333984,610500
2024-06-27 00:00:00+00:00,8.747731584405168,8.773714713288737,8.513880946486733,8.600492477416992,1108300
2024-06-28 00:00:00+00:00,8.717201159874573,8.797999247562096,8.645380827744752,8.789021492004395,1857800
2024-07-01 00:00:00+00:00,8.771067158479449,8.797999569973623,8.573560809801673,8.663335800170898,873600
2024-07-02 00:00:00+00:00,8.645380695350022,8.833909278345164,8.636402939929805,8.780043601989746,721200
2024-07-03 00:00:00+00:00,8.780043564865794,8.851863895592093,8.744133399502644,8.771066665649414,450300
2024-07-05 00:00:00+00:00,8.80697560054763,8.824930252637737,8.726177525727763,8.7531099319458,633000
2024-07-08 00:00:00+00:00,8.815954399194444,8.914708003561058,8.815954399194444,8.905730247497559,773400
2024-07-09 00:00:00+00:00,8.887773140422324,8.995504481519594,8.8608407332309,8.932661056518555,483800
2024-07-10 00:00:00+00:00,8.932661699148031,9.058347702026367,8.932661699148031,9.058347702026367,537300
2024-07-11 00:00:00+00:00,9.193010330926743,9.372561146732767,9.166077922597294,9.34562873840332,1021100
2024-07-12 00:00:00+00:00,9.42642668599158,9.668820926019524,9.42642668599158,9.489269256591797,1790500
2024-07-15 00:00:00+00:00,9.48029306770107,9.605978218309675,9.426427391607469,9.543135643005371,1110700
2024-07-16 00:00:00+00:00,9.650866264429617,9.731664351536965,9.58802368830874,9.704731941223145,1203300
2024-07-17 00:00:00+00:00,9.480292169797925,9.884281705656456,9.453358906219107,9.857348442077637,1256600
2024-07-18 00:00:00+00:00,9.839395906471413,10.054856924470952,9.776553323596374,9.79450798034668,1418500
2024-07-19 00:00:00+00:00,9.803485736804822,9.93814865901304,9.731665397471643,9.79450798034668,758600
2024-07-22 00:00:00+00:00,9.776551111054795,9.839393679707864,9.722685440662318,9.767573356628418,715700
2024-07-23 00:00:00+00:00,9.722685750386766,10.009967051856146,9.722685750386766,9.947124481201172,689200
2024-07-24 00:00:00+00:00,9.866327065325967,9.866327065325967,9.435405084112084,9.462337493896484,947900
2024-07-25 00:00:00+00:00,9.50722534340719,9.73166408765697,9.462337423324062,9.534157752990723,843000
2024-07-26 00:00:00+00:00,9.605978281243463,9.695754123265672,9.49824778451634,9.623933792114258,569100
2024-07-29 00:00:00+00:00,9.677798098575874,9.758596180872908,9.605977771237583,9.659843444824219,632500
2024-07-30 00:00:00+00:00,9.722686186499043,9.86632684367675,9.695753777319686,9.830416679382324,608800
2024-07-31 00:00:00+00:00,9.902237389148642,9.974057720502152,9.776552237362939,9.785529136657715,767400
2024-08-01 00:00:00+00:00,9.839393916439105,9.866326324200433,9.480292292402053,9.561089515686035,891600
2024-08-02 00:00:00+00:00,9.363584518432617,9.462337255935878,9.282786434945471,9.363584518432617,868400
2024-08-05 00:00:00+00:00,8.977550127445998,9.166078714368998,8.77106688547437,9.022438049316406,1177700
2024-08-06 00:00:00+00:00,9.040392326345431,9.201988495855483,8.941639587292547,9.067325592041016,962300
2024-08-07 00:00:00+00:00,8.86084103900134,9.13914544346909,8.86084103900134,8.959593772888184,1608300
2024-08-08 00:00:00+00:00,9.049369878181617,9.139145716150681,8.959594040212552,9.130167961120605,1058200
2024-08-09 00:00:00+00:00,9.13016775871451,9.228920493358563,9.067325187228823,9.193010330200195,1059100
2024-08-12 00:00:00+00:00,9.193012042819804,9.193012042819804,8.896752927529988,8.941640853881836,943600
2024-08-13 00:00:00+00:00,8.94163996118285,9.085280626235441,8.914707550526963,9.022438049316406,815800
2024-08-14 00:00:00+00:00,9.031415427279434,9.076302491107015,8.98652750728599,9.067325592041016,628400
2024-08-15 00:00:00+00:00,9.157100370044988,9.20198828902952,9.022437469257234,9.130167961120605,701000
2024-08-16 00:00:00+00:00,9.112211807999188,9.201987639632648,9.094257155371965,9.157099723815918,700500
2024-08-19 00:00:00+00:00,9.175055676703924,9.219943594693339,9.121190003883461,9.193010330200195,775600
2024-08-20 00:00:00+00:00,9.130167244493721,9.184032058114637,9.049369167896574,9.076301574707031,668000
2024-08-21 00:00:00+00:00,9.112212451060456,9.148122615014913,9.03141522428731,9.130167961120605,655000
2024-08-22 00:00:00+00:00,9.148122993877411,9.148122993877411,9.058348008356228,9.085280418395996,524200
2024-08-23 00:00:00+00:00,9.14812355224803,9.36358541421487,9.103236484830624,9.282787322998047,675800
2024-08-26 00:00:00+00:00,9.372561417357751,9.49824742013396,9.327674354234535,9.363584518432617,741100
2024-08-27 00:00:00+00:00,9.345628565213302,9.372560973043647,9.29176374955261,9.32767391204834,523100
2024-08-28 00:00:00+00:00,9.291763921744424,9.408471309893972,9.27380841208091,9.34562873840332,598900
2024-08-29 00:00:00+00:00,9.408471818161814,9.507225414314398,9.345629243276257,9.462337493896484,761200
2024-08-30 00:00:00+00:00,9.516202791581192,9.525179690375452,9.39949454559743,9.507225036621094,719600
2024-09-03 00:00:00+00:00,9.444382601919763,9.507225175224942,9.291764190036455,9.363584518432617,888000
2024-09-04 00:00:00+00:00,9.336652146365308,9.381540069948647,9.26483181109834,9.282787322998047,1123100
2024-09-05 00:00:00+00:00,9.32767391204834,9.426426644870146,9.21994342456115,9.32767391204834,1643200
2024-09-06 00:00:00+00:00,9.327673841989435,9.327673841989435,9.166077683889473,9.246875762939453,1199700
2024-09-09 00:00:00+00:00,9.264830208076601,9.264830208076601,9.013459078135007,9.157099723815918,887100
2024-09-10 00:00:00+00:00,9.193010330200195,9.23789824818961,9.121190003883461,9.193010330200195,705600
2024-09-11 00:00:00+00:00,9.130168133242798,9.175056053073558,8.977549719517727,9.148122787475586,679600
2024-09-12 00:00:00+00:00,8.73515558849405,8.833909184738244,8.304233606880414,8.537650108337402,4786200
2024-09-13 00:00:00+00:00,8.600491349086688,8.654357016515146,8.492760870395513,8.582536697387695,1331600
2024-09-16 00:00:00+00:00,8.618448733069249,8.699245967551773,8.564583053914975,8.663335800170898,1041200
2024-09-17 00:00:00+00:00,8.72617878180021,8.833909278345164,8.672313105444792,8.780043601989746,956300
2024-09-18 00:00:00+00:00,8.797999049460179,8.896751789873624,8.681290798335631,8.69924545288086,1105400
2024-09-19 00:00:00+00:00,8.878797606356489,8.941640184847456,8.753111593208633,8.806977272033691,1161100
2024-09-20 00:00:00+00:00,8.735156134932648,8.762089402592748,8.654358900450124,8.663335800170898,3958700
2024-09-23 00:00:00+00:00,8.672313384778175,8.771066985249625,8.645380973815918,8.645380973815918,789700
2024-09-24 00:00:00+00:00,8.645381544868831,8.717201882956065,8.61844913212761,8.690269470214844,723200
2024-09-25 00:00:00+00:00,8.699245080195459,8.708222835166392,8.438896179199219,8.438896179199219,1074800
2024-09-26 00:00:00+00:00,8.528673115707756,8.546628627963637,8.438897266760243,8.447875022888184,889500
2024-09-27 00:00:00+00:00,8.564582590151732,8.564582590151732,8.411964173005659,8.465829849243164,1402800
2024-09-30 00:00:00+00:00,8.438162816390252,8.493495420858574,8.401274706572007,8.475050926208496,961100
2024-10-01 00:00:00+00:00,8.438162711250058,8.465829452880445,8.133835589171001,8.179945945739746,1546200
2024-10-02 00:00:00+00:00,8.161502330801389,8.253722164456978,8.133835589171001,8.179945945739746,1009400
2024-10-03 00:00:00+00:00,8.170724443786508,8.253722917284213,8.078504601719489,8.226057052612305,1119100
2024-10-04 00:00:00+00:00,8.318277543591192,8.364387023605625,8.161502848992638,8.19839096069336,916500
2024-10-07 00:00:00+00:00,8.161502071999083,8.18916793327028,8.013948759761652,8.078503608703613,1236000
2024-10-08 00:00:00+00:00,8.087726289662168,8.106169905005483,7.995505574499836,8.060059547424316,828200
2024-10-09 00:00:00+00:00,8.013948903681674,8.060059259616335,7.967839427228901,7.977060794830322,910700
2024-10-10 00:00:00+00:00,7.9401729756058845,7.977061085802772,7.857175387274328,7.96783971786499,1103100
2024-10-11 00:00:00+00:00,7.967839891972546,8.032393866357207,7.894063669966666,7.940173149108887,794400
2024-10-14 00:00:00+00:00,7.977061103977069,8.189168397703861,7.912507130855921,8.133835792541504,998000
2024-10-15 00:00:00+00:00,8.12461443679109,8.290610493563749,8.11539218933652,8.170723915100098,1503700
2024-10-16 00:00:00+00:00,8.253722203880717,8.345942917458697,8.235278588854262,8.290610313415527,1138100
2024-10-17 00:00:00+00:00,8.262944642986591,8.318277248314491,8.179946174735704,8.207612037658691,1141000
2024-10-18 00:00:00+00:00,8.235278780063604,8.235278780063604,8.16150255928102,8.207612037658691,675200
2024-10-21 00:00:00+00:00,8.20761197542364,8.216834222822015,7.977061067355764,8.023171424865723,1814000
2024-10-22 00:00:00+00:00,8.023170977873715,8.087725826583904,7.995505116701845,8.004727363586426,915000
2024-10-23 00:00:00+00:00,7.977061079674601,8.078504042249552,7.9125071067501205,8.060059547424316,1355300
2024-10-24 00:00:00+00:00,8.11539218933652,8.17994616255467,8.032393721209228,8.170723915100098,834600
2024-10-25 00:00:00+00:00,8.207612013103365,8.244500123384295,8.115392177142,8.133835792541504,1243500
2024-10-28 00:00:00+00:00,8.170723251684374,8.226055852437186,8.12461377711919,8.16150188446045,1425200
2024-10-29 00:00:00+00:00,8.096947251601465,8.17994571518953,8.041615528864005,8.1522798538208,1859900
2024-10-30 00:00:00+00:00,8.179946691837804,8.32749914273062,8.161503075217194,8.226057052612305,1364300
2024-10-31 00:00:00+00:00,8.13383610560563,8.318277543591192,8.032394018299136,8.19839096069336,2342600
2024-11-01 00:00:00+00:00,8.281389196505975,8.327499559588668,8.087727254626309,8.096948623657227,2425100
2024-11-04 00:00:00+00:00,8.115391290709839,8.336719928220022,8.106169044276458,8.281387329101562,2192000
2024-11-05 00:00:00+00:00,8.272167184094801,8.290610800204183,8.115392489496248,8.19839096069336,1613000
2024-11-06 00:00:00+00:00,8.447385038094742,8.585716109105041,8.124614298034526,8.401274681091309,1894500
2024-11-07 00:00:00+00:00,8.38283109140384,8.539605778001858,8.36438659675376,8.475050926208496,1234700
2024-11-08 00:00:00+00:00,8.502717248917376,8.622603819785581,8.48427275517679,8.530383110046387,877800
2024-11-11 00:00:00+00:00,8.576494205545155,8.659492675581447,8.465829871990746,8.539606094360352,860700
2024-11-12 00:00:00+00:00,8.465829300651581,8.576493626737511,8.364386342128064,8.373608589172363,888900
2024-11-13 00:00:00+00:00,8.43816331229701,8.511939536269294,8.40127520031087,8.419719696044922,803300
2024-11-14 00:00:00+00:00,8.438162790797673,8.53960575210161,8.382831065979081,8.401274681091309,653000
2024-11-15 00:00:00+00:00,8.39205234355264,8.484272167421357,8.30905388643353,8.364385604858398,1236700
2024-11-18 00:00:00+00:00,8.318277382156328,8.438163083245552,8.272167023554813,8.392053604125977,824800
2024-11-19 00:00:00+00:00,8.34594275491496,8.475050696031369,8.309054646098572,8.44738483428955,582300
2024-11-20 00:00:00+00:00,8.392053097093843,8.475050682183685,8.299832385462615,8.410496711730957,618400
2024-11-21 00:00:00+00:00,8.38282993503752,8.511937861850678,8.37360768898464,8.484272003173828,822100
2024-11-22 00:00:00+00:00,8.484273173533536,8.576493887820103,8.46582955836537,8.475050926208496,682100
2024-11-25 00:00:00+00:00,8.521162033081055,8.659493116681883,8.511939784944602,8.521162033081055,1051000
2024-11-26 00:00:00+00:00,8.484273272453974,8.55804949295064,8.36438669427641,8.548828125,685500
2024-11-27 00:00:00+00:00,8.576494216918945,8.65027043938639,8.530383858006305,8.576494216918945,827300
2024-11-29 00:00:00+00:00,8.576493464915984,8.650269680914594,8.521160863176094,8.530383110046387,511600
2024-12-02 00:00:00+00:00,8.576494216918945,8.613382328152667,8.47505125141475,8.576494216918945,963600
2024-12-03 00:00:00+00:00,8.576494391856514,8.594938008108603,8.392053831925807,8.419719696044922,803400
2024-12-04 00:00:00+00:00,8.428941422982513,8.438162790797673,8.299832599269282,8.401274681091309,4229800
2024-12-05 00:00:00+00:00,8.392053810664079,8.465830034449446,8.336721203084073,8.345943450927734,929800
2024-12-06 00:00:00+00:00,8.392053083260961,8.447384806562983,8.345942727521352,8.373608589172363,685700
2024-12-09 00:00:00+00:00,8.465830303226314,8.65027086854543,8.419719942026038,8.521162033081055,1252500
2024-12-10 00:00:00+00:00,8.530384290681585,8.585716900079703,8.401275455073968,8.558050155639648,805200
2024-12-11 00:00:00+00:00,8.594937079174702,8.659491927784886,8.511938616305802,8.530383110046387,725300
2024-12-12 00:00:00+00:00,8.530383110046387,8.613381572915289,8.438162400307192,8.530383110046387,1255300
2024-12-13 00:00:00+00:00,8.530383298996894,8.585715901962416,8.355165001989528,8.44738483428955,1196300
2024-12-16 00:00:00+00:00,8.364386355915343,8.548827779177799,8.355164988337728,8.410496711730957,1617800
2024-12-17 00:00:00+00:00,8.382831344897193,8.465829814368561,8.29061062782191,8.355165481567383,2213100
2024-12-18 00:00:00+00:00,8.392053405463477,8.42894151557506,8.00472780955089,8.023171424865723,1629700
2024-12-19 00:00:00+00:00,8.087727254626309,8.272167827475055,8.087727254626309,8.096948623657227,1934400
2024-12-20 00:00:00+00:00,8.023172021290117,8.336721420288086,8.023172021290117,8.336721420288086,6818800
2024-12-23 00:00:00+00:00,8.32749768178664,8.32749768178664,8.207611116598168,8.281387329101562,1243200
2024-12-24 00:00:00+00:00,8.299832157519717,8.382830619812012,8.253721802970457,8.382830619812012,460700
2024-12-26 00:00:00+00:00,8.36438684968936,8.36438684968936,8.253722516888182,8.355165481567383,777000
2024-12-27 00:00:00+00:00,8.290610505909578,8.392053469097073,8.179946174735704,8.207612037658691,898300
2024-12-30 00:00:00+00:00,8.18916793327028,8.198390180187971,7.958617037219255,8.078503608703613,1308200
2024-12-31 00:00:00+00:00,8.1449541181693,8.287348060073237,8.1449541181693,8.220897674560547,1085100
2025-01-02 00:00:00+00:00,8.30633486820709,8.420250209189977,8.268363087879461,8.353799819946289,981500
2025-01-03 00:00:00+00:00,8.382278896547344,8.534166026332326,8.372785724606105,8.515180587768555,843300
2025-01-06 00:00:00+00:00,8.534165276291926,8.553151618505753,8.420249938964844,8.420249938964844,756200
2025-01-07 00:00:00+00:00,8.429742797620372,8.505686353023554,8.344306071462148,8.401264190673828,996400
2025-01-08 00:00:00+00:00,8.353800415832733,8.372785854691475,8.22089872254667,8.334814071655273,815700
2025-01-10 00:00:00+00:00,8.211404409093097,8.211404409093097,8.050024127291021,8.13546085357666,951200
2025-01-13 00:00:00+00:00,8.069011132735852,8.20191281848387,8.012053008752797,8.173433303833008,725500
2025-01-14 00:00:00+00:00,8.17343319758466,8.40126478523658,8.17343319758466,8.382278442382812,906100
2025-01-15 00:00:00+00:00,8.543658811601698,8.629095544568703,8.363293079474765,8.439236640930176,921500
2025-01-16 00:00:00+00:00,8.42025067899359,8.581630980719808,8.42025067899359,8.515180587768555,632700
2025-01-17 00:00:00+00:00,8.553151787201944,8.66706712677581,8.486700493461539,8.562644958496094,577600
2025-01-21 00:00:00+00:00,8.553152097191163,8.591123878425318,8.486700801042383,8.58163070678711,986400
2025-01-22 00:00:00+00:00,8.52467211974917,8.553151633118567,8.429743124473731,8.448728561401367,701300
2025-01-23 00:00:00+00:00,8.410757423091724,8.47720872069833,8.401265156563948,8.429743766784668,638700
2025-01-24 00:00:00+00:00,8.401264578602332,8.534165354035297,8.401264578602332,8.477208137512207,495500
2025-01-27 00:00:00+00:00,8.505686214895356,8.619601546150198,8.486699873693594,8.610108375549316,1262400
2025-01-28 00:00:00+00:00,8.581630980719808,8.686053156117307,8.505687415827317,8.515180587768555,725600
2025-01-29 00:00:00+00:00,8.496194072522279,8.572137635883028,8.315828335870172,8.344306945800781,681900
2025-01-30 00:00:00+00:00,8.43923693863114,8.51518050276552,8.363293374496758,8.429743766784668,534100
2025-01-31 00:00:00+00:00,8.448728845269045,8.524672406168465,8.36329301824619,8.410757064819336,688700
2025-02-03 00:00:00+00:00,8.277856272643065,8.40126478523658,8.220898149400421,8.382278442382812,1089900
2025-02-04 00:00:00+00:00,8.353800297708707,8.543659210205078,8.287348999345948,8.543659210205078,1062900
2025-02-05 00:00:00+00:00,8.562644427924676,8.705038367239123,8.524671745100997,8.695545196533203,926200
2025-02-06 00:00:00+00:00,8.638589226337809,8.724025059032606,8.600617443367215,8.686053276062012,1061200
2025-02-07 00:00:00+00:00,8.657573997145498,8.67656033982517,8.53416548568359,8.648080825805664,1086400
2025-02-10 00:00:00+00:00,8.686052292864037,8.686052292864037,8.55315152016972,8.629095077514648,1425900
2025-02-11 00:00:00+00:00,8.980334139167951,9.559403982682712,8.904390582815806,9.483460426330566,3498600
2025-02-12 00:00:00+00:00,9.35056086689807,9.53092661027422,9.303095911698435,9.417011260986328,1138500
2025-02-13 00:00:00+00:00,9.445489033987469,9.559404373168945,9.360052303271702,9.559404373168945,1083800
2025-02-14 00:00:00+00:00,9.587883949279785,9.644841166581456,9.511940389331793,9.587883949279785,1059000
2025-02-18 00:00:00+00:00,9.521432963534158,9.625856040831687,9.521432963534158,9.6068696975708,867600
2025-02-19 00:00:00+00:00,9.511940313555993,9.587883872898988,9.48346079981339,9.530925750732422,1098600
2025-02-20 00:00:00+00:00,9.492953284403562,9.578390008814166,9.435995166356967,9.46447467803955,733500
2025-02-21 00:00:00+00:00,9.521432078085516,9.549911590328387,9.265122805129831,9.341066360473633,909400
2025-02-24 00:00:00+00:00,9.331574129800698,9.407517692795153,9.274616910214199,9.312588691711426,619000
2025-02-25 00:00:00+00:00,9.39802408299886,9.597376152896105,9.388531817056052,9.559404373168945,768500
2025-02-26 00:00:00+00:00,9.53092640665139,9.60686997122083,9.492954624366673,9.540419578552246,634900
2025-02-27 00:00:00+00:00,9.549912107226136,9.625855666680454,9.511940327498978,9.559404373168945,630500
2025-02-28 00:00:00+00:00,9.540419011659447,9.654334351744739,9.540419011659447,9.616362571716309,957100
2025-03-03 00:00:00+00:00,9.63534820583518,9.66382772042707,9.445489301815906,9.49295425415039,1324000
2025-03-04 00:00:00+00:00,9.398024275099704,9.502447350472837,9.322080714093058,9.435996055603027,1666900
2025-03-05 00:00:00+00:00,9.426503506967329,9.511940236869053,9.379038556430968,9.473967552185059,953500
2025-03-06 00:00:00+00:00,9.398023993454332,9.483460723356059,9.36005221408897,9.473967552185059,668000
2025-03-07 00:00:00+00:00,9.464475053074848,9.606868995855914,9.445488711200781,9.511940002441406,1634700
2025-03-10 00:00:00+00:00,9.473968195881666,9.663828010926894,9.407517803807051,9.45498275756836,1104800
2025-03-11 00:00:00+00:00,9.44548910987503,9.530925841277218,9.217658429681626,9.293601989746094,1208100
2025-03-12 00:00:00+00:00,9.322080392299544,9.417010292940247,9.236643662786635,9.388531684875488,1085700
2025-03-13 00:00:00+00:00,9.388531212638135,9.511939715136227,9.236643198189157,9.255629539489746,949100
2025-03-14 00:00:00+00:00,9.350559948236603,9.483460723356059,9.265123218334878,9.473967552185059,685300
2025-03-17 00:00:00+00:00,9.4834601138427,9.597375444617315,9.417009730553819,9.46447467803955,959600
2025-03-18 00:00:00+00:00,9.407516559992958,9.47396694328184,9.398023389432096,9.46447467803955,931500
2025-03-19 00:00:00+00:00,9.473968195881666,9.530926321458972,9.388532365493745,9.45498275756836,1241600
2025-03-20 00:00:00+00:00,9.41701033579633,9.549912016234417,9.41701033579633,9.473967552185059,1032900
2025-03-21 00:00:00+00:00,9.464475529314093,9.511940481069022,9.322080674049307,9.350560188293457,2748900
2025-03-24 00:00:00+00:00,9.388531621957178,9.435995666640816,9.341066671954916,9.360052108764648,1245900
2025-03-25 00:00:00+00:00,9.379038421530012,9.435995637099513,9.236643571969028,9.303094863891602,857300
2025-03-26 00:00:00+00:00,9.341066941116049,9.341066941116049,9.170193478311672,9.293601989746094,928300
2025-03-27 00:00:00+00:00,9.293602003446123,9.350560126237761,9.246137052006198,9.322080612182617,796200
2025-03-28 00:00:00+00:00,9.331573967058599,9.341067138597015,9.075264672752006,9.170193672180176,1017200
2025-03-31 00:00:00+00:00,9.111722808267634,9.374841582520048,9.082486666062408,9.326115608215332,827500
2025-04-01 00:00:00+00:00,9.34560658701639,9.443057608521375,9.277390779025833,9.335861206054688,628700
2025-04-02 00:00:00+00:00,9.277390565307213,9.306625778148163,9.179938616676498,9.238409042358398,911500
2025-04-03 00:00:00+00:00,9.101978094051299,9.170193905450807,8.985036304778973,9.004526138305664,1069700
2025-04-04 00:00:00+00:00,8.741406886050887,8.780387480429358,8.30287496695042,8.497777938842773,2266500
2025-04-07 00:00:00+00:00,8.332110424178701,8.712170998146219,7.971539683285328,8.068990707397461,2128100
2025-04-08 00:00:00+00:00,8.32236491737357,8.380836274455092,7.698674933795656,7.776636123657227,2251600
2025-04-09 00:00:00+00:00,7.6596946357114515,8.419817195690525,7.503771785260273,8.341856002807617,2537900
2025-04-10 00:00:00+00:00,8.234657941632243,8.234657941632243,7.8058714184721545,8.000774383544922,1749100
2025-04-11 00:00:00+00:00,7.942303358780384,8.000774715412899,7.67918457736078,7.883832931518555,1627500
2025-04-14 00:00:00+00:00,8.039755191471054,8.224912780896988,8.020264429757443,8.098226547241211,1668700
2025-04-15 00:00:00+00:00,8.0592456288992,8.244403210874822,8.0592456288992,8.127461433410645,1328200
2025-04-16 00:00:00+00:00,8.06899029945113,8.098226441640305,7.922813305987892,7.961793899536133,995600
2025-04-17 00:00:00+00:00,7.9520485149574816,8.185932076133723,7.9520485149574816,8.13720703125,1013200
2025-04-21 00:00:00+00:00,8.04950046736234,8.098226441640305,7.88383271243965,7.961793899536133,881000
2025-04-22 00:00:00+00:00,8.05924602341953,8.419816753927574,8.05924602341953,8.41007137298584,1877000
2025-04-23 00:00:00+00:00,8.819368251277101,8.994780464804755,8.790133037250943,8.858348846435547,3059000
2025-04-24 00:00:00+00:00,8.819368251277101,8.946055417884722,8.809622870144816,8.858348846435547,2193000
2025-04-25 00:00:00+00:00,9.199428479953141,9.199428479953141,8.790132710680929,8.975290298461914,2018800
2025-04-28 00:00:00+00:00,9.004525506808937,9.277390592012114,8.99478012604368,9.150703430175781,1306200
2025-04-29 00:00:00+00:00,9.121467177791272,9.287134931318489,9.062996752646756,9.277390480041504,939900
2025-04-30 00:00:00+00:00,9.140958569491112,9.209174379987756,8.985036185858373,9.131213188171387,1063300
2025-05-01 00:00:00+00:00,9.15070405509789,9.267645844155183,9.08248731445309,9.179939270019531,1204800
2025-05-02 00:00:00+00:00,9.199428664738544,9.296880615656962,9.150703618650018,9.248154640197754,789300
2025-05-05 00:00:00+00:00,9.199428991404261,9.267645731217756,9.140958562273509,9.21891975402832,799200
2025-05-06 00:00:00+00:00,9.14095794155807,9.199428366718397,9.062996755097203,9.101977348327637,725400
2025-05-07 00:00:00+00:00,9.140957940310514,9.248154339336917,9.140957940310514,9.18968391418457,957600
2025-05-08 00:00:00+00:00,9.257900127106593,9.326115935907705,9.228664913244787,9.296880722045898,775300
2025-05-09 00:00:00+00:00,9.316371589701172,9.374842018086914,9.257900231944728,9.345606803894043,1006900
2025-05-12 00:00:00+00:00,9.540509440936646,9.57949003492877,9.452802872111697,9.550254821777344,1569800
2025-05-13 00:00:00+00:00,9.608725652753744,9.745158202157402,9.598981200873325,9.657451629638672,1637800
2025-05-14 00:00:00+00:00,9.647706261943924,9.657451643208745,9.452803283501051,9.482038497924805,1097000
2025-05-15 00:00:00+00:00,9.452802869200701,9.657451219939002,9.452802869200701,9.637961387634277,968100
2025-05-16 00:00:00+00:00,9.667196683336932,9.715922658570882,9.618470708102981,9.686686515808105,870400
2025-05-19 00:00:00+00:00,9.540509222973721,9.637961170412977,9.52101939110826,9.628215789794922,830100
2025-05-20 00:00:00+00:00,9.608725876685094,9.715923214204313,9.56974528014285,9.579490661621094,1035100
2025-05-21 00:00:00+00:00,9.521019839974924,9.56000043491423,9.267645508184092,9.296880722045898,988300
2025-05-22 00:00:00+00:00,9.25790044633943,9.433313594300284,9.150704038902646,9.355352401733398,1039500
2025-05-23 00:00:00+00:00,9.228664908230332,9.423567882820956,9.228664908230332,9.384587287902832,742300
2025-05-27 00:00:00+00:00,9.472293633793093,9.560000202618042,9.326115709294623,9.550254821777344,826500
2025-05-28 00:00:00+00:00,9.540509331512169,9.676941873605134,9.530763950783244,9.589235305786133,834700
2025-05-29 00:00:00+00:00,9.647706031799316,9.667196793864008,9.579490223314266,9.647706031799316,610700
2025-05-30 00:00:00+00:00,9.62821663964158,9.637962021119826,9.521020231493093,9.579490661621094,1327600
2025-06-02 00:00:00+00:00,9.550255237407843,9.550255237407843,9.44305790223623,9.482038497924805,906800
2025-06-03 00:00:00+00:00,9.501529143311236,9.667196905287858,9.433313334039934,9.608725547790527,865800
2025-06-04 00:00:00+00:00,9.589235826297562,9.628216421958498,9.501529253717777,9.569745063781738,876200
2025-06-05 00:00:00+00:00,9.598980686515057,9.657451112147285,9.521019499424979,9.589235305786133,963400
2025-06-06 00:00:00+00:00,9.667196899601342,9.696432113647461,9.598981090370165,9.696432113647461,626800
2025-06-09 00:00:00+00:00,9.696431893068421,9.87184503209615,9.676942060604606,9.774393081665039,1098600
2025-06-10 00:00:00+00:00,9.793883650304366,9.83286424383374,9.725666914599968,9.7646484375,2111700
2025-06-11 00:00:00+00:00,9.842609514602694,9.862099346464323,9.735412186566471,9.803628921508789,2228100
2025-06-12 00:00:00+00:00,9.754903142248088,9.81337356836914,9.706177167566766,9.725666999816895,1404600
2025-06-13 00:00:00+00:00,9.647706255103612,9.657451636361523,9.530764468120802,9.569745063781738,1993400
2025-06-16 00:00:00+00:00,9.598980578281582,9.657451003254526,9.530763843318947,9.540509223937988,1084000
2025-06-17 00:00:00+00:00,9.482038088237251,9.579490037933466,9.452802875076655,9.46254825592041,1031900
2025-06-18 00:00:00+00:00,9.433313039800968,9.647705842072321,9.413822278119572,9.550254821777344,1021200
2025-06-20 00:00:00+00:00,9.618471145629883,9.647706360351838,9.54050995345752,9.618471145629883,3469900
2025-06-23 00:00:00+00:00,9.598980903625488,9.628216117102847,9.472293739396028,9.598980903625488,1374000
2025-06-24 00:00:00+00:00,9.657451854705583,9.715923214204313,9.550255446557093,9.579490661621094,1072700
2025-06-25 00:00:00+00:00,9.540509551258042,9.676942096493448,9.491783575861776,9.511274337768555,1269500
2025-06-26 00:00:00+00:00,9.540509547300092,9.6184707361535,9.462548358446682,9.598980903625488,1254200
2025-06-27 00:00:00+00:00,9.628216228308654,9.628216228308654,9.462548467739028,9.5600004196167,3717600
2025-06-30 00:00:00+00:00,9.619999885559082,9.680000305175781,9.529999732971191,9.680000305175781,1426900
2025-07-01 00:00:00+00:00,9.640000343322754,9.90999984741211,9.630000114440918,9.789999961853027,976900
2025-07-02 00:00:00+00:00,9.789999961853027,9.949999809265137,9.779999732971191,9.920000076293945,999300
2025-07-03 00:00:00+00:00,9.899999618530273,9.960000038146973,9.850000381469727,9.859999656677246,447600
2025-07-07 00:00:00+00:00,9.84000015258789,9.899999618530273,9.770000457763672,9.8100004196167,1093400
2025-07-08 00:00:00+00:00,9.8100004196167,9.949999809265137,9.789999961853027,9.869999885559082,831100
2025-07-09 00:00:00+00:00,9.890000343322754,9.949999809265137,9.869999885559082,9.930000305175781,769400
2025-07-10 00:00:00+00:00,9.930000305175781,10.079999923706055,9.899999618530273,10.0600004196167,2203700
2025-07-11 00:00:00+00:00,10.0,10.029999732971191,9.930000305175781,9.949999809265137,794500
2025-07-14 00:00:00+00:00,9.949999809265137,10.020000457763672,9.930000305175781,9.989999771118164,699800
2025-07-15 00:00:00+00:00,9.970000267028809,10.029999732971191,9.850000381469727,9.859999656677246,1094300
2025-07-16 00:00:00+00:00,9.880000114440918,9.989999771118164,9.800000190734863,9.9399995803833,1330500
2025-07-17 00:00:00+00:00,9.899999618530273,10.039999961853027,9.869999885559082,9.869999885559082,1715700
2025-07-18 00:00:00+00:00,9.930000305175781,9.9399995803833,9.609999656677246,9.720000267028809,1305900
2025-07-21 00:00:00+00:00,9.729999542236328,9.84000015258789,9.6899995803833,9.699999809265137,860200
2025-07-22 00:00:00+00:00,9.6899995803833,9.890000343322754,9.680000305175781,9.739999771118164,892700
2025-07-23 00:00:00+00:00,9.739999771118164,9.880000114440918,9.729999542236328,9.84000015258789,911500
2025-07-24 00:00:00+00:00,9.84000015258789,9.960000038146973,9.8100004196167,9.819999694824219,617200
2025-07-25 00:00:00+00:00,9.850000381469727,9.880000114440918,9.770000457763672,9.859999656677246,456700
2025-07-28 00:00:00+00:00,9.859999656677246,9.899999618530273,9.729999542236328,9.760000228881836,1551400
2025-07-29 00:00:00+00:00,9.829999923706055,9.84000015258789,9.760000228881836,9.800000190734863,921600
2025-07-30 00:00:00+00:00,9.920000076293945,9.989999771118164,9.619999885559082,9.670000076293945,1570400
2025-07-31 00:00:00+00:00,9.65999984741211,9.779999732971191,9.579999923706055,9.619999885559082,2285200
2025-08-01 00:00:00+00:00,9.739999771118164,9.789999961853027,9.600000381469727,9.779999732971191,1756000
2025-08-04 00:00:00+00:00,9.800000190734863,9.949999809265137,9.779999732971191,9.90999984741211,1012800
2025-08-05 00:00:00+00:00,9.899999618530273,9.949999809265137,9.850000381469727,9.9399995803833,740300
2025-08-06 00:00:00+00:00,9.920000076293945,9.920000076293945,9.819999694824219,9.850000381469727,718400
2025-08-07 00:00:00+00:00,9.899999618530273,9.979999542236328,9.890000343322754,9.949999809265137,723200
2025-08-08 00:00:00+00:00,9.979999542236328,10.09000015258789,9.930000305175781,10.020000457763672,697000
2025-08-11 00:00:00+00:00,10.020000457763672,10.0600004196167,9.869999885559082,9.899999618530273,676000
2025-08-12 00:00:00+00:00,9.970000267028809,10.069999694824219,9.949999809265137,10.039999961853027,561500
2025-08-13 00:00:00+00:00,10.069999694824219,10.149999618530273,10.029999732971191,10.130000114440918,868000
2025-08-14 00:00:00+00:00,10.069999694824219,10.130000114440918,10.029999732971191,10.109999656677246,683800
2025-08-15 00:00:00+00:00,10.130000114440918,10.149999618530273,10.039999961853027,10.0600004196167,831000
2025-08-18 00:00:00+00:00,10.09000015258789,10.119999885559082,10.010000228881836,10.029999732971191,495900
2025-08-19 00:00:00+00:00,10.029999732971191,10.239999771118164,10.029999732971191,10.210000038146973,780200
2025-08-20 00:00:00+00:00,10.25,10.329999923706055,10.210000038146973,10.270000457763672,715400
2025-08-21 00:00:00+00:00,10.199999809265137,10.220000267028809,10.0600004196167,10.069999694824219,497500
2025-08-22 00:00:00+00:00,10.130000114440918,10.399999618530273,10.130000114440918,10.390000343322754,1211000
2025-08-25 00:00:00+00:00,10.350000381469727,10.380000114440918,10.279999732971191,10.279999732971191,537500
2025-08-26 00:00:00+00:00,10.25,10.380000114440918,10.220000267028809,10.359999656677246,737200
2025-08-27 00:00:00+00:00,10.319999694824219,10.390000343322754,10.289999961853027,10.359999656677246,527300
2025-08-28 00:00:00+00:00,10.390000343322754,10.449999809265137,10.3100004196167,10.449999809265137,612900
2025-08-29 00:00:00+00:00,10.479999542236328,10.609999656677246,10.4399995803833,10.59000015258789,1073500
2025-09-02 00:00:00+00:00,10.460000038146973,10.539999961853027,10.420000076293945,10.5,819400
2025-09-03 00:00:00+00:00,10.460000038146973,10.710000038146973,10.460000038146973,10.6899995803833,676900
2025-09-04 00:00:00+00:00,10.720000267028809,10.890000343322754,10.720000267028809,10.890000343322754,795100
2025-09-05 00:00:00+00:00,10.920000076293945,11.039999961853027,10.90999984741211,10.979999542236328,926600
2025-09-08 00:00:00+00:00,10.90999984741211,11.0,10.890000343322754,10.989999771118164,744000
2025-09-09 00:00:00+00:00,10.890000343322754,11.050000190734863,10.890000343322754,11.020000457763672,629900
2025-09-10 00:00:00+00:00,11.050000190734863,11.09000015258789,10.960000038146973,11.020000457763672,563100
2025-09-11 00:00:00+00:00,11.010000228881836,11.109999656677246,10.960000038146973,11.0,905100
2025-09-12 00:00:00+00:00,10.970000267028809,11.020000457763672,10.779999732971191,10.84000015258789,587800
2025-09-15 00:00:00+00:00,10.880000114440918,10.880000114440918,10.729999542236328,10.770000457763672,1008300
2025-09-16 00:00:00+00:00,10.760000228881836,10.800000190734863,10.470000267028809,10.520000457763672,839900
2025-09-17 00:00:00+00:00,10.479999542236328,10.710000038146973,10.479999542236328,10.510000228881836,969600
2025-09-18 00:00:00+00:00,10.529999732971191,10.699999809265137,10.489999771118164,10.670000076293945,896900
2025-09-19 00:00:00+00:00,10.6899995803833,10.729999542236328,10.529999732971191,10.550000190734863,1770700
2025-09-22 00:00:00+00:00,10.539999961853027,10.550000190734863,10.380000114440918,10.489999771118164,800200
2025-09-23 00:00:00+00:00,10.479999542236328,10.619999885559082,10.4399995803833,10.5,1088700
2025-09-24 00:00:00+00:00,10.460000038146973,10.510000228881836,10.420000076293945,10.449999809265137,816600
2025-09-25 00:00:00+00:00,10.420000076293945,10.430000305175781,10.270000457763672,10.279999732971191,891900
2025-09-26 00:00:00+00:00,10.34000015258789,10.359999656677246,10.170000076293945,10.239999771118164,587500
