"('date', '')","('open', 'BBSI')","('high', 'BBSI')","('low', 'BBSI')","('close', 'BBSI')","('volume', 'BBSI')"
2024-01-02 00:00:00+00:00,28.321385591265077,28.575112583326256,28.08736414505262,28.32877540588379,120000
2024-01-03 00:00:00+00:00,28.25487255577645,28.32631056037362,27.4887638092041,27.4887638092041,120800
2024-01-04 00:00:00+00:00,27.658734461865052,27.801610457651893,27.136500914980196,27.38776397705078,119200
2024-01-05 00:00:00+00:00,27.232575800757598,27.882905800829107,27.232575800757598,27.833637237548828,170000
2024-01-08 00:00:00+00:00,27.833636256257044,27.927245583487558,27.454276789689292,27.88783073425293,106000
2024-01-09 00:00:00+00:00,27.666125282882234,27.77697813029925,27.212865819693587,27.46659278869629,78800
2024-01-10 00:00:00+00:00,27.466592110660002,27.905071935130135,27.289229062693813,27.873048782348633,150800
2024-01-11 00:00:00+00:00,27.688296807309374,27.809001487939423,27.183304883978376,27.66119956970215,130800
2024-01-12 00:00:00+00:00,27.914926776216255,28.07997222165109,27.4542756124081,27.614395141601562,109200
2024-01-16 00:00:00+00:00,27.49861608541802,28.072582110742207,27.323716929946496,27.90260887145996,161200
2024-01-17 00:00:00+00:00,27.68829619300694,28.203139937315004,27.668588769838312,28.092288970947266,111600
2024-01-18 00:00:00+00:00,27.870586012816254,28.215458411221555,27.747417433343177,28.121850967407227,159200
2024-01-19 00:00:00+00:00,28.316454259614794,28.328771868710326,27.900145759712323,27.919851303100586,86000
2024-01-22 00:00:00+00:00,28.079971834518748,28.506135940551758,28.035631071344234,28.506135940551758,90000
2024-01-23 00:00:00+00:00,28.552940425796457,28.552940425796457,28.190824508666992,28.190824508666992,69200
2024-01-24 00:00:00+00:00,28.326310002691557,28.419919327963793,28.104606178893384,28.21053123474121,67200
2024-01-25 00:00:00+00:00,28.412529459394612,28.412529459394612,27.865662498102697,27.90753936767578,75200
2024-01-26 00:00:00+00:00,28.099681628781482,28.235167827524357,28.01100009495042,28.025779724121094,74400
2024-01-29 00:00:00+00:00,27.865664220962625,28.32138765658382,27.86073642458845,28.245023727416992,91200
2024-01-30 00:00:00+00:00,27.912463130527893,28.311530008205143,27.806538076049552,28.08736228942871,186400
2024-01-31 00:00:00+00:00,28.185900116530156,28.32877613417677,27.639031267844086,27.656274795532227,164400
2024-02-01 00:00:00+00:00,27.873052494448775,28.10214614868164,27.611933803766053,28.10214614868164,120400
2024-02-02 00:00:00+00:00,27.956806729962306,28.008537313525434,27.54296018205369,27.609472274780273,128800
2024-02-05 00:00:00+00:00,27.587297001319946,27.587297001319946,27.170988494319428,27.439495086669922,115200
2024-02-06 00:00:00+00:00,27.496155416983186,27.779441657157413,27.21040339948822,27.451814651489258,95600
2024-02-07 00:00:00+00:00,27.3779135429082,27.653811856136,26.835972508407473,27.203014373779297,135600
2024-02-08 00:00:00+00:00,27.06260023258322,27.540494918823242,27.06260023258322,27.540494918823242,79600
2024-02-09 00:00:00+00:00,27.370521068666616,28.072581574949535,27.32618030619594,27.97158432006836,98000
2024-02-12 00:00:00+00:00,27.924782054510256,28.33123876544618,27.924782054510256,28.14402198791504,77200
2024-02-13 00:00:00+00:00,27.444424110055657,27.57744452360988,26.658607962166585,26.818727493286133,152000
2024-02-14 00:00:00+00:00,26.99855156986202,27.4444230944055,26.791629263632334,27.380374908447266,89600
2024-02-15 00:00:00+00:00,27.555276220807833,28.02577924221792,27.439497449219008,27.986366271972656,113600
2024-02-16 00:00:00+00:00,27.841025722075475,28.040560104871616,27.466594056051562,27.89768409729004,140400
2024-02-20 00:00:00+00:00,27.616863876008157,27.94941872294104,27.616863876008157,27.83856773376465,165200
2024-02-21 00:00:00+00:00,27.789294268092288,27.85580635339893,27.70800443407793,27.73509979248047,68000
2024-02-22 00:00:00+00:00,27.68583747107716,27.94941819717274,27.47891512733274,27.786836624145508,91600
2024-02-23 00:00:00+00:00,27.68336967021383,28.2696533203125,27.68336967021383,28.2696533203125,64400
2024-02-26 00:00:00+00:00,28.10953342743504,28.658864240781913,28.10953342743504,28.533233642578125,101200
2024-02-27 00:00:00+00:00,28.602208627898705,28.777107791045324,28.331238119916666,28.575111389160156,106000
2024-02-28 00:00:00+00:00,28.35094553512244,28.87318104051075,28.331239988797336,28.42977523803711,89600
2024-02-29 00:00:00+00:00,31.205990563417988,32.023829834791925,29.67870096921232,30.050668716430664,212800
2024-03-01 00:00:00+00:00,29.858532371410956,29.858532371410956,28.993888256239234,29.461929321289062,151200
2024-03-04 00:00:00+00:00,29.764919964783665,30.422639741332993,29.370780878428455,29.61219024658203,154800
2024-03-05 00:00:00+00:00,29.415121769145312,29.47670606038355,28.851009435874648,28.875642776489258,126000
2024-03-06 00:00:00+00:00,29.370781482223954,29.54814266517738,29.057932225176845,29.30180549621582,209600
2024-03-07 00:00:00+00:00,29.259928007688067,29.612190227004643,29.218051140910006,29.59987449645996,60800
2024-03-08 00:00:00+00:00,29.493947258156116,29.89054833336688,29.176172114927297,29.259925842285156,81200
2024-03-11 00:00:00+00:00,29.05300768760251,29.51612091064453,29.05300768760251,29.51612091064453,84800
2024-03-12 00:00:00+00:00,29.333829988913834,29.78955336719032,29.255002171479003,29.757530212402344,95600
2024-03-13 00:00:00+00:00,29.658993657048104,29.740285368759267,29.388023164080895,29.4471435546875,84800
2024-03-14 00:00:00+00:00,29.276744497591256,29.526169637696036,29.08411651154412,29.23229217529297,126400
2024-03-15 00:00:00+00:00,28.977925196019033,29.50641475842034,28.977925196019033,29.387874603271484,276800
2024-03-18 00:00:00+00:00,29.313788132067078,29.950937491800083,29.311319919232997,29.674346923828125,166000
2024-03-19 00:00:00+00:00,29.852151443662034,30.022552319285595,29.60766462342996,29.810169219970703,166400
2024-03-20 00:00:00+00:00,29.847214729404367,30.568328513268717,29.844744632545886,30.469545364379883,184400
2024-03-21 00:00:00+00:00,30.81034571670903,31.104223168868224,30.746136390264834,31.0523624420166,132800
2024-03-22 00:00:00+00:00,30.805407631533086,30.857268361934043,30.190485389199573,30.667112350463867,144000
2024-03-25 00:00:00+00:00,30.733788756797004,31.042484914997583,30.67204952515689,30.970869064331055,119600
2024-03-26 00:00:00+00:00,31.235112981783235,31.363529754911326,31.022729873657227,31.022729873657227,90400
2024-03-27 00:00:00+00:00,31.094347608642213,31.45984280579035,30.99062426727633,31.022729873657227,164400
2024-03-28 00:00:00+00:00,31.017791549260963,31.437619481287488,31.017791549260963,31.294384002685547,122800
2024-04-01 00:00:00+00:00,31.291912527238498,31.30179103058263,30.904190220607603,31.279565811157227,118800
2024-04-02 00:00:00+00:00,31.082001191839613,31.082001191839613,30.48930414809234,30.906661987304688,119200
2024-04-03 00:00:00+00:00,30.649824830260563,30.919006980431195,30.649824830260563,30.84739112854004,86800
2024-04-04 00:00:00+00:00,30.852328865209742,30.906659690434267,29.881788069888586,29.88672637939453,132000
2024-04-05 00:00:00+00:00,29.89166824620861,30.501652189520996,29.89166824620861,30.489303588867188,70800
2024-04-08 00:00:00+00:00,30.284327690499115,30.548571530608044,30.279389380910136,30.360885620117188,51200
2024-04-09 00:00:00+00:00,30.326310681768195,30.44978914238756,30.113927578772348,30.17566680908203,75200
2024-04-10 00:00:00+00:00,29.65952770242182,29.721266936558475,29.338484815390363,29.52617073059082,191200
2024-04-11 00:00:00+00:00,29.800292650767037,29.800292650767037,29.41504043823705,29.592849731445312,191600
2024-04-12 00:00:00+00:00,29.592850233689884,29.783006246295425,29.333544696004967,29.68669319152832,82800
2024-04-15 00:00:00+00:00,29.787941322320123,29.978097302255183,29.691628284100453,29.77806282043457,134400
2024-04-16 00:00:00+00:00,29.543457106654284,30.015145751313757,29.543457106654284,29.921302795410156,100000
2024-04-17 00:00:00+00:00,29.906479576683605,30.21270559860944,29.75336750778648,29.77806282043457,121200
2024-04-18 00:00:00+00:00,29.736087147596837,30.12874779230998,29.736087147596837,29.97069549560547,155200
2024-04-19 00:00:00+00:00,29.88178797092337,30.602901740839968,29.610135729832248,30.215179443359375,84000
2024-04-22 00:00:00+00:00,30.311494217535177,30.447321287872,30.17566903133028,30.328781127929688,150000
2024-04-23 00:00:00+00:00,30.523873510463527,30.674517375362726,30.449787568400573,30.491769790649414,68800
2024-04-24 00:00:00+00:00,30.484364244260792,30.635008123290245,30.39298950126743,30.57326889038086,66400
2024-04-25 00:00:00+00:00,30.299146810869587,30.588085971224178,30.242345887077512,30.402868270874023,198000
2024-04-26 00:00:00+00:00,30.28186009279581,30.36829464334733,29.997859240299196,30.071945190429688,99600
2024-04-29 00:00:00+00:00,30.081823659719937,30.509059986434142,30.081823659719937,30.506589889526367,102400
2024-04-30 00:00:00+00:00,30.271980119007495,30.442379114923853,29.992917589753926,30.005266189575195,127200
2024-05-01 00:00:00+00:00,30.12627791387296,30.452261013708004,29.901548068294108,30.234939575195312,139600
2024-05-02 00:00:00+00:00,30.363353259358426,30.363353259358426,28.071593290459667,29.508882522583008,212000
2024-05-03 00:00:00+00:00,29.81757921949816,30.770833120631497,29.81757921949816,30.469545364379883,178000
2024-05-06 00:00:00+00:00,30.34853657244169,31.044955030393577,30.343598262925532,30.427562713623047,141600
2024-05-07 00:00:00+00:00,30.635008552266434,30.8770252935463,30.447320754036824,30.452259063720703,112400
2024-05-08 00:00:00+00:00,30.31149195254974,30.73872825484933,30.309023739914903,30.610309600830078,86400
2024-05-09 00:00:00+00:00,30.758485253162192,31.11904213159696,30.758485253162192,31.099285125732422,242400
2024-05-10 00:00:00+00:00,30.90172030804581,31.173374441300055,30.90172030804581,31.111635208129883,75200
2024-05-13 00:00:00+00:00,31.27215589798661,31.314140008738864,30.805407443101128,30.83504295349121,102400
2024-05-14 00:00:00+00:00,31.153615949794006,31.153615949794006,30.864676804519345,31.099285125732422,111600
2024-05-15 00:00:00+00:00,31.133859633859313,31.133859633859313,30.5831448590051,31.07952880859375,98800
2024-05-16 00:00:00+00:00,31.099331208737244,31.099331208737244,30.809701650788206,31.007740020751953,70000
2024-05-17 00:00:00+00:00,31.133989476692612,31.26766510100821,30.943379092481873,31.079530715942383,76800
2024-05-20 00:00:00+00:00,31.0820027587763,31.302319452167865,30.918622710126243,30.921098709106445,65200
2024-05-21 00:00:00+00:00,30.85673727482528,31.111710410301388,30.37897143745562,30.908721923828125,190000
2024-05-22 00:00:00+00:00,31.037447380924018,31.215681552971464,30.854263099045937,30.980512619018555,106400
2024-05-23 00:00:00+00:00,30.990413685934776,31.109235204217587,30.6586996794078,30.794851303100586,112000
2024-05-24 00:00:00+00:00,30.89139276828489,31.032494493755163,30.834456122841086,30.86416244506836,56000
2024-05-28 00:00:00+00:00,31.084480040651997,31.339453175754024,30.943378311098744,31.193401336669922,145600
2024-05-29 00:00:00+00:00,30.933477153395803,31.542442630623988,30.755242986668726,31.04239845275879,172400
2024-05-30 00:00:00+00:00,31.267666109071396,32.00040701160268,30.918625763744878,31.86920738220215,138400
2024-05-31 00:00:00+00:00,32.01773109185444,32.89899789057107,31.81226660921265,32.760372161865234,227600
2024-06-03 00:00:00+00:00,32.83958825517624,33.81492410869941,32.71086274841351,33.67382049560547,231600
2024-06-04 00:00:00+00:00,33.673820594542725,34.00553269249461,32.705910846520915,32.90890121459961,185600
2024-06-05 00:00:00+00:00,32.53015555164632,32.58213831176992,32.084570149962,32.26033020019531,136800
2024-06-06 00:00:00+00:00,32.13655460332881,32.562331984807194,32.13655460332881,32.29745864868164,94800
2024-06-07 00:00:00+00:00,32.304884407363744,32.62669627185613,32.28755430378861,32.567283630371094,194000
2024-06-10 00:00:00+00:00,32.60194043815063,32.775222589572756,32.416280180783865,32.705909729003906,84800
2024-06-11 00:00:00+00:00,32.61927391715382,32.85939484370904,32.505400618854935,32.745521545410156,91600
2024-06-12 00:00:00+00:00,33.12179182945736,33.17130047770188,32.67620644072125,32.92622756958008,212000
2024-06-13 00:00:00+00:00,32.80988512874804,33.03020185742013,32.42866432463965,32.73809814453125,202800
2024-06-14 00:00:00+00:00,32.663832423068634,32.93118368977624,32.62174987792969,32.62174987792969,222800
2024-06-17 00:00:00+00:00,32.56976119729424,33.423797607421875,32.56976119729424,33.423797607421875,149600
2024-06-18 00:00:00+00:00,33.599560770480835,33.82978149617327,33.282700841762804,33.34211349487305,194800
2024-06-20 00:00:00+00:00,33.030194094607644,33.49310954891275,33.030194094607644,33.48568344116211,213600
2024-06-21 00:00:00+00:00,33.525288090076366,33.66391758171224,33.389140263136404,33.48568344116211,290400
2024-06-24 00:00:00+00:00,33.62678781371428,34.01296057804696,32.933655370858425,33.141597747802734,237500
2024-06-25 00:00:00+00:00,33.220804918653684,33.43864747606188,32.51777238172194,32.98316192626953,174100
2024-06-26 00:00:00+00:00,32.93365661897792,33.29012496179996,32.59699249267578,32.59699249267578,151900
2024-06-27 00:00:00+00:00,32.844534685469114,32.844534685469114,32.07218924153042,32.42865753173828,148500
2024-06-28 00:00:00+00:00,32.75542695160576,32.75542695160576,32.04249025014318,32.44846725463867,610400
2024-07-01 00:00:00+00:00,32.09199854912985,32.408858462439625,31.943468812211087,32.30984115600586,254100
2024-07-02 00:00:00+00:00,32.309837528449776,32.66630583521817,31.586998807654563,32.379150390625,93600
2024-07-03 00:00:00+00:00,32.23061917303752,32.61679189500687,32.19101074584386,32.42865753173828,67700
2024-07-05 00:00:00+00:00,32.309840325541494,32.458366281374545,32.10189794374638,32.210819244384766,101900
2024-07-08 00:00:00+00:00,32.39895654553507,32.56728671310837,32.09199686804102,32.290035247802734,193500
2024-07-09 00:00:00+00:00,32.280129884751034,32.280129884751034,31.62660779192549,31.893957138061523,101700
2024-07-10 00:00:00+00:00,32.18111349145469,32.18111349145469,31.68601943774,31.81474494934082,126200
2024-07-11 00:00:00+00:00,32.141505393201804,32.834637831028225,32.02268387671576,32.64650344848633,188000
2024-07-12 00:00:00+00:00,32.71581344050384,33.44855046794375,32.5078748606034,32.993064880371094,217100
2024-07-15 00:00:00+00:00,33.082187574942004,33.81492850414338,33.05248313770013,33.26042175292969,239900
2024-07-16 00:00:00+00:00,33.53767025583019,34.49815393205108,33.51786604034165,34.38923263549805,157100
2024-07-17 00:00:00+00:00,34.29021539725348,34.54766264453372,33.80502156007765,34.21099853515625,191200
2024-07-18 00:00:00+00:00,34.250605660897655,34.63677840573472,33.58717768655449,33.725807189941406,228600
2024-07-19 00:00:00+00:00,33.91394096110541,34.16148797542005,33.47825957572801,33.51786422729492,181000
2024-07-22 00:00:00+00:00,33.527770097273105,34.32982005103422,33.30002728464539,34.21099853515625,127800
2024-07-23 00:00:00+00:00,34.09218025065393,35.191289764189214,34.09218025065393,35.032859802246094,172300
2024-07-24 00:00:00+00:00,35.03285684705421,35.25069566555759,34.78530981632061,34.95363998413086,123900
2024-07-25 00:00:00+00:00,35.06255529633999,35.48833641869633,35.06255529633999,35.15167236328125,148400
2024-07-26 00:00:00+00:00,35.389327634719365,35.73589199092044,35.003151067036214,35.67647933959961,115000
2024-07-29 00:00:00+00:00,35.79529925202854,35.90421676381319,34.92393271687806,35.30020523071289,136400
2024-07-30 00:00:00+00:00,35.58736291448409,36.19137832706413,35.49824582447607,36.1319694519043,141300
2024-07-31 00:00:00+00:00,36.29039706278578,36.62706118352558,35.775498773579734,36.082454681396484,131200
2024-08-01 00:00:00+00:00,36.36960582855411,36.636957049484614,35.58735637960198,36.30029296875,275300
2024-08-02 00:00:00+00:00,35.438833022267346,36.31019583104568,35.379420376422885,35.45863723754883,242800
2024-08-05 00:00:00+00:00,34.4288434143348,34.4288434143348,33.309929715169645,33.8347282409668,203200
2024-08-06 00:00:00+00:00,33.81492856958877,34.64668680938499,33.6663988285555,34.53776550292969,183300
2024-08-07 00:00:00+00:00,34.67638815680778,34.94373940048411,34.15158966585121,34.21099853515625,232400
2024-08-08 00:00:00+00:00,34.32982303290619,34.94374243568083,31.45827952328254,34.715999603271484,165700
2024-08-09 00:00:00+00:00,34.785308897148774,34.785308897148774,34.409036362741354,34.60707473754883,179000
2024-08-12 00:00:00+00:00,34.607076679527346,34.626880895846185,33.8050229163203,34.51795959472656,232400
2024-08-13 00:00:00+00:00,34.65657952731418,34.78530502319336,34.300111247813305,34.78530502319336,80400
2024-08-14 00:00:00+00:00,34.70609052589238,34.77540338746829,34.41893508378208,34.65658187866211,85500
2024-08-15 00:00:00+00:00,35.15167970292639,35.230896568866726,34.646685402994976,34.83481979370117,164000
2024-08-16 00:00:00+00:00,34.91421005384476,35.05315172681787,34.19964855183832,34.31874465942383,195800
2024-08-19 00:00:00+00:00,34.45768491106363,34.8149656473295,34.32866602610618,34.74549102783203,135000
2024-08-20 00:00:00+00:00,34.64625288596531,34.685951592384335,34.100408923273335,34.4775390625,125600
2024-08-21 00:00:00+00:00,34.69587262818576,34.904285147570945,34.4775373256342,34.75542068481445,221400
2024-08-22 00:00:00+00:00,34.636332461943965,35.42036114480899,34.636332461943965,35.311195373535156,164000
2024-08-23 00:00:00+00:00,35.499755859375,36.16469215010475,35.14247507622834,35.499755859375,310400
2024-08-26 00:00:00+00:00,35.81733879139809,35.95628048018796,35.35088844828034,35.53945541381836,89700
2024-08-27 00:00:00+00:00,35.51960579078848,35.916581500622165,35.400509670549035,35.797489166259766,83300
2024-08-28 00:00:00+00:00,35.658546754208025,36.28378812219521,34.86459156479087,35.80741500854492,152700
2024-08-29 00:00:00+00:00,36.065449941916754,36.22424098383547,35.72801850460485,35.896732330322266,81900
2024-08-30 00:00:00+00:00,36.095219697676065,36.293709433447646,35.59899725118553,36.234161376953125,118400
2024-09-03 00:00:00+00:00,36.07537346238749,36.28378978518686,35.39058778998141,35.47990798950195,164800
2024-09-04 00:00:00+00:00,35.47990947433941,35.72802072940472,35.3508905616598,35.460060119628906,122900
2024-09-05 00:00:00+00:00,35.62877734515821,35.73794311603493,34.487464070210414,34.85466766357422,156000
2024-09-06 00:00:00+00:00,34.874515967171796,35.14247656589043,34.22942900214735,34.30882263183594,89700
2024-09-09 00:00:00+00:00,34.25920053495387,34.795121722925614,34.16988033695858,34.775272369384766,118100
2024-09-10 00:00:00+00:00,34.91421328566312,35.68831912724043,34.854665226358335,35.54937744140625,139400
2024-09-11 00:00:00+00:00,35.35088823767195,35.598999476426286,34.94398595754993,35.440208435058594,191000
2024-09-12 00:00:00+00:00,35.52952950441934,36.0555279178841,35.479908012626055,35.886810302734375,132200
2024-09-13 00:00:00+00:00,36.19446956581431,36.720464192770606,35.599000307378226,36.65099334716797,219700
2024-09-16 00:00:00+00:00,36.71054186820249,36.92887719173873,36.35326106584495,36.49220275878906,97700
2024-09-17 00:00:00+00:00,36.710540771484375,37.038045639943206,36.48227509889306,36.710540771484375,150500
2024-09-18 00:00:00+00:00,36.62122012267948,37.49456895173499,36.3234836093573,36.86933135986328,164400
2024-09-19 00:00:00+00:00,37.52434658491618,37.52434658491618,36.77008626940785,37.355628967285156,120400
2024-09-20 00:00:00+00:00,37.35563036274413,37.484649276825465,36.700616793690386,36.87925720214844,345100
2024-09-23 00:00:00+00:00,37.00827384118558,37.43502548117045,36.37310966610403,36.50212478637695,98600
2024-09-24 00:00:00+00:00,36.502123661419255,36.55174893709326,36.055526467369226,36.313560485839844,73000
2024-09-25 00:00:00+00:00,36.254015214636745,36.57159731681331,35.97613182170158,36.17462158203125,152000
2024-09-26 00:00:00+00:00,36.41280486289571,36.74031352270376,36.124998696676776,36.24409103393555,112800
2024-09-27 00:00:00+00:00,36.48227345519643,36.9586503465633,36.18454073749981,36.273860931396484,106000
2024-09-30 00:00:00+00:00,36.19446840930317,37.30600568930589,35.99597866283342,37.22660827636719,120900
2024-10-01 00:00:00+00:00,37.21668277862174,37.21668277862174,36.61129079968254,37.008270263671875,93800
2024-10-02 00:00:00+00:00,36.73038630809478,37.077744315661505,36.23416382803695,36.30363845825195,73500
2024-10-03 00:00:00+00:00,36.224237647062765,36.29370848488563,35.956277078656,36.144840240478516,63000
2024-10-04 00:00:00+00:00,36.482271087244825,36.660911463443185,36.10514476938311,36.611289978027344,84100
2024-10-07 00:00:00+00:00,36.2837902193729,36.650993805850504,36.21431937290084,36.49220275878906,75200
2024-10-08 00:00:00+00:00,36.492199887006144,36.61129221646086,36.33340885244089,36.581520080566406,45600
2024-10-09 00:00:00+00:00,36.61129240326944,37.028121237303154,36.51204942586361,36.680763244628906,74200
2024-10-10 00:00:00+00:00,36.33340974652311,36.33340974652311,35.88680876773197,36.263938903808594,62300
2024-10-11 00:00:00+00:00,36.37310942352397,36.869331905231654,36.37310942352397,36.760162353515625,80100
2024-10-14 00:00:00+00:00,36.770084593463544,37.11744259704708,36.76016180976208,36.86933135986328,55400
2024-10-15 00:00:00+00:00,36.879254508777,37.415175695011676,36.859405155300486,37.06781768798828,89300
2024-10-16 00:00:00+00:00,37.325856008735876,37.78237978731968,37.216686456057765,37.72283172607422,103800
2024-10-17 00:00:00+00:00,37.67321153972644,37.72283303287809,37.31593073163093,37.60374069213867,67900
2024-10-18 00:00:00+00:00,37.663288833201875,37.69306097197888,37.20676503786058,37.2464599609375,69900
2024-10-21 00:00:00+00:00,37.14721583625946,37.20676389786622,36.55175036370053,36.65099334716797,120000
2024-10-22 00:00:00+00:00,36.49220087781065,36.49220087781065,36.025750544789425,36.313560485839844,37100
2024-10-23 00:00:00+00:00,36.0753711909731,36.4624278884433,35.9959775663299,36.273860931396484,72600
2024-10-24 00:00:00+00:00,36.24408766105299,36.3830293392378,35.91657903172296,36.085296630859375,58200
2024-10-25 00:00:00+00:00,36.30363555741979,36.383029179229034,35.53945254488732,35.6287727355957,61900
2024-10-28 00:00:00+00:00,35.886809040810796,36.73038572926445,35.6585471578866,36.412803649902344,104700
2024-10-29 00:00:00+00:00,36.24409307404998,37.05789769856727,36.08530202014117,36.92887878417969,171300
2024-10-30 00:00:00+00:00,36.83955589057693,37.20676325196151,36.60137122003907,36.710540771484375,92500
2024-10-31 00:00:00+00:00,36.63114564284256,36.938804962849325,35.91658401489258,35.91658401489258,99500
2024-11-01 00:00:00+00:00,36.04560313302724,36.3631852392839,35.90666143477462,36.015830993652344,94400
2024-11-04 00:00:00+00:00,36.045601667142485,36.74031391603072,35.966208036745726,36.44258117675781,88900
2024-11-05 00:00:00+00:00,36.37310788202073,37.27623260901893,36.19446749330663,37.13728713989258,129300
2024-11-06 00:00:00+00:00,38.44731986361215,40.86888423127708,38.44731986361215,40.06500244140625,266100
2024-11-07 00:00:00+00:00,38.46716548102879,40.91850577539473,37.87170001168282,40.878807067871094,288400
2024-11-08 00:00:00+00:00,40.26349034254584,41.16661507371684,40.26349034254584,41.05744552612305,185600
2024-11-11 00:00:00+00:00,41.543747385643975,42.85377445375977,41.15669444995664,42.5560417175293,179600
2024-11-12 00:00:00+00:00,42.55604077854072,42.843846938549426,42.228532125799596,42.46672058105469,95600
2024-11-13 00:00:00+00:00,42.90339299845191,42.97286383927117,42.139209963563225,42.23845672607422,89900
2024-11-14 00:00:00+00:00,42.21861068912978,42.41710044386291,41.02767594660825,41.58344650268555,316300
2024-11-15 00:00:00+00:00,41.891103606100145,41.891103606100145,40.88873579640979,41.20631790161133,174800
2024-11-18 00:00:00+00:00,41.295633337223734,41.454424371490106,40.91850321113726,41.11699295043945,149100
2024-11-19 00:00:00+00:00,40.95820378692594,41.64298944362513,40.55130150641592,41.29563522338867,148700
2024-11-20 00:00:00+00:00,41.21623621150258,42.0300407409668,40.99790090405308,42.0300407409668,107900
2024-11-21 00:00:00+00:00,42.178914136429945,42.51634560095648,41.7819346066773,41.910953521728516,242600
2024-11-22 00:00:00+00:00,41.950723373479256,42.577151470036895,41.950723373479256,42.51749038696289,131000
2024-11-25 00:00:00+00:00,42.81579288974042,43.501878290418134,42.58709775618119,43.17374801635742,110900
2024-11-26 00:00:00+00:00,42.945053166947886,43.24335479736328,42.467775868571174,43.24335479736328,317600
2024-11-27 00:00:00+00:00,43.34278393738609,43.57147906080777,42.47771911521496,42.537376403808594,176500
2024-11-29 00:00:00+00:00,42.89533636440746,43.07431582072298,42.53737745177642,42.66664123535156,69800
2024-12-02 00:00:00+00:00,42.686528876316785,43.30301157189212,42.35839860400335,43.2532958984375,95600
2024-12-03 00:00:00+00:00,43.253298413729034,43.34278814837651,42.73624703499506,43.0544319152832,167200
2024-12-04 00:00:00+00:00,43.183692594857256,44.13824716690203,43.183692594857256,44.088531494140625,103500
2024-12-05 00:00:00+00:00,43.97915329710497,43.97915329710497,43.19363279680171,43.293067932128906,139900
2024-12-06 00:00:00+00:00,43.42232740111159,43.61125225945105,43.18369066529467,43.303009033203125,81800
2024-12-09 00:00:00+00:00,43.40244681247928,43.71068626445013,42.21919329897748,42.428001403808594,106400
2024-12-10 00:00:00+00:00,42.42800377275088,43.26324003177299,42.109818892462734,43.0544319152832,101900
2024-12-11 00:00:00+00:00,43.45215934212332,43.820059851596696,42.90527938629804,43.31295394897461,109600
2024-12-12 00:00:00+00:00,43.30301077254118,43.56153833863332,43.004712944257136,43.04448699951172,68700
2024-12-13 00:00:00+00:00,42.94505291666803,43.352727510388675,42.07998805546818,43.322898864746094,73500
2024-12-16 00:00:00+00:00,43.30300956935978,43.770345222959484,42.68652690229347,43.44221496582031,115200
2024-12-17 00:00:00+00:00,43.25329536700801,43.73057265382126,42.54732295066316,43.11408996582031,100100
2024-12-18 00:00:00+00:00,43.16380203376541,43.66096630680719,41.761798935510065,42.060096740722656,155700
2024-12-19 00:00:00+00:00,42.32856931348925,43.133976866206204,41.76180230000561,42.51749038696289,165100
2024-12-20 00:00:00+00:00,42.020327139514336,43.9493271508042,42.020327139514336,42.79590606689453,359800
2024-12-23 00:00:00+00:00,42.7064177989436,42.81579456123381,41.881123169344995,42.31863021850586,96200
2024-12-24 00:00:00+00:00,42.23907546804074,43.13397266160482,42.14958574868433,43.124027252197266,46300
2024-12-26 00:00:00+00:00,43.00471430703383,43.79023485442224,42.74619052581201,43.690799713134766,67200
2024-12-27 00:00:00+00:00,43.55159217644169,43.72063001182418,42.62686626958114,43.133975982666016,119200
2024-12-30 00:00:00+00:00,42.78596018852204,43.48199099551041,42.308682896231865,43.10414505004883,68100
2024-12-31 00:00:00+00:00,43.45216159939151,43.7206307828659,43.084261070806306,43.193634033203125,75200
2025-01-02 00:00:00+00:00,43.31295662961179,43.56153878792279,42.44788798768434,42.736244201660156,78900
2025-01-03 00:00:00+00:00,42.41806033541992,43.0743170970006,42.25896790209924,42.56721115112305,72300
2025-01-06 00:00:00+00:00,42.53737678374714,42.736243264648245,41.83140437995772,41.93083572387695,94600
2025-01-07 00:00:00+00:00,41.910955444241964,42.10981814610014,40.87685270510266,41.12543487548828,98500
2025-01-08 00:00:00+00:00,40.9762806243355,41.722027073037346,40.82713361043268,41.64248275756836,67700
2025-01-10 00:00:00+00:00,41.065774800066606,41.264641299883465,40.69787424089637,41.10554885864258,77900
2025-01-13 00:00:00+00:00,40.687925631784054,41.70214128737932,40.687925631784054,41.54304885864258,62600
2025-01-14 00:00:00+00:00,41.73197463575699,42.34845733642578,41.43367300643917,42.34845733642578,51200
2025-01-15 00:00:00+00:00,43.03453796841312,43.253291460845624,42.129699149345505,42.81578826904297,83600
2025-01-16 00:00:00+00:00,42.81579322818184,43.79023485442224,42.785960789264195,43.690799713134766,93200
2025-01-17 00:00:00+00:00,44.1183577344812,44.714957154288115,43.18369024109827,43.61125183105469,127900
2025-01-21 00:00:00+00:00,44.02887269392208,44.595639737527414,43.631143498145526,44.11836242675781,103600
2025-01-22 00:00:00+00:00,43.90955604694372,44.26751499240989,43.46210736511101,43.710689544677734,92600
2025-01-23 00:00:00+00:00,43.4919339352888,43.700742027604264,43.16380368188233,43.4521598815918,62900
2025-01-24 00:00:00+00:00,43.2831225220649,43.45216035558985,43.21351982386715,43.293067932128906,59700
2025-01-27 00:00:00+00:00,43.13397505982732,43.760399337088664,42.93510858430486,43.6013069152832,65700
2025-01-28 00:00:00+00:00,43.73057371332454,44.10841966360466,42.964940195179764,43.24335479736328,120300
2025-01-29 00:00:00+00:00,43.133975508667966,43.58142413498391,43.07431442747165,43.293067932128906,44900
2025-01-30 00:00:00+00:00,43.481991296611156,44.05870373278624,43.213522106639594,43.322898864746094,51800
2025-01-31 00:00:00+00:00,43.18369419711244,43.48199203781141,42.70641689338151,43.08426284790039,85700
2025-02-03 00:00:00+00:00,42.39817380018075,43.32289976494322,42.19930730795153,42.55726623535156,81200
2025-02-04 00:00:00+00:00,42.308682149552574,43.17374698949511,42.25896647701568,43.04448699951172,75100
2025-02-05 00:00:00+00:00,43.12403290140335,43.62119723116426,43.024601552676295,43.46210479736328,95300
2025-02-06 00:00:00+00:00,43.56153549972533,43.56153549972533,42.89533339334681,43.02459716796875,102000
2025-02-07 00:00:00+00:00,42.9251651731442,43.38255922606307,42.1396484375,42.1396484375,70400
2025-02-10 00:00:00+00:00,42.12970160427876,42.94505075059528,41.84134919379798,42.61692428588867,193900
2025-02-11 00:00:00+00:00,42.696466802086924,42.88539165516718,42.38822737748216,42.5771484375,73900
2025-02-12 00:00:00+00:00,41.88112184168895,42.31862887698059,41.87118022409723,41.970611572265625,91200
2025-02-13 00:00:00+00:00,42.30868249898295,42.437946283096615,41.741915482643485,42.288795471191406,130300
2025-02-14 00:00:00+00:00,42.358400419057524,42.557266914460165,41.6126539060948,41.87118148803711,101400
2025-02-18 00:00:00+00:00,41.75186251353375,41.77174574903428,41.016057628939656,41.28452682495117,134100
2025-02-19 00:00:00+00:00,40.92656511692043,42.25896559565901,40.787359719495335,41.2646369934082,94800
2025-02-20 00:00:00+00:00,40.99616792344035,41.57288033493244,40.34985660611529,40.58849334716797,141700
2025-02-21 00:00:00+00:00,40.87684966404966,40.87684966404966,39.73337024812031,39.912349700927734,159300
2025-02-24 00:00:00+00:00,40.04161242464115,40.200704845928726,39.594163804437805,39.783084869384766,135000
2025-02-25 00:00:00+00:00,39.922295908816295,40.37968616710222,39.494734295573416,40.121158599853516,207300
2025-02-26 00:00:00+00:00,39.942179180216044,40.906679163497216,39.832806217270026,40.27030944824219,209600
2025-02-27 00:00:00+00:00,39.275983778116235,40.64815845064983,38.500408603366495,40.06150436401367,162200
2025-02-28 00:00:00+00:00,40.200707977649216,40.46917717068554,39.534505803878446,40.021728515625,125300
2025-03-03 00:00:00+00:00,39.97200876093206,40.38962493431618,39.27597801222944,39.95212173461914,167100
2025-03-04 00:00:00+00:00,39.74331619939767,40.17087780991838,38.7191551403756,38.77881622314453,142200
2025-03-05 00:00:00+00:00,38.60978196847185,39.42513112990444,38.60978196847185,39.007511138916016,143200
2025-03-06 00:00:00+00:00,38.560059538951535,39.49473079342138,38.560059538951535,39.21631622314453,133100
2025-03-07 00:00:00+00:00,38.97767962478765,39.723426031666,38.8484158522046,39.66376495361328,164200
2025-03-10 00:00:00+00:00,39.06717067031047,39.87257438949468,38.788756089684284,38.88819122314453,168000
2025-03-11 00:00:00+00:00,38.96773564835142,39.6140507419736,38.59983513615207,39.33563995361328,154600
2025-03-12 00:00:00+00:00,39.4847895606454,39.743317132316704,39.05722794008828,39.584224700927734,156000
2025-03-13 00:00:00+00:00,39.62399466287448,39.68365574659052,39.097001699102414,39.36547088623047,95900
2025-03-14 00:00:00+00:00,39.90349593697306,40.26217966147057,39.67433773537588,39.684303283691406,153800
2025-03-17 00:00:00+00:00,39.60459273625669,39.85367822516396,38.85733626953486,39.644447326660156,95000
2025-03-18 00:00:00+00:00,39.39535852712158,39.95330754291055,39.32561490014796,39.71418762207031,163900
2025-03-19 00:00:00+00:00,39.77396608652032,40.97954265174207,39.77396608652032,40.949649810791016,169500
2025-03-20 00:00:00+00:00,40.680644369066925,40.94965335571537,40.58100789184252,40.83009338378906,120800
2025-03-21 00:00:00+00:00,40.77030985753245,40.81016444681913,40.00312991784952,40.670677185058594,235800
2025-03-24 00:00:00+00:00,41.16884738218642,41.67698388427094,41.02936012302369,41.42789840698242,115800
2025-03-25 00:00:00+00:00,41.28840698190057,41.60723608595056,40.869945208113485,41.13895797729492,89800
2025-03-26 00:00:00+00:00,41.08914334800555,41.686946992727975,40.62086141916917,41.467750549316406,131500
2025-03-27 00:00:00+00:00,41.507605901523306,42.12533685251458,40.959618583672516,41.65705871582031,100000
2025-03-28 00:00:00+00:00,41.72680482177292,41.826437503380056,40.98951005535333,41.05925369262695,109300
2025-03-31 00:00:00+00:00,41.09910624844608,41.67698641520511,40.850020756031256,40.999473571777344,148500
2025-04-01 00:00:00+00:00,40.77030928520327,41.40797130261015,40.08283473300155,41.37807846069336,129800
2025-04-02 00:00:00+00:00,40.8699454833627,41.32826184842836,40.33191994137635,41.25851821899414,103900
2025-04-03 00:00:00+00:00,40.042981502501746,40.86994714329871,39.87360519578019,40.47140884399414,155200
2025-04-04 00:00:00+00:00,39.71419150379856,40.6507515866585,38.82744775925424,39.325618743896484,128100
2025-04-07 00:00:00+00:00,38.309347409665286,40.7005657263286,37.851031040731,39.096458435058594,373500
2025-04-08 00:00:00+00:00,39.465103296663386,39.85367602983545,37.392710318755434,37.91080856323242,174500
2025-04-09 00:00:00+00:00,37.54216538752441,40.09280217547528,37.32296893990763,39.59463119506836,172500
2025-04-10 00:00:00+00:00,38.95697055329049,39.61455611912695,38.44883780726631,39.24591064453125,182000
2025-04-11 00:00:00+00:00,39.54481064538618,40.09280175873207,38.95696874258661,39.69426345825195,178800
2025-04-14 00:00:00+00:00,39.86364140456972,40.3518506526947,39.62452145504394,39.85367965698242,193100
2025-04-15 00:00:00+00:00,39.455141062507614,40.37177766455512,39.32561934106875,40.29206848144531,230800
2025-04-16 00:00:00+00:00,40.252214447919684,40.60093259407476,40.142616230344444,40.53118896484375,161100
2025-04-17 00:00:00+00:00,40.43155833969353,40.71053287072771,40.35184915897352,40.590972900390625,207800
2025-04-21 00:00:00+00:00,40.341886874305736,40.4514812952213,38.78759207765877,38.847373962402344,174200
2025-04-22 00:00:00+00:00,39.255874042646084,40.013092246384836,39.026712051288285,39.96327590942383,143100
2025-04-23 00:00:00+00:00,40.66071658101601,40.670678328246275,40.01309278950378,40.202396392822266,134200
2025-04-24 00:00:00+00:00,39.80386303749843,40.54115397754888,39.80386303749843,40.29206848144531,140100
2025-04-25 00:00:00+00:00,39.84371500774838,40.46144593323685,39.84371500774838,40.381736755371094,93400
2025-04-28 00:00:00+00:00,40.52122613479241,41.48767906286628,40.02305514930988,40.610897064208984,169900
2025-04-29 00:00:00+00:00,40.25221436026163,40.780274352073,40.09279980797465,40.36180877685547,157300
2025-04-30 00:00:00+00:00,40.142619744085344,40.571047104429724,39.48503418181726,40.4116325378418,245800
2025-05-01 00:00:00+00:00,40.39170130184238,40.89983399554245,40.112722986969665,40.630821228027344,174900
2025-05-02 00:00:00+00:00,41.019394333221165,42.1054071598139,40.969577998206276,41.86628723144531,184700
2025-05-05 00:00:00+00:00,41.55742026408806,42.254860363085484,41.30833478592775,41.76665115356445,178100
2025-05-06 00:00:00+00:00,41.407971917109045,42.06555743789539,41.22863006591797,41.22863006591797,161500
2025-05-07 00:00:00+00:00,41.51756651247755,41.64709202794037,40.25221560256492,40.6208610534668,187200
2025-05-08 00:00:00+00:00,41.54746080586457,42.78292271717722,39.355507717165004,40.27214050292969,241900
2025-05-09 00:00:00+00:00,40.411630692867995,41.18877619441105,40.1824725014064,40.302032470703125,139500
2025-05-12 00:00:00+00:00,40.93969046948155,41.378079554844646,39.94334852941214,41.29837417602539,134000
2025-05-13 00:00:00+00:00,41.09910247149586,42.015735174988514,40.25221339541058,41.55741882324219,192000
2025-05-14 00:00:00+00:00,41.23859324347702,41.816473406416044,41.0492896387606,41.437862396240234,173300
2025-05-15 00:00:00+00:00,41.05925059555046,42.294716278301586,41.04928884843842,42.1950798034668,213100
2025-05-16 00:00:00+00:00,42.11537490074582,42.434204022337916,41.63713121835768,42.26482391357422,217700
2025-05-19 00:00:00+00:00,42.02570095140305,42.66335914874416,42.02570095140305,42.45412826538086,123700
2025-05-20 00:00:00+00:00,42.51390625402028,42.83273915274431,42.23493174347224,42.28474807739258,92800
2025-05-21 00:00:00+00:00,41.97588637569729,41.98584812262312,41.07917712266006,41.44782257080078,96700
2025-05-22 00:00:00+00:00,41.407972603608265,41.63713079487543,41.2087034544542,41.248558044433594,97400
2025-05-23 00:00:00+00:00,40.42997519286316,41.30845473245803,40.42997519286316,41.01895523071289,110700
2025-05-27 00:00:00+00:00,41.72772796066878,41.96731468152898,40.92911190463766,41.887451171875,74900
2025-05-28 00:00:00+00:00,41.967311775130256,42.08710322321347,41.278502380423475,41.34838104248047,123100
2025-05-29 00:00:00+00:00,41.468178733448134,41.70776164368154,41.168698191605515,41.69778060913086,104400
2025-05-30 00:00:00+00:00,41.70775999816758,42.32669074273864,41.11877997227032,41.258541107177734,240000
2025-06-02 00:00:00+00:00,41.178679329216735,41.61791720447843,40.88917982120025,41.39830017089844,103600
2025-06-03 00:00:00+00:00,41.64786682631846,41.77763931288905,41.42824599042729,41.617916107177734,100600
2025-06-04 00:00:00+00:00,41.81757281017157,42.127038200186675,41.63788372024044,41.7576789855957,142400
2025-06-05 00:00:00+00:00,41.57798782577838,41.99725980934379,41.358366991662265,41.89743423461914,113900
2025-06-06 00:00:00+00:00,42.31670637343072,42.48641442080711,41.74769221758924,42.216880798339844,90100
2025-06-09 00:00:00+00:00,42.276774164034656,42.276774164034656,41.80758939644762,42.02720642089844,90200
2025-06-10 00:00:00+00:00,42.007244805788055,42.39656987998469,41.95732821014103,42.216880798339844,109100
2025-06-11 00:00:00+00:00,42.27677667410581,42.27677667410581,41.42824782030415,41.458194732666016,129300
2025-06-12 00:00:00+00:00,41.41826638101395,41.927382926701995,41.078854081188005,41.887451171875,157100
2025-06-13 00:00:00+00:00,41.13874535150498,41.87746753753876,41.10879844129466,41.21860885620117,271400
2025-06-16 00:00:00+00:00,41.40827838188721,41.997258392333904,41.018953322254916,41.47815704345703,123700
2025-06-17 00:00:00+00:00,41.138747430625365,41.45819384935171,40.9890090639046,41.078853607177734,112400
2025-06-18 00:00:00+00:00,40.97902362655649,41.73771171609741,40.97902362655649,41.338401794433594,96300
2025-06-20 00:00:00+00:00,41.597949464981795,41.597949464981795,40.73943963014493,40.78935241699219,220500
2025-06-23 00:00:00+00:00,40.78935457084493,41.89743601463262,40.78935457084493,41.887451171875,138600
2025-06-24 00:00:00+00:00,41.97729517020947,42.23684776510731,41.58797008596439,41.99726104736328,115700
2025-06-25 00:00:00+00:00,41.90741646108562,42.057158635534215,41.16869804766347,41.378334045410156,133400
2025-06-26 00:00:00+00:00,41.45819364381887,41.77764006096153,41.13874722667621,41.67781448364258,126700
2025-06-27 00:00:00+00:00,41.717744160318254,42.33667108669764,41.498123331431394,41.817569732666016,477300
2025-06-30 00:00:00+00:00,41.867483854108016,41.94734736101448,41.35836732593494,41.617916107177734,185700
2025-07-01 00:00:00+00:00,41.388314687531825,43.04544439286455,41.288489110913645,42.57625961303711,132900
2025-07-02 00:00:00+00:00,42.43649640656715,42.825825275850654,41.637880408232014,42.71601486206055,172700
2025-07-03 00:00:00+00:00,42.626171220716536,43.48468486502034,42.556292557398926,43.09535598754883,69900
2025-07-07 00:00:00+00:00,43.11532129047698,43.28502933349218,42.40654982448178,42.43649673461914,165200
2025-07-08 00:00:00+00:00,42.39657151021559,42.92565393312433,42.23684829906757,42.65612030029297,171600
2025-07-09 00:00:00+00:00,42.885719095662374,42.9356318815393,42.226860421023204,42.71601486206055,105900
2025-07-10 00:00:00+00:00,42.686065585182426,43.35490912443877,42.686065585182426,42.98554992675781,176400
2025-07-11 00:00:00+00:00,42.875741284755804,43.404823709405655,42.72599910776725,42.97556686401367,213300
2025-07-14 00:00:00+00:00,42.85577471354939,43.63442488184114,42.43649890962958,43.53459930419922,132300
2025-07-15 00:00:00+00:00,43.48468445802987,43.504650334233965,42.656117732016625,42.75594711303711,204700
2025-07-16 00:00:00+00:00,43.04544245975418,43.235116378153045,42.55629182494984,43.03546142578125,141700
2025-07-17 00:00:00+00:00,43.15525574647691,43.824099310226956,43.03546429032083,43.57453155517578,262200
2025-07-18 00:00:00+00:00,43.87401184968511,44.10361372605204,43.37487634242613,43.5545654296875,128100
2025-07-21 00:00:00+00:00,43.56454542384202,44.16351030310911,43.295011799387076,43.62444305419922,104600
2025-07-22 00:00:00+00:00,43.65438817904238,44.60274634300006,43.57452848326883,44.552833557128906,139800
2025-07-23 00:00:00+00:00,44.762473048115886,45.541123231368054,44.26333753411286,45.45127868652344,160500
2025-07-24 00:00:00+00:00,45.391381217198045,45.99034226266569,44.55283346868246,45.770721435546875,137000
2025-07-25 00:00:00+00:00,45.94042952276118,45.94042952276118,45.07193486353553,45.6209831237793,161800
2025-07-28 00:00:00+00:00,45.70084534734765,46.449548600393854,45.2116946878944,46.43956756591797,217000
2025-07-29 00:00:00+00:00,46.76899335870743,46.76899335870743,46.000328063964844,46.000328063964844,176000
2025-07-30 00:00:00+00:00,46.00032994102679,46.81891186408641,43.81411399325638,46.45953369140625,150800
2025-07-31 00:00:00+00:00,46.0801883038397,46.589304828288945,45.66091631995227,45.89051818847656,213000
2025-08-01 00:00:00+00:00,45.471243277482216,45.700845150454995,43.9139429550405,43.9638557434082,184300
2025-08-04 00:00:00+00:00,44.02375000861084,44.56281726784322,43.484686557480146,44.153526306152344,136000
2025-08-05 00:00:00+00:00,44.173491346033096,44.423059093750794,43.87401081039218,44.39311218261719,142500
2025-08-06 00:00:00+00:00,44.393111186029635,44.393111186029635,43.79414632009244,44.31324768066406,140100
2025-08-07 00:00:00+00:00,45.02201942153954,48.39617638123052,44.37314557304998,46.78895950317383,323700
2025-08-08 00:00:00+00:00,46.82889092290274,47.64747281142635,46.59928905739992,47.068477630615234,187800
2025-08-11 00:00:00+00:00,46.83887368268161,46.94868410242465,46.08018939515953,46.43956756591797,167200
2025-08-12 00:00:00+00:00,46.57932489553106,47.28809639444515,46.170033936204455,47.20823669433594,155200
2025-08-13 00:00:00+00:00,47.39790690674362,47.76726611268608,47.248168540708306,47.67742156982422,141600
2025-08-14 00:00:00+00:00,47.427853925271336,47.81718281728505,46.45953363680088,46.60927200317383,136700
2025-08-15 00:00:00+00:00,46.59929042120898,46.59929042120898,45.79068954312841,45.95041275024414,155100
2025-08-18 00:00:00+00:00,45.890519814399276,46.34972356771767,45.890519814399276,46.32975769042969,96400
2025-08-19 00:00:00+00:00,46.25987927169181,46.958669748106225,46.00033048176163,46.34972381591797,110400
2025-08-20 00:00:00+00:00,46.68913536472719,46.94868415048416,46.11013635388996,46.289825439453125,110400
2025-08-21 00:00:00+00:00,46.07020717557158,46.449547405523624,45.97037779287243,46.189998626708984,104100
2025-08-22 00:00:00+00:00,46.52000045776367,48.95000076293945,46.29999923706055,48.77000045776367,214200
2025-08-25 00:00:00+00:00,48.41999816894531,49.18000030517578,48.0,48.68000030517578,281600
2025-08-26 00:00:00+00:00,48.58000183105469,49.630001068115234,47.95000076293945,49.08000183105469,189800
2025-08-27 00:00:00+00:00,48.779998779296875,49.130001068115234,48.119998931884766,48.47999954223633,180500
2025-08-28 00:00:00+00:00,48.560001373291016,48.709999084472656,48.290000915527344,48.540000915527344,115200
2025-08-29 00:00:00+00:00,48.790000915527344,49.0,48.20000076293945,48.79999923706055,299700
2025-09-02 00:00:00+00:00,48.2599983215332,48.90999984741211,48.18000030517578,48.75,137500
2025-09-03 00:00:00+00:00,48.540000915527344,48.88999938964844,48.0099983215332,48.54999923706055,137500
2025-09-04 00:00:00+00:00,48.720001220703125,49.310001373291016,48.66999816894531,49.16999816894531,232000
2025-09-05 00:00:00+00:00,49.16999816894531,49.650001525878906,47.83000183105469,48.13999938964844,123400
2025-09-08 00:00:00+00:00,48.36000061035156,48.36000061035156,47.400001525878906,47.599998474121094,113400
2025-09-09 00:00:00+00:00,47.369998931884766,47.65999984741211,46.90999984741211,47.029998779296875,147000
2025-09-10 00:00:00+00:00,47.029998779296875,47.060001373291016,45.970001220703125,46.060001373291016,166100
2025-09-11 00:00:00+00:00,46.27000045776367,47.5099983215332,46.220001220703125,47.310001373291016,123000
2025-09-12 00:00:00+00:00,46.939998626708984,47.279998779296875,46.61000061035156,46.84000015258789,175800
2025-09-15 00:00:00+00:00,46.86000061035156,47.11000061035156,46.66999816894531,46.810001373291016,132000
2025-09-16 00:00:00+00:00,46.720001220703125,46.959999084472656,46.36000061035156,46.5099983215332,147800
2025-09-17 00:00:00+00:00,46.65999984741211,47.349998474121094,46.16999816894531,46.47999954223633,160500
2025-09-18 00:00:00+00:00,46.58000183105469,47.13999938964844,46.40999984741211,46.90999984741211,136000
2025-09-19 00:00:00+00:00,46.90999984741211,46.93000030517578,46.0,46.130001068115234,285500
2025-09-22 00:00:00+00:00,46.130001068115234,46.4900016784668,45.709999084472656,46.2400016784668,160500
2025-09-23 00:00:00+00:00,46.09000015258789,46.58000183105469,45.04999923706055,45.349998474121094,159100
2025-09-24 00:00:00+00:00,45.529998779296875,45.66999816894531,44.59000015258789,45.0,130700
2025-09-25 00:00:00+00:00,44.869998931884766,45.040000915527344,43.84000015258789,44.0,132000
2025-09-26 00:00:00+00:00,44.15999984741211,44.959999084472656,43.689998626708984,44.72999954223633,144600
