"('date', '')","('open', 'BCH')","('high', 'BCH')","('low', 'BCH')","('close', 'BCH')","('volume', 'BCH')"
2024-01-02 00:00:00+00:00,19.598925733053193,19.675952210604144,19.427757052585257,19.616043090820312,122300
2024-01-03 00:00:00+00:00,19.479108290989238,19.61604389393037,19.36784709334885,19.564693450927734,147200
2024-01-04 00:00:00+00:00,19.427758190195988,19.53045907801028,19.179561385242614,19.333614349365234,145800
2024-01-05 00:00:00+00:00,19.119650993824884,19.32505438823111,18.871454205333357,19.171001434326172,107600
2024-01-08 00:00:00+00:00,19.171001655634484,19.171001655634484,18.717403099901503,19.016948699951172,121200
2024-01-09 00:00:00+00:00,18.82866217020612,18.82866217020612,18.40073802997416,18.768753051757812,161400
2024-01-10 00:00:00+00:00,18.674610421573316,18.708845138549805,18.37506317763364,18.708845138549805,111800
2024-01-11 00:00:00+00:00,18.623261074627678,18.78587272503461,18.520558550054552,18.760196685791016,236200
2024-01-12 00:00:00+00:00,18.794428439796587,18.905689636228807,18.674610196624474,18.862897872924805,135400
2024-01-16 00:00:00+00:00,18.589024910208007,18.589024910208007,18.22956855075421,18.452089309692383,101500
2024-01-17 00:00:00+00:00,18.25524458800131,18.47776534693948,18.17821810866113,18.452089309692383,126100
2024-01-18 00:00:00+00:00,18.529115676879883,18.546233034941007,18.315153598319142,18.529115676879883,97500
2024-01-19 00:00:00+00:00,18.529116549294812,18.734519958496094,18.486324784528325,18.734519958496094,72300
2024-01-22 00:00:00+00:00,18.70028525461674,18.777311730450577,18.606141421397375,18.768753051757812,85200
2024-01-23 00:00:00+00:00,18.828663799863794,18.91424896179796,18.503442143395397,18.734519958496094,167200
2024-01-24 00:00:00+00:00,19.008390417350117,19.059742491915944,18.777312611408394,18.974157333374023,199500
2024-01-25 00:00:00+00:00,19.01694996187279,19.188120286746294,18.90569039338585,19.145328521728516,121700
2024-01-26 00:00:00+00:00,19.01694949473011,19.111093334338054,18.862898165009593,18.931365966796875,85300
2024-01-29 00:00:00+00:00,19.051183108461224,19.30793694219316,18.888571476483765,18.914247512817383,104000
2024-01-30 00:00:00+00:00,18.94848119385545,19.128210189063875,18.820104272935783,19.085416793823242,180900
2024-01-31 00:00:00+00:00,19.016948699951172,19.359289326981237,18.897130459931304,19.016948699951172,153300
2024-02-01 00:00:00+00:00,19.11109314415282,19.744420712482874,19.11109314415282,19.675952911376953,181600
2024-02-02 00:00:00+00:00,19.556134418165023,19.556134418165023,19.171002021604654,19.307937622070312,96500
2024-02-05 00:00:00+00:00,19.128210773961566,19.444873746419514,19.034066933954584,19.222352981567383,85500
2024-02-06 00:00:00+00:00,19.624602288122432,19.68451140948887,19.4791080080606,19.530458450317383,59500
2024-02-07 00:00:00+00:00,19.650277627208528,19.68451234527463,19.333614647103133,19.436315536499023,77900
2024-02-08 00:00:00+00:00,19.38496372111647,19.393522400027823,18.982715606689453,18.982715606689453,74300
2024-02-09 00:00:00+00:00,18.965598842950904,19.196678283592547,18.965598842950904,19.153884887695312,43100
2024-02-12 00:00:00+00:00,19.171001314434275,19.222351754614426,19.00838968272922,19.213794708251953,73200
2024-02-13 00:00:00+00:00,19.085418005353997,19.19667920764132,18.974158435467896,19.025508880615234,110600
2024-02-14 00:00:00+00:00,19.427757413367363,19.907032012939453,19.325054897258504,19.907032012939453,189600
2024-02-15 00:00:00+00:00,19.88135649489707,20.00973341908412,19.616043967257006,19.821447372436523,180800
2024-02-16 00:00:00+00:00,19.855681929190037,20.29216314142173,19.855681929190037,20.198020935058594,164300
2024-02-20 00:00:00+00:00,20.583151484919558,20.625944880447303,20.26648852001988,20.386306762695312,138100
2024-02-21 00:00:00+00:00,20.36918985183132,20.36918985183132,19.99261775732367,20.043968200683594,240500
2024-02-22 00:00:00+00:00,20.086759649293246,20.086759649293246,19.29937912306831,19.453432083129883,182200
2024-02-23 00:00:00+00:00,19.384964957360147,19.419199675188818,18.888572975652774,18.922807693481445,275800
2024-02-26 00:00:00+00:00,18.71740261200227,18.99983247925932,18.563349660334598,18.768753051757812,244400
2024-02-27 00:00:00+00:00,18.948480682285826,19.196677470777352,18.81154508601501,19.171001434326172,285300
2024-02-28 00:00:00+00:00,19.367847319882383,19.641720161369115,19.325055555613204,19.410640716552734,208200
2024-02-29 00:00:00+00:00,19.37640517012333,19.83000536101302,19.188119130033833,19.7957706451416,176700
2024-03-01 00:00:00+00:00,19.80433110746181,19.838565826416016,19.64172108963307,19.838565826416016,128900
2024-03-04 00:00:00+00:00,19.487667250829194,19.547576373928436,19.111093521118164,19.111093521118164,135900
2024-03-05 00:00:00+00:00,19.14532904600601,19.325056422883783,18.90569091110107,19.059743881225586,202600
2024-03-06 00:00:00+00:00,19.299378891639442,19.684511287175052,19.299378891639442,19.573251724243164,130500
2024-03-07 00:00:00+00:00,19.667394345690507,19.770096864142662,19.419199177399623,19.598926544189453,129200
2024-03-08 00:00:00+00:00,19.812887892290213,20.069643362686854,19.812887892290213,19.8727970123291,117200
2024-03-11 00:00:00+00:00,19.82144697594102,19.864238739013672,19.564693132702853,19.864238739013672,194200
2024-03-12 00:00:00+00:00,19.872798274553592,20.19802156456574,19.804330471245958,20.001176834106445,200300
2024-03-13 00:00:00+00:00,20.309280499815447,20.4804508189503,20.129553133884883,20.198020935058594,238000
2024-03-14 00:00:00+00:00,20.454775370205734,20.480451408535462,20.20658019595649,20.334957122802734,361200
2024-03-15 00:00:00+00:00,20.377747829331057,20.540359465505283,19.992617068793496,20.018291473388672,331600
2024-03-18 00:00:00+00:00,20.15522858385796,20.23225506822134,19.92415076316905,20.026851654052734,181500
2024-03-19 00:00:00+00:00,19.932707075749754,19.932707075749754,19.45343086720373,19.479106903076172,385400
2024-03-20 00:00:00+00:00,19.299379814249605,19.658836189799676,19.179561566533312,19.513341903686523,495800
2024-03-21 00:00:00+00:00,19.413500168744257,19.76479130072831,19.348788783635587,19.64461326599121,544600
2024-03-22 00:00:00+00:00,19.65385836798506,19.820260083226476,19.552168039059072,19.663103103637695,210700
2024-03-25 00:00:00+00:00,19.875726663621027,20.13457397122067,19.783281070674512,19.9774169921875,191600
2024-03-26 00:00:00+00:00,20.236263275146484,20.36568781529674,20.12532997016408,20.236263275146484,225200
2024-03-27 00:00:00+00:00,20.245508193969727,20.282487138133263,20.005150346666053,20.245508193969727,113800
2024-03-28 00:00:00+00:00,20.291732332018665,20.698490147476654,20.28248759576919,20.587556838989258,277800
2024-04-01 00:00:00+00:00,20.827914553870286,20.827914553870286,20.36568832397461,20.36568832397461,136300
2024-04-02 00:00:00+00:00,20.32870937532957,20.5783119626062,20.291732193836626,20.476621627807617,185600
2024-04-03 00:00:00+00:00,20.504354200476396,21.049781249193533,20.504354200476396,21.02204704284668,159300
2024-04-04 00:00:00+00:00,21.188449820177166,21.484274316411256,21.179205084263216,21.29014015197754,227200
2024-04-05 00:00:00+00:00,21.068272402143315,21.308628489993644,20.966582067339083,21.225427627563477,274800
2024-04-08 00:00:00+00:00,21.262405028893262,21.39182779961078,21.169959436986602,21.243915557861328,247900
2024-04-09 00:00:00+00:00,21.225426452806342,21.42880711115836,21.188449273357907,21.262405395507812,251300
2024-04-10 00:00:00+00:00,21.20693918734097,21.20693918734097,20.800179625400062,21.0775146484375,158900
2024-04-11 00:00:00+00:00,21.086759384305825,21.114493591910797,20.892625220830233,21.0775146484375,179800
2024-04-12 00:00:00+00:00,21.096003223360192,21.096003223360192,20.365686753339844,20.596799850463867,357600
2024-04-15 00:00:00+00:00,20.578311913567898,20.578311913567898,19.931194488078674,19.940439224243164,199800
2024-04-16 00:00:00+00:00,19.9127065965135,20.088351292269724,19.589147886734132,19.931194305419922,182100
2024-04-17 00:00:00+00:00,20.042128345209708,20.227017767544694,19.75554859447601,20.190040588378906,191300
2024-04-18 00:00:00+00:00,20.273241048347,20.569065528889197,20.23626210665273,20.384174346923828,155700
2024-04-19 00:00:00+00:00,20.328708099030234,20.550576463817723,20.208530062656894,20.300973892211914,127600
2024-04-22 00:00:00+00:00,20.25475248661452,20.541332244596,20.180796363159523,20.43039894104004,111300
2024-04-23 00:00:00+00:00,20.495109460174366,20.911113739013672,20.384174398066218,20.911113739013672,99000
2024-04-24 00:00:00+00:00,20.929601697537276,20.957335904210012,20.587555298171953,20.60604476928711,132900
2024-04-25 00:00:00+00:00,20.4766214450884,20.652267904558663,20.439644263925416,20.467376708984375,241300
2024-04-26 00:00:00+00:00,20.559821494276896,20.716978475328485,20.42115398470268,20.522844314575195,117300
2024-04-29 00:00:00+00:00,20.532088013517445,20.92035811201466,20.532088013517445,20.78169059753418,147900
2024-04-30 00:00:00+00:00,20.661511676798895,20.744712534600673,20.34719771693729,20.411909103393555,166200
2024-05-01 00:00:00+00:00,20.42115461125366,20.541332653037735,20.116085375529195,20.347198486328125,109800
2024-05-02 00:00:00+00:00,20.541331839467453,20.578310782092167,20.33795294479064,20.513599395751953,141200
2024-05-03 00:00:00+00:00,20.633777945151515,20.911114731964545,20.50435516925728,20.753957748413086,99100
2024-05-06 00:00:00+00:00,20.827914419069746,20.929602989976523,20.781690738427464,20.89262580871582,658600
2024-05-07 00:00:00+00:00,20.88338026499771,21.10524863374134,20.781689934770316,21.05902671813965,308800
2024-05-08 00:00:00+00:00,20.911114834696697,21.23467177602185,20.911114834696697,21.18844985961914,367300
2024-05-09 00:00:00+00:00,21.068272402143315,21.317873226180676,21.068272402143315,21.225427627563477,451700
2024-05-10 00:00:00+00:00,21.336361628112883,21.595208938604085,21.299384448473024,21.58596420288086,242000
2024-05-13 00:00:00+00:00,21.752365451833604,22.094411849975586,21.752365451833604,22.094411849975586,252500
2024-05-14 00:00:00+00:00,22.140636903609,22.612106101889342,22.094413223113687,22.593618392944336,1143900
2024-05-15 00:00:00+00:00,22.723039775139895,22.917175694781285,22.575127533152653,22.833974838256836,983600
2024-05-16 00:00:00+00:00,22.750774233971004,22.750774233971004,22.510416397263622,22.528905868530273,467000
2024-05-17 00:00:00+00:00,22.639840086441,22.806241808073366,22.41797171201555,22.686063766479492,301200
2024-05-20 00:00:00+00:00,22.649084496091927,22.815486215326565,22.547394164725635,22.56588363647461,246400
2024-05-21 00:00:00+00:00,22.445705920038645,22.78775233605797,22.445705920038645,22.686063766479492,132600
2024-05-22 00:00:00+00:00,22.63059484004319,22.63059484004319,22.371749290677815,22.44570541381836,827900
2024-05-23 00:00:00+00:00,22.52890704505038,22.52890704505038,22.260814987442533,22.491928100585938,315900
2024-05-24 00:00:00+00:00,22.75077412134038,22.75077412134038,22.242324243542786,22.316280364990234,144100
2024-05-28 00:00:00+00:00,22.427215392921408,22.58437237115253,22.242324207971965,22.417970657348633,139700
2024-05-29 00:00:00+00:00,22.18685766226048,22.223836604725697,21.91876561914671,22.00196647644043,143600
2024-05-30 00:00:00+00:00,22.011211984598194,22.011211984598194,21.58596471084115,21.826322555541992,264700
2024-05-31 00:00:00+00:00,21.68765251558211,21.964989294274893,21.632185865144763,21.891033172607422,227300
2024-06-03 00:00:00+00:00,22.131392249507243,22.399482544360854,21.881789663667135,22.39023780822754,164700
2024-06-04 00:00:00+00:00,22.344015754755056,22.344015754755056,22.0204570450718,22.057435989379883,156100
2024-06-05 00:00:00+00:00,22.214592051960082,22.22383678765248,21.807832497759712,21.900278091430664,127900
2024-06-06 00:00:00+00:00,21.964989075096952,22.057434667072076,21.75236544783127,21.983478546142578,197200
2024-06-07 00:00:00+00:00,21.80783349036925,22.01121239509995,21.576720377298997,21.743122100830078,260500
2024-06-10 00:00:00+00:00,21.73387740652825,21.81707826845385,21.604454627200926,21.64143180847168,140000
2024-06-11 00:00:00+00:00,21.53973997543579,21.595208388361822,21.345605819953676,21.558229446411133,179200
2024-06-12 00:00:00+00:00,21.817077715645215,21.817077715645215,21.465784804582054,21.502763748168945,277100
2024-06-13 00:00:00+00:00,21.539739970929507,21.69689694768105,21.33636108000227,21.447296142578125,223700
2024-06-14 00:00:00+00:00,21.225426489736545,21.243915961119452,21.0035581229008,21.160715103149414,125000
2024-06-17 00:00:00+00:00,21.160714697317772,21.27164976023459,21.05902613316811,21.13298225402832,164300
2024-06-18 00:00:00+00:00,21.169960021972656,21.419562598041963,21.068271454993095,21.169960021972656,147000
2024-06-20 00:00:00+00:00,21.27165082139275,21.512008666992188,21.123738572293572,21.512008666992188,47600
2024-06-21 00:00:00+00:00,21.45653906463626,21.45653906463626,20.92035675048828,20.92035675048828,142100
2024-06-24 00:00:00+00:00,20.920357626595592,21.13298302466873,20.91111465399739,21.06827163696289,127100
2024-06-25 00:00:00+00:00,21.022047226140366,21.169959468107255,20.92035689856825,21.031291961669922,134900
2024-06-26 00:00:00+00:00,20.99431433485542,21.169960794415314,20.855646819730502,21.105249404907227,126600
2024-06-27 00:00:00+00:00,21.02204822002928,21.18844994092249,20.800179846589366,20.874135971069336,130700
2024-06-28 00:00:00+00:00,20.818668186888956,21.10524793326469,20.763199774104237,20.92035675048828,156200
2024-07-01 00:00:00+00:00,20.91111495522451,21.05902720446943,20.661512373403795,20.772445678710938,152700
2024-07-02 00:00:00+00:00,20.892625220910684,20.975826080472853,20.74471297352307,20.966581344604492,93800
2024-07-03 00:00:00+00:00,21.022048022863498,21.669165428433754,20.994313815223716,21.604454040527344,97900
2024-07-05 00:00:00+00:00,21.54898474147788,21.64143033323268,21.243915522964148,21.345605850219727,238600
2024-07-08 00:00:00+00:00,21.29013978711499,21.548985335257278,21.280895051359472,21.382583618164062,123400
2024-07-09 00:00:00+00:00,21.262406044817986,21.780098915676604,21.262406044817986,21.724632263183594,142200
2024-07-10 00:00:00+00:00,21.678410981078436,22.196103867087608,21.678410981078436,22.186859130859375,127200
2024-07-11 00:00:00+00:00,22.399480998635347,22.54739324005511,22.205346842991776,22.297792434692383,195100
2024-07-12 00:00:00+00:00,22.233079656588085,22.538148880004883,22.001966555113142,22.538148880004883,154900
2024-07-15 00:00:00+00:00,22.53814850455975,22.575127446541195,22.24232402172022,22.297792434692383,155200
2024-07-16 00:00:00+00:00,22.454949968089565,22.70455077963794,22.454949968089565,22.547393798828125,166600
2024-07-17 00:00:00+00:00,22.547394097568013,22.547394097568013,21.983479316928463,22.029701232910156,266300
2024-07-18 00:00:00+00:00,22.057434920948825,22.057434920948825,21.65067536952836,21.678409576416016,260600
2024-07-19 00:00:00+00:00,21.743120929272482,22.17761292366224,21.61369639391464,21.891033172607422,303200
2024-07-22 00:00:00+00:00,21.90952319340591,22.07592314889185,21.650675879450446,22.029701232910156,245500
2024-07-23 00:00:00+00:00,21.83556783595292,22.01121253344805,21.72463276515056,21.964990615844727,192100
2024-07-24 00:00:00+00:00,22.001966657540976,22.09441225121193,21.743121111165955,21.900278091430664,205800
2024-07-25 00:00:00+00:00,21.900278902047347,22.06668062416365,21.789343832885447,21.844810485839844,162100
2024-07-26 00:00:00+00:00,21.918766977368186,22.038946784574204,21.835567878171965,21.863300323486328,135500
2024-07-29 00:00:00+00:00,21.872544693943595,21.872544693943595,21.641431582838315,21.844810485839844,199700
2024-07-30 00:00:00+00:00,21.88178806557782,21.97423365690627,21.641430233425044,21.76161003112793,192500
2024-07-31 00:00:00+00:00,21.928010500572594,22.15912360275792,21.928010500572594,22.11290168762207,221300
2024-08-01 00:00:00+00:00,22.168369612225728,22.288549419689307,21.59521007329419,21.650676727294922,199500
2024-08-02 00:00:00+00:00,21.46578421957334,21.696897320933637,21.40107283331294,21.576719284057617,200900
2024-08-05 00:00:00+00:00,20.985070958892887,21.206939331481458,20.809424502707028,21.18844985961914,272100
2024-08-06 00:00:00+00:00,21.169960889828186,21.484274865929606,21.160716153677775,21.428808212280273,247900
2024-08-07 00:00:00+00:00,21.71538664040343,21.71538664040343,21.031292076750056,21.35485076904297,158000
2024-08-08 00:00:00+00:00,21.512007861596143,21.696897284421425,21.29013949625399,21.678409576416016,216000
2024-08-09 00:00:00+00:00,21.595208319387318,21.78934247424937,21.595208319387318,21.76161003112793,180700
2024-08-12 00:00:00+00:00,21.76161144510744,22.325526238671156,21.76161144510744,22.27005958557129,111100
2024-08-13 00:00:00+00:00,22.39023681801831,22.630594657095266,22.27930351583082,22.547393798828125,163800
2024-08-14 00:00:00+00:00,22.52890583522857,22.75077420034134,22.454949713524314,22.74152946472168,264600
2024-08-15 00:00:00+00:00,22.917177197014723,23.2314894094012,22.565884276827816,23.02811050415039,145800
2024-08-16 00:00:00+00:00,22.991132775679446,23.02810995609359,22.68606354343716,22.889442443847656,197000
2024-08-19 00:00:00+00:00,22.889441642324112,23.166776657104492,22.713795192561594,23.166776657104492,132000
2024-08-20 00:00:00+00:00,23.092820971026843,23.610515594482422,23.055843791210332,23.610515594482422,228400
2024-08-21 00:00:00+00:00,23.721448935357007,23.721448935357007,23.388645500207602,23.508825302124023,167100
2024-08-22 00:00:00+00:00,23.55504803329454,23.55504803329454,23.194512141569078,23.342424392700195,173100
2024-08-23 00:00:00+00:00,23.499580567288824,23.702959464747735,23.25922272669935,23.61975860595703,151600
2024-08-26 00:00:00+00:00,23.388646405628133,23.758428798221612,23.388646405628133,23.665983200073242,165300
2024-08-27 00:00:00+00:00,23.77691636517004,23.77691636517004,23.323934876528256,23.5550479888916,114600
2024-08-28 00:00:00+00:00,23.4995804190093,23.4995804190093,23.148289277750862,23.286956787109375,127800
2024-08-29 00:00:00+00:00,23.231489181518555,23.351668986865302,23.055844486401163,23.231489181518555,187800
2024-08-30 00:00:00+00:00,23.323934697321928,23.52731536312102,23.166777711592225,23.43486976623535,262600
2024-09-03 00:00:00+00:00,23.249977881672343,23.259222617411545,22.94490865529087,23.185266494750977,175100
2024-09-04 00:00:00+00:00,23.037355240287216,23.34242447978999,23.018865768013562,23.02811050415039,133200
2024-09-05 00:00:00+00:00,23.16677761145271,23.19451181937446,22.935664501864085,23.111310958862305,130600
2024-09-06 00:00:00+00:00,23.120555446172375,23.203756305789693,22.501172248606267,22.56588363647461,232800
2024-09-09 00:00:00+00:00,22.65832904819289,22.778507087080364,22.556638717651367,22.556638717651367,94700
2024-09-10 00:00:00+00:00,22.630595063639795,22.630595063639795,22.279303916064624,22.46419334411621,148800
2024-09-11 00:00:00+00:00,22.519662449456533,22.66757470173103,22.48268350476134,22.602863311767578,146600
2024-09-12 00:00:00+00:00,22.8339757915999,22.917176651598076,22.62135039201951,22.889442443847656,154000
2024-09-13 00:00:00+00:00,22.92641958443106,23.25922302384558,22.889442404081155,23.102066040039062,130700
2024-09-16 00:00:00+00:00,23.1298002477413,23.14828971954279,22.954153792133294,23.102066040039062,153900
2024-09-17 00:00:00+00:00,23.055844058304032,23.055844058304032,22.56588363647461,22.56588363647461,51300
2024-09-18 00:00:00+00:00,22.676819254582778,22.76002011622122,22.464193850810585,22.593618392944336,62100
2024-09-19 00:00:00+00:00,22.82473150279695,22.89868762832705,22.63984030734515,22.704551696777344,115400
2024-09-20 00:00:00+00:00,22.713795699736874,22.713795699736874,22.3717492914204,22.556638717651367,130400
2024-09-23 00:00:00+00:00,22.66757319577848,22.95415294511435,22.593617074554615,22.63059425354004,197400
2024-09-24 00:00:00+00:00,23.10206549061198,23.111310226292865,22.972642717585714,23.074331283569336,134300
2024-09-25 00:00:00+00:00,23.11131077641204,23.11131077641204,22.760019628441935,22.991132736206055,225000
2024-09-26 00:00:00+00:00,23.27771180143529,23.832383596166473,23.27771180143529,23.702959060668945,278700
2024-09-27 00:00:00+00:00,23.97105110115182,24.008028280394498,23.518069635097547,23.592025756835938,147300
2024-09-30 00:00:00+00:00,23.53655760031066,23.58278127893545,23.194511194752447,23.397890090942383,206900
2024-10-01 00:00:00+00:00,23.518071082982527,23.518071082982527,23.046600116654393,23.13904571533203,264100
2024-10-02 00:00:00+00:00,23.046598761201572,23.139044354442156,22.538148880004883,22.538148880004883,123700
2024-10-03 00:00:00+00:00,22.353259819821385,22.630594840794366,22.140636186191898,22.556638717651367,269000
2024-10-04 00:00:00+00:00,22.686062850535503,22.72304002982025,22.33476994943874,22.63983917236328,118100
2024-10-07 00:00:00+00:00,22.649084906173425,22.649084906173425,22.112902558516588,22.371749877929688,123400
2024-10-08 00:00:00+00:00,22.19610377811288,22.53815020092075,22.1221476518366,22.50117301940918,232800
2024-10-09 00:00:00+00:00,22.37174932890495,22.42721598054187,22.122146751659216,22.34401512145996,133800
2024-10-10 00:00:00+00:00,22.325525029492482,22.51966094970703,22.233079437164267,22.51966094970703,126500
2024-10-11 00:00:00+00:00,22.54739339675656,22.704550374763908,22.519660953330746,22.63059425354004,71800
2024-10-14 00:00:00+00:00,22.54739448788315,22.852463723101323,22.528906779122277,22.7969970703125,104900
2024-10-15 00:00:00+00:00,22.63984057871793,22.65833005113536,22.37175028167778,22.39948272705078,153500
2024-10-16 00:00:00+00:00,22.538150113064173,22.870953561636693,22.473438723231325,22.815486907958984,132400
2024-10-17 00:00:00+00:00,22.75077427085066,22.75077427085066,22.427215576171875,22.427215576171875,151100
2024-10-18 00:00:00+00:00,22.436460242284994,22.833975057665256,22.353259384961074,22.74152946472168,86700
2024-10-21 00:00:00+00:00,22.64908504344305,22.778507822307443,22.501172792382857,22.704551696777344,104400
2024-10-22 00:00:00+00:00,22.824731280088763,22.944909321682637,22.55663922562482,22.686063766479492,91200
2024-10-23 00:00:00+00:00,22.538148410038296,22.917175510746496,22.538148410038296,22.824729919433594,125400
2024-10-24 00:00:00+00:00,22.89868699671022,22.981887856043283,22.750774749729903,22.880197525024414,134000
2024-10-25 00:00:00+00:00,22.880197009099742,22.96339786655671,22.63983917236328,22.63983917236328,155600
2024-10-28 00:00:00+00:00,22.73228442791446,22.824730019633197,22.279302968070965,22.40872573852539,165600
2024-10-29 00:00:00+00:00,22.177612737977228,22.621349464266803,21.88178825378418,21.88178825378418,195900
2024-10-30 00:00:00+00:00,21.854055040084976,21.99272431619713,21.68765331935286,21.724632263183594,266200
2024-10-31 00:00:00+00:00,21.69689694768105,21.71538641865253,21.447296142578125,21.447296142578125,139100
2024-11-01 00:00:00+00:00,21.576719133207334,21.67840946133588,21.336361297882682,21.35485076904297,76000
2024-11-04 00:00:00+00:00,21.79858801958034,22.03894586066302,21.585964385902493,21.5952091217041,132000
2024-11-05 00:00:00+00:00,21.83556722748806,21.872544407889695,21.38258398398319,21.401073455810547,127600
2024-11-06 00:00:00+00:00,21.317872658317985,21.84481026417045,20.985070980715584,21.826322555541992,123900
2024-11-07 00:00:00+00:00,22.029700683289345,22.085167333734148,21.826321789489715,22.00196647644043,256400
2024-11-08 00:00:00+00:00,21.65067654785307,21.65067654785307,21.401073962038794,21.530498504638672,419400
2024-11-11 00:00:00+00:00,21.42880689043109,21.42880689043109,21.26240517649456,21.35485076904297,220000
2024-11-12 00:00:00+00:00,21.308627456518828,21.539740560226203,21.271650276817233,21.373340606689453,283400
2024-11-13 00:00:00+00:00,21.364096907115844,21.382584616236777,21.225427627563477,21.225427627563477,263400
2024-11-14 00:00:00+00:00,21.30862734770658,21.391828205676614,21.15147036745796,21.160715103149414,187500
2024-11-15 00:00:00+00:00,21.17920530463956,21.336362290305825,21.14222812385208,21.30862808227539,175700
2024-11-18 00:00:00+00:00,21.234671372581882,21.456539740955154,21.234671372581882,21.382583618164062,160500
2024-11-19 00:00:00+00:00,21.27165086125012,21.465785027336636,21.27165086125012,21.41031837463379,277400
2024-11-20 00:00:00+00:00,21.45654024978585,21.71538756731962,21.428807805114687,21.622941970825195,476800
2024-11-21 00:00:00+00:00,21.613697600078773,21.687653725873403,21.465785348489508,21.64143180847168,451100
2024-11-22 00:00:00+00:00,21.558229996020856,21.558229996020856,20.8371582421293,20.84640121459961,299000
2024-11-25 00:00:00+00:00,21.197694819146296,21.345607069098875,21.059027305222394,21.096004486083984,234800
2024-11-26 00:00:00+00:00,21.225426305964433,21.253160512798665,21.03129214788388,21.151470184326172,133900
2024-11-27 00:00:00+00:00,21.15146977825387,21.308626754124656,21.059025950420576,21.123737335205078,118500
2024-11-29 00:00:00+00:00,21.040537468217277,21.16996024386767,20.985070816260404,21.0775146484375,62700
2024-12-02 00:00:00+00:00,20.985071320850196,21.24391687837497,20.97582658475958,21.206939697265625,118800
2024-12-03 00:00:00+00:00,21.271651224229565,21.465785393628785,21.243917015778337,21.428808212280273,300900
2024-12-04 00:00:00+00:00,21.419562744165546,21.484274131753924,21.253161025650822,21.280895233154297,215800
2024-12-05 00:00:00+00:00,21.345607264228747,21.84481067156887,21.33636252811556,21.743122100830078,287600
2024-12-06 00:00:00+00:00,21.743121591300476,21.743121591300476,21.493519011853056,21.613697052001953,388500
2024-12-09 00:00:00+00:00,21.696898095370116,21.90027876030847,21.548985846280274,21.622941970825195,276100
2024-12-10 00:00:00+00:00,21.62294215359554,21.75236669508295,21.558230764478395,21.632186889648438,246900
2024-12-11 00:00:00+00:00,21.604453089185494,21.669164474242372,21.438051377180386,21.65991973876953,383600
2024-12-12 00:00:00+00:00,21.57672019591011,21.752366654077772,21.539741251768245,21.733877182006836,401700
2024-12-13 00:00:00+00:00,21.65067668480726,21.817078409736038,21.604454767106212,21.75236701965332,545200
2024-12-16 00:00:00+00:00,21.752365518020863,21.94649967486734,21.659919925747438,21.78009796142578,460300
2024-12-17 00:00:00+00:00,21.63218656389328,21.73387689569067,21.401073455810547,21.401073455810547,655200
2024-12-18 00:00:00+00:00,21.50276353371493,21.539740713679954,20.827913689262346,20.85564613342285,173200
2024-12-19 00:00:00+00:00,20.994314193725586,21.105249263031652,20.892625623719223,20.994314193725586,130400
2024-12-20 00:00:00+00:00,21.01280263778429,21.22542626669428,20.96658072306578,21.142227172851562,207800
2024-12-23 00:00:00+00:00,21.169960097764367,21.169960097764367,20.818668953457824,20.85564613342285,125500
2024-12-24 00:00:00+00:00,20.89262500076866,21.068271453910597,20.89262500076866,21.05902671813965,58500
2024-12-26 00:00:00+00:00,21.105249222112658,21.197694819146296,21.03129309713637,21.096004486083984,72100
2024-12-27 00:00:00+00:00,20.938846369627363,21.12373755371248,20.80942359871959,21.031291961669922,157700
2024-12-30 00:00:00+00:00,20.90187036198774,21.077515057132448,20.846401945702254,20.883380889892578,78700
2024-12-31 00:00:00+00:00,20.901869956779045,21.049782204166657,20.874135749173966,20.966581344604492,88900
2025-01-02 00:00:00+00:00,20.975826528409343,21.18845016816296,20.680002027316817,20.78169059753418,232500
2025-01-03 00:00:00+00:00,20.661512825031746,20.680002297404787,20.393420765382075,20.476621627807617,198100
2025-01-06 00:00:00+00:00,20.55982145854292,20.938846806905097,20.55982145854292,20.7354679107666,196500
2025-01-07 00:00:00+00:00,20.790935290459753,21.16996065210473,20.790935290459753,20.994314193725586,288900
2025-01-08 00:00:00+00:00,20.85564536549244,21.086758462336448,20.85564536549244,20.92035675048828,220000
2025-01-10 00:00:00+00:00,20.911114771083195,21.11449367119075,20.67075692736349,20.763200759887695,319800
2025-01-13 00:00:00+00:00,20.606044921862818,20.948091323760796,20.606044921862818,20.938846588134766,231800
2025-01-14 00:00:00+00:00,20.994313712363436,21.40107327282194,20.994313712363436,21.391828536987305,161800
2025-01-15 00:00:00+00:00,21.613697461200616,21.62294219727218,21.262406306746605,21.41956329345703,190200
2025-01-16 00:00:00+00:00,21.42880689380261,21.576719136602122,21.364095507984448,21.465784072875977,125500
2025-01-17 00:00:00+00:00,21.530498097831522,21.86329977604266,21.49351915400079,21.724632263183594,267000
2025-01-21 00:00:00+00:00,22.075923110283846,22.23308009290105,22.038945930213774,22.131391525268555,111000
2025-01-22 00:00:00+00:00,22.279302998669813,22.510416096657565,22.196102142333984,22.196102142333984,160300
2025-01-23 00:00:00+00:00,22.279303877531266,22.55663890075552,21.8448101076927,22.4549503326416,215500
2025-01-24 00:00:00+00:00,22.473437424365596,22.861707504175524,22.473437424365596,22.852462768554688,165800
2025-01-27 00:00:00+00:00,22.87095227069818,22.87095227069818,22.36250415363647,22.528905868530273,149700
2025-01-28 00:00:00+00:00,22.49192736799379,22.538149283815713,22.233080054933055,22.34401512145996,146200
2025-01-29 00:00:00+00:00,22.445704680514087,22.53814850897982,22.29779243906531,22.40872573852539,137700
2025-01-30 00:00:00+00:00,22.59361700812262,23.00961952756383,22.59361700812262,22.944908142089844,107200
2025-01-31 00:00:00+00:00,22.9356639933307,23.185266569332924,22.84321839889435,22.870952606201172,94300
2025-02-03 00:00:00+00:00,22.565883778860822,22.79699688742208,22.417971530441864,22.787752151489258,208900
2025-02-04 00:00:00+00:00,22.861708735734627,23.296202517054887,22.861708735734627,23.240734100341797,117500
2025-02-05 00:00:00+00:00,23.240732889340546,23.471845990509813,23.213000445682173,23.37940216064453,99700
2025-02-06 00:00:00+00:00,23.416379851620036,23.78616046892047,23.416379851620036,23.730693817138672,125700
2025-02-07 00:00:00+00:00,23.721448313138904,23.823138640823434,23.610515013167607,23.7954044342041,108200
2025-02-10 00:00:00+00:00,23.934073043079934,24.091230027987983,23.786160794137423,23.961807250976562,179900
2025-02-11 00:00:00+00:00,23.841628080656648,24.146697300057408,23.74918248863305,24.008028030395508,229400
2025-02-12 00:00:00+00:00,24.155940606586185,24.553455423511092,24.155940606586185,24.2391414642334,424800
2025-02-13 00:00:00+00:00,24.26687658634118,24.488744960683068,24.155941517543685,24.28536605834961,288500
2025-02-14 00:00:00+00:00,24.488743713500785,24.923235704052193,24.313097264872336,24.747591018676758,262900
2025-02-18 00:00:00+00:00,24.766081563651845,24.784569272267284,24.24838693085159,24.387054443359375,241200
2025-02-19 00:00:00+00:00,24.202164066265432,24.553455201739492,24.202164066265432,24.331586837768555,218600
2025-02-20 00:00:00+00:00,24.461010890744692,24.692124002395353,24.461010890744692,24.618167877197266,345300
2025-02-21 00:00:00+00:00,24.599679804194768,24.877014828769,24.303855307781433,24.377811431884766,511800
2025-02-24 00:00:00+00:00,24.414788572397985,24.75683674784992,24.414788572397985,24.590435028076172,190800
2025-02-25 00:00:00+00:00,24.8123024041575,24.91399273177181,24.645900691062444,24.747591018676758,171900
2025-02-26 00:00:00+00:00,24.66439119167811,24.729102579860054,24.479499999798485,24.488744735717773,255100
2025-02-27 00:00:00+00:00,24.340831569849353,24.396298220020878,23.98029569885492,24.220653533935547,243200
2025-02-28 00:00:00+00:00,24.239142091884997,24.331587687581596,23.8323842920249,23.95256233215332,231100
2025-03-03 00:00:00+00:00,24.294610794353826,24.673636154261192,24.155941517543685,24.28536605834961,398000
2025-03-04 00:00:00+00:00,24.359320791598154,24.719856658901392,24.25763046461396,24.52572250366211,382100
2025-03-05 00:00:00+00:00,24.950970430063503,25.163594061998754,24.78456871350442,25.0988826751709,239700
2025-03-06 00:00:00+00:00,25.024927140258203,25.256040249072193,24.849280683848708,24.91399383544922,469800
2025-03-07 00:00:00+00:00,24.932481283697154,25.246795249461858,24.86776989602555,25.21906280517578,316500
2025-03-10 00:00:00+00:00,24.904748439416668,25.061905419774927,24.40554329124819,24.562700271606445,325800
2025-03-11 00:00:00+00:00,24.692124322544938,24.978705854249718,24.67363661344554,24.849281311035156,513600
2025-03-12 00:00:00+00:00,24.987950183873195,24.987950183873195,24.67363621200663,24.821548461914062,310100
2025-03-13 00:00:00+00:00,24.784569615864903,25.17283971422128,24.673636309622,25.14510726928711,278300
2025-03-14 00:00:00+00:00,25.33924000542468,25.709020610767293,25.26528388435616,25.598087310791016,183600
2025-03-17 00:00:00+00:00,25.755245491629157,26.217471710713653,25.755245491629157,26.19898223876953,192500
2025-03-18 00:00:00+00:00,26.38387265668843,26.47631648718735,26.254448120134462,26.26369285583496,403400
2025-03-19 00:00:00+00:00,26.272938909176396,26.420851161296422,26.217472255444672,26.337650299072266,246500
2025-03-20 00:00:00+00:00,26.319159803791692,26.365383482815822,25.60733277935073,25.746000289916992,430400
2025-03-21 00:00:00+00:00,25.90999984741211,26.3799991607666,25.809999465942383,26.3700008392334,631100
2025-03-24 00:00:00+00:00,27.100000381469727,27.389999389648438,26.889999389648438,27.010000228881836,543500
2025-03-25 00:00:00+00:00,27.190000534057617,27.299999237060547,26.93000030517578,27.079999923706055,220100
2025-03-26 00:00:00+00:00,27.100000381469727,27.18000030517578,26.8700008392334,27.079999923706055,129000
2025-03-27 00:00:00+00:00,26.969999313354492,27.110000610351562,26.860000610351562,26.959999084472656,179800
2025-03-28 00:00:00+00:00,26.81999969482422,26.81999969482422,26.479999542236328,26.59000015258789,202000
2025-03-31 00:00:00+00:00,26.40999984741211,26.540000915527344,26.200000762939453,26.489999771118164,279100
2025-04-01 00:00:00+00:00,26.5,26.760000228881836,26.290000915527344,26.719999313354492,328600
2025-04-02 00:00:00+00:00,26.610000610351562,26.760000228881836,26.469999313354492,26.760000228881836,295100
2025-04-03 00:00:00+00:00,26.770000457763672,27.399999618530273,26.530000686645508,27.209999084472656,698800
2025-04-04 00:00:00+00:00,26.389999389648438,26.399999618530273,25.510000228881836,25.649999618530273,911300
2025-04-07 00:00:00+00:00,24.8799991607666,25.899999618530273,23.65999984741211,24.84000015258789,651700
2025-04-08 00:00:00+00:00,25.31999969482422,25.31999969482422,24.09000015258789,24.360000610351562,479600
2025-04-09 00:00:00+00:00,24.399999618530273,25.860000610351562,24.209999084472656,25.850000381469727,653300
2025-04-10 00:00:00+00:00,25.809999465942383,25.93000030517578,25.010000228881836,25.440000534057617,383800
2025-04-11 00:00:00+00:00,25.520000457763672,26.600000381469727,25.520000457763672,26.450000762939453,311300
2025-04-14 00:00:00+00:00,26.43000030517578,27.040000915527344,26.43000030517578,26.899999618530273,291400
2025-04-15 00:00:00+00:00,26.989999771118164,27.549999237060547,26.969999313354492,27.440000534057617,206900
2025-04-16 00:00:00+00:00,27.56999969482422,27.809999465942383,27.389999389648438,27.760000228881836,301100
2025-04-17 00:00:00+00:00,27.899999618530273,28.209999084472656,27.68000030517578,27.969999313354492,160000
2025-04-21 00:00:00+00:00,28.1299991607666,28.420000076293945,27.979999542236328,28.399999618530273,264800
2025-04-22 00:00:00+00:00,28.690000534057617,29.329999923706055,28.56999969482422,29.290000915527344,439900
2025-04-23 00:00:00+00:00,29.489999771118164,30.209999084472656,29.40999984741211,29.829999923706055,457500
2025-04-24 00:00:00+00:00,29.989999771118164,30.81999969482422,29.8700008392334,30.6299991607666,460900
2025-04-25 00:00:00+00:00,30.649999618530273,30.760000228881836,30.389999389648438,30.670000076293945,245200
2025-04-28 00:00:00+00:00,30.799999237060547,30.829999923706055,30.170000076293945,30.450000762939453,445400
2025-04-29 00:00:00+00:00,30.479999542236328,30.809999465942383,29.979999542236328,30.09000015258789,280400
2025-04-30 00:00:00+00:00,29.989999771118164,29.989999771118164,29.229999542236328,29.520000457763672,277200
2025-05-01 00:00:00+00:00,29.40999984741211,30.149999618530273,29.1200008392334,29.329999923706055,170600
2025-05-02 00:00:00+00:00,29.84000015258789,29.84000015258789,29.219999313354492,29.5,384100
2025-05-05 00:00:00+00:00,29.5,29.860000610351562,29.459999084472656,29.6299991607666,100500
2025-05-06 00:00:00+00:00,29.579999923706055,30.56999969482422,29.5,30.510000228881836,267900
2025-05-07 00:00:00+00:00,30.479999542236328,30.950000762939453,30.450000762939453,30.549999237060547,302900
2025-05-08 00:00:00+00:00,30.549999237060547,30.899999618530273,30.489999771118164,30.729999542236328,233000
2025-05-09 00:00:00+00:00,30.90999984741211,30.989999771118164,30.350000381469727,30.479999542236328,256400
2025-05-12 00:00:00+00:00,30.18000030517578,30.709999084472656,29.959999084472656,30.260000228881836,311600
2025-05-13 00:00:00+00:00,30.270000457763672,30.809999465942383,30.270000457763672,30.75,244100
2025-05-14 00:00:00+00:00,30.989999771118164,31.770000457763672,30.989999771118164,31.690000534057617,291300
2025-05-15 00:00:00+00:00,31.75,31.84000015258789,31.299999237060547,31.469999313354492,232800
2025-05-16 00:00:00+00:00,31.469999313354492,31.469999313354492,30.719999313354492,31.18000030517578,175300
2025-05-19 00:00:00+00:00,30.979999542236328,31.56999969482422,30.979999542236328,31.34000015258789,272100
2025-05-20 00:00:00+00:00,31.3700008392334,31.3700008392334,30.920000076293945,31.030000686645508,293100
2025-05-21 00:00:00+00:00,31.030000686645508,31.440000534057617,31.030000686645508,31.270000457763672,204000
2025-05-22 00:00:00+00:00,31.200000762939453,31.329999923706055,30.860000610351562,30.899999618530273,344700
2025-05-23 00:00:00+00:00,30.56999969482422,31.09000015258789,30.56999969482422,31.079999923706055,380800
2025-05-27 00:00:00+00:00,31.15999984741211,31.219999313354492,30.799999237060547,30.93000030517578,180300
2025-05-28 00:00:00+00:00,30.780000686645508,30.8799991607666,30.540000915527344,30.540000915527344,330600
2025-05-29 00:00:00+00:00,30.6299991607666,30.799999237060547,30.420000076293945,30.56999969482422,324800
2025-05-30 00:00:00+00:00,30.56999969482422,30.579999923706055,29.989999771118164,30.209999084472656,717200
2025-06-02 00:00:00+00:00,30.239999771118164,30.290000915527344,29.809999465942383,30.209999084472656,737800
2025-06-03 00:00:00+00:00,30.079999923706055,30.31999969482422,29.709999084472656,30.270000457763672,207700
2025-06-04 00:00:00+00:00,30.299999237060547,30.84000015258789,30.1299991607666,30.149999618530273,199000
2025-06-05 00:00:00+00:00,30.239999771118164,30.520000457763672,30.139999389648438,30.420000076293945,232900
2025-06-06 00:00:00+00:00,30.440000534057617,30.709999084472656,30.09000015258789,30.399999618530273,199700
2025-06-09 00:00:00+00:00,30.260000228881836,30.459999084472656,30.1200008392334,30.190000534057617,173100
2025-06-10 00:00:00+00:00,30.31999969482422,30.43000030517578,29.969999313354492,30.010000228881836,207100
2025-06-11 00:00:00+00:00,30.030000686645508,31.239999771118164,30.030000686645508,30.989999771118164,267900
2025-06-12 00:00:00+00:00,30.979999542236328,31.360000610351562,30.979999542236328,31.1299991607666,168900
2025-06-13 00:00:00+00:00,30.65999984741211,30.809999465942383,30.020000457763672,30.420000076293945,249200
2025-06-16 00:00:00+00:00,30.31999969482422,30.700000762939453,30.1299991607666,30.209999084472656,367600
2025-06-17 00:00:00+00:00,29.989999771118164,30.15999984741211,29.469999313354492,29.559999465942383,295200
2025-06-18 00:00:00+00:00,29.579999923706055,29.780000686645508,29.399999618530273,29.530000686645508,139200
2025-06-20 00:00:00+00:00,29.540000915527344,29.989999771118164,29.329999923706055,29.360000610351562,205200
2025-06-23 00:00:00+00:00,29.350000381469727,29.510000228881836,28.889999389648438,29.149999618530273,267000
2025-06-24 00:00:00+00:00,29.459999084472656,29.75,29.389999389648438,29.56999969482422,354400
2025-06-25 00:00:00+00:00,29.399999618530273,29.649999618530273,29.350000381469727,29.459999084472656,226300
2025-06-26 00:00:00+00:00,29.559999465942383,29.93000030517578,29.540000915527344,29.719999313354492,132600
2025-06-27 00:00:00+00:00,29.829999923706055,29.850000381469727,29.3700008392334,29.65999984741211,169200
2025-06-30 00:00:00+00:00,29.790000915527344,30.68000030517578,29.760000228881836,30.420000076293945,324400
2025-07-01 00:00:00+00:00,30.540000915527344,30.75,30.100000381469727,30.25,388000
2025-07-02 00:00:00+00:00,30.290000915527344,30.469999313354492,30.059999465942383,30.329999923706055,198600
2025-07-03 00:00:00+00:00,30.43000030517578,30.540000915527344,30.049999237060547,30.18000030517578,326200
2025-07-07 00:00:00+00:00,29.969999313354492,30.010000228881836,29.170000076293945,29.43000030517578,425100
2025-07-08 00:00:00+00:00,29.520000457763672,29.579999923706055,29.1200008392334,29.329999923706055,408400
2025-07-09 00:00:00+00:00,29.489999771118164,29.540000915527344,29.1299991607666,29.290000915527344,305500
2025-07-10 00:00:00+00:00,29.329999923706055,29.420000076293945,29.09000015258789,29.350000381469727,271700
2025-07-11 00:00:00+00:00,29.149999618530273,29.5,28.670000076293945,28.760000228881836,521500
2025-07-14 00:00:00+00:00,28.709999084472656,28.760000228881836,28.280000686645508,28.309999465942383,562700
2025-07-15 00:00:00+00:00,28.450000762939453,28.559999465942383,28.170000076293945,28.290000915527344,312900
2025-07-16 00:00:00+00:00,28.360000610351562,28.3700008392334,28.100000381469727,28.200000762939453,229700
2025-07-17 00:00:00+00:00,28.110000610351562,28.520000457763672,28.110000610351562,28.450000762939453,382800
2025-07-18 00:00:00+00:00,28.579999923706055,28.690000534057617,28.299999237060547,28.399999618530273,351000
2025-07-21 00:00:00+00:00,28.43000030517578,28.8799991607666,28.43000030517578,28.530000686645508,291000
2025-07-22 00:00:00+00:00,28.600000381469727,28.639999389648438,28.200000762939453,28.360000610351562,987800
2025-07-23 00:00:00+00:00,28.6299991607666,28.6299991607666,28.290000915527344,28.489999771118164,961000
2025-07-24 00:00:00+00:00,28.510000228881836,28.510000228881836,28.100000381469727,28.100000381469727,193600
2025-07-25 00:00:00+00:00,28.1200008392334,28.200000762939453,27.600000381469727,27.639999389648438,201900
2025-07-28 00:00:00+00:00,27.459999084472656,27.549999237060547,27.229999542236328,27.420000076293945,292300
2025-07-29 00:00:00+00:00,27.420000076293945,28.170000076293945,27.3799991607666,28.170000076293945,431500
2025-07-30 00:00:00+00:00,27.90999984741211,27.940000534057617,27.34000015258789,27.3700008392334,276400
2025-07-31 00:00:00+00:00,27.3799991607666,27.65999984741211,27.079999923706055,27.31999969482422,287400
2025-08-01 00:00:00+00:00,27.239999771118164,27.850000381469727,27.239999771118164,27.59000015258789,278900
2025-08-04 00:00:00+00:00,27.780000686645508,28.040000915527344,27.780000686645508,27.940000534057617,228200
2025-08-05 00:00:00+00:00,28.100000381469727,28.309999465942383,27.940000534057617,28.079999923706055,294100
2025-08-06 00:00:00+00:00,28.1200008392334,28.1299991607666,27.690000534057617,27.739999771118164,295300
2025-08-07 00:00:00+00:00,27.850000381469727,28.450000762939453,27.690000534057617,28.43000030517578,245400
2025-08-08 00:00:00+00:00,28.5,29.0,28.40999984741211,28.989999771118164,219300
2025-08-11 00:00:00+00:00,29.049999237060547,29.229999542236328,28.729999542236328,28.729999542236328,400600
2025-08-12 00:00:00+00:00,28.889999389648438,29.200000762939453,28.760000228881836,29.110000610351562,193300
2025-08-13 00:00:00+00:00,29.18000030517578,29.809999465942383,29.18000030517578,29.639999389648438,208300
2025-08-14 00:00:00+00:00,29.520000457763672,29.56999969482422,28.93000030517578,28.979999542236328,235400
2025-08-15 00:00:00+00:00,29.110000610351562,29.3700008392334,29.010000228881836,29.299999237060547,168400
2025-08-18 00:00:00+00:00,29.290000915527344,29.93000030517578,29.0,29.520000457763672,266400
2025-08-19 00:00:00+00:00,29.3799991607666,29.3799991607666,28.690000534057617,28.770000457763672,214400
2025-08-20 00:00:00+00:00,28.790000915527344,29.0,28.479999542236328,28.649999618530273,190700
2025-08-21 00:00:00+00:00,28.600000381469727,28.969999313354492,28.56999969482422,28.68000030517578,176200
2025-08-22 00:00:00+00:00,28.65999984741211,29.049999237060547,28.65999984741211,29.020000457763672,175000
2025-08-25 00:00:00+00:00,29.040000915527344,29.209999084472656,28.56999969482422,28.59000015258789,310500
2025-08-26 00:00:00+00:00,28.530000686645508,28.729999542236328,28.260000228881836,28.450000762939453,193500
2025-08-27 00:00:00+00:00,28.469999313354492,28.549999237060547,28.290000915527344,28.399999618530273,225400
2025-08-28 00:00:00+00:00,28.479999542236328,28.760000228881836,28.3700008392334,28.479999542236328,231800
2025-08-29 00:00:00+00:00,28.399999618530273,28.790000915527344,28.399999618530273,28.729999542236328,127700
2025-09-02 00:00:00+00:00,28.520000457763672,28.950000762939453,28.309999465942383,28.920000076293945,185500
2025-09-03 00:00:00+00:00,28.950000762939453,29.5,28.950000762939453,29.40999984741211,199400
2025-09-04 00:00:00+00:00,29.15999984741211,29.829999923706055,29.0,29.760000228881836,259600
2025-09-05 00:00:00+00:00,30.0,30.459999084472656,29.8799991607666,30.420000076293945,1062500
2025-09-08 00:00:00+00:00,30.399999618530273,30.540000915527344,29.68000030517578,29.729999542236328,473400
2025-09-09 00:00:00+00:00,29.729999542236328,30.3700008392334,29.639999389648438,30.139999389648438,319100
2025-09-10 00:00:00+00:00,30.329999923706055,30.510000228881836,29.979999542236328,30.139999389648438,211100
2025-09-11 00:00:00+00:00,30.209999084472656,31.110000610351562,30.209999084472656,30.969999313354492,435100
2025-09-12 00:00:00+00:00,30.81999969482422,31.020000457763672,29.920000076293945,30.0,292800
2025-09-15 00:00:00+00:00,30.170000076293945,30.31999969482422,29.790000915527344,29.90999984741211,300900
2025-09-16 00:00:00+00:00,30.030000686645508,30.200000762939453,29.950000762939453,30.1200008392334,340200
2025-09-17 00:00:00+00:00,30.020000457763672,30.15999984741211,29.65999984741211,29.780000686645508,386900
2025-09-18 00:00:00+00:00,29.729999542236328,29.989999771118164,29.260000228881836,29.299999237060547,237100
2025-09-19 00:00:00+00:00,29.389999389648438,29.68000030517578,29.110000610351562,29.34000015258789,247300
2025-09-22 00:00:00+00:00,29.579999923706055,29.770000457763672,29.360000610351562,29.729999542236328,479500
2025-09-23 00:00:00+00:00,29.829999923706055,30.850000381469727,29.829999923706055,30.610000610351562,683600
2025-09-24 00:00:00+00:00,30.729999542236328,30.920000076293945,30.399999618530273,30.6200008392334,329000
2025-09-25 00:00:00+00:00,30.510000228881836,30.690000534057617,30.059999465942383,30.1299991607666,287000
2025-09-26 00:00:00+00:00,30.3700008392334,30.610000610351562,30.0,30.0,247100
