"('date', '')","('open', 'BFIN')","('high', 'BFIN')","('low', 'BFIN')","('close', 'BFIN')","('volume', 'BFIN')"
2024-01-02 00:00:00+00:00,9.655148235381004,9.655148235381004,9.47634869540012,9.579864501953125,5200
2024-01-03 00:00:00+00:00,9.636327657286422,9.636327657286422,9.513991355895996,9.513991355895996,17600
2024-01-04 00:00:00+00:00,9.579865912119786,9.598686399520705,9.513991962584003,9.551633834838867,4800
2024-01-05 00:00:00+00:00,9.683380836457406,9.683380836457406,9.551633834838867,9.551633834838867,5600
2024-01-08 00:00:00+00:00,9.570456340196252,9.67397127665334,9.56104564666748,9.56104564666748,2300
2024-01-09 00:00:00+00:00,9.56104564666748,9.579867033725023,9.391656752962124,9.56104564666748,7100
2024-01-10 00:00:00+00:00,9.617506368667065,9.636326853297588,9.542222635239185,9.579864501953125,3000
2024-01-11 00:00:00+00:00,9.598685696222011,9.683380126953125,9.532812648965793,9.683380126953125,4700
2024-01-12 00:00:00+00:00,9.739843810311976,9.815127552632301,9.626917299378487,9.768074989318848,7700
2024-01-16 00:00:00+00:00,9.749254282372801,10.078621350997807,9.711612408597349,9.928053855895996,5300
2024-01-17 00:00:00+00:00,9.852768222411479,9.965693822122573,9.77748448927075,9.871588706970215,3200
2024-01-18 00:00:00+00:00,9.899822417041452,9.928053597274365,9.768075413532792,9.85276985168457,4000
2024-01-19 00:00:00+00:00,10.050390661397216,10.135085105895996,9.909232954748214,10.135085105895996,4800
2024-01-22 00:00:00+00:00,10.14449361467996,10.153904306753248,9.786895392971928,9.881000518798828,7000
2024-01-23 00:00:00+00:00,9.862178423996543,9.918641674914612,9.777484893798828,9.777484893798828,24400
2024-01-24 00:00:00+00:00,9.937462576657868,9.984514236450195,9.777484420495885,9.984514236450195,5900
2024-01-25 00:00:00+00:00,9.92805333745588,10.191546440124512,9.89982215796178,10.191546440124512,10400
2024-01-26 00:00:00+00:00,9.975104886361496,10.360934257507324,9.937463018382706,10.360934257507324,7900
2024-01-29 00:00:00+00:00,10.351523052197601,10.46444865052723,10.16331372164822,10.44562816619873,10400
2024-01-30 00:00:00+00:00,10.360934962881569,10.464449882507324,10.257419145802828,10.464449882507324,5800
2024-01-31 00:00:00+00:00,10.304472223075376,10.379755967918884,10.144494040919662,10.200957298278809,11200
2024-02-01 00:00:00+00:00,10.069209787316572,10.069209787316572,9.645738519604997,9.75866413116455,27100
2024-02-02 00:00:00+00:00,9.692792011137751,10.050390264077354,9.692792011137751,9.815128326416016,14700
2024-02-05 00:00:00+00:00,9.749253254695963,9.786895124503555,9.46693967986551,9.570454597473145,36400
2024-02-06 00:00:00+00:00,9.626916873981395,9.881000166174738,9.626916873981395,9.683380126953125,9300
2024-02-07 00:00:00+00:00,9.739843547149555,9.749253341595601,9.4763495586948,9.692790985107422,18000
2024-02-08 00:00:00+00:00,9.721299150343112,9.958867566407234,9.721299150343112,9.901851654052734,15900
2024-02-09 00:00:00+00:00,9.873343501897418,9.873343501897418,9.75931077320029,9.80682373046875,7900
2024-02-12 00:00:00+00:00,9.77831617188856,9.968370727433935,9.70229434967041,9.70229434967041,11900
2024-02-13 00:00:00+00:00,9.816326985042855,9.816326985042855,9.654780387878418,9.654780387878418,9100
2024-02-14 00:00:00+00:00,9.654780176495462,9.654780176495462,9.274671077519884,9.445719718933105,29900
2024-02-15 00:00:00+00:00,9.702292854009528,9.787817617383743,9.559752185886811,9.711795806884766,9500
2024-02-16 00:00:00+00:00,9.607264834242828,9.797320260737417,9.607264834242828,9.74980640411377,3200
2024-02-20 00:00:00+00:00,9.740305260779484,9.892348905215785,9.70229434967041,9.70229434967041,6800
2024-02-21 00:00:00+00:00,9.759310422411671,9.968369964382854,9.616768836975098,9.616768836975098,7200
2024-02-22 00:00:00+00:00,9.911353390189447,9.911353390189447,9.170139370656036,9.578757286071777,20700
2024-02-23 00:00:00+00:00,9.645277614272777,9.920856948787668,9.521742831776114,9.635775566101074,14400
2024-02-26 00:00:00+00:00,10.072901312157523,10.072901312157523,9.654780387878418,9.654780387878418,2000
2024-02-27 00:00:00+00:00,9.778316295730889,9.787819250191413,9.512239914597506,9.569255828857422,9000
2024-02-28 00:00:00+00:00,9.588260759946706,9.749807344294291,9.36019531366242,9.455222129821777,13900
2024-02-29 00:00:00+00:00,9.417211860146342,9.683288232171988,9.417211860146342,9.493233680725098,7000
2024-03-01 00:00:00+00:00,9.502735889424637,9.521741796204214,9.407708168029785,9.407708168029785,12800
2024-03-04 00:00:00+00:00,9.464725794068368,9.464725794068368,9.312682151794434,9.312682151794434,19100
2024-03-05 00:00:00+00:00,9.28417286413144,9.417210578918457,9.28417286413144,9.417210578918457,4400
2024-03-06 00:00:00+00:00,9.502735991027219,9.502735991027219,9.455222129821777,9.455222129821777,9400
2024-03-07 00:00:00+00:00,9.521742820739746,9.692791468903122,9.502736911915141,9.521742820739746,83500
2024-03-08 00:00:00+00:00,9.50273696013698,9.616769694908431,9.50273696013698,9.569255828857422,9400
2024-03-11 00:00:00+00:00,9.645275599084787,9.645275599084787,9.540745841022552,9.58825969696045,5100
2024-03-12 00:00:00+00:00,9.616768191720814,9.721297955692792,9.502735474773706,9.578757286071777,23800
2024-03-13 00:00:00+00:00,9.7212989406698,9.7212989406698,9.654780075607063,9.692790985107422,2300
2024-03-14 00:00:00+00:00,9.730802306439315,9.759311169459826,9.607266618771918,9.70229434967041,7500
2024-03-15 00:00:00+00:00,9.7022941340339,9.806823910697748,9.7022941340339,9.787818908691406,8200
2024-03-18 00:00:00+00:00,9.787818810817532,9.787818810817532,9.740304946899414,9.740304946899414,7100
2024-03-19 00:00:00+00:00,9.901852643878792,9.901852643878792,9.607267379760742,9.607267379760742,5500
2024-03-20 00:00:00+00:00,9.654779734303995,9.797321319580078,9.559752917038143,9.797321319580078,4300
2024-03-21 00:00:00+00:00,9.825830061152663,9.958867797231067,9.825830061152663,9.930359840393066,7000
2024-03-22 00:00:00+00:00,9.844834087974068,10.025386577975176,9.77831522652709,9.996878623962402,3200
2024-03-25 00:00:00+00:00,9.787818908691406,9.787818908691406,9.787818908691406,9.787818908691406,1800
2024-03-26 00:00:00+00:00,9.78781867781393,9.835332541086395,9.759310722351074,9.759310722351074,9400
2024-03-27 00:00:00+00:00,9.759310722351074,9.806823679371977,9.759310722351074,9.759310722351074,3500
2024-03-28 00:00:00+00:00,9.806824247004226,10.082403582433558,9.806824247004226,9.977873802185059,8400
2024-04-01 00:00:00+00:00,10.063398579775475,10.063398579775475,9.977873802185059,9.977873802185059,6400
2024-04-02 00:00:00+00:00,9.977872906761272,10.034889722122013,9.797321319580078,9.797321319580078,18100
2024-04-03 00:00:00+00:00,9.759310722351074,10.072900951197163,9.759310722351074,9.759310722351074,13500
2024-04-04 00:00:00+00:00,9.75931054291979,9.930359178803638,9.75931054291979,9.778315544128418,3500
2024-04-05 00:00:00+00:00,9.78781805655246,10.01588349828244,9.78781805655246,9.835331916809082,5000
2024-04-08 00:00:00+00:00,9.977873460012761,10.053895280541303,9.778315954562443,9.787818908691406,10800
2024-04-09 00:00:00+00:00,9.740304946899414,9.901851540470068,9.740304946899414,9.740304946899414,6600
2024-04-10 00:00:00+00:00,9.873344135721355,9.873344135721355,9.607266845428862,9.730802536010742,8700
2024-04-11 00:00:00+00:00,9.79732186282037,9.987376414141725,9.787818908691406,9.787818908691406,8700
2024-04-12 00:00:00+00:00,9.816326864826713,9.825829818955677,9.740305044298172,9.787818908691406,11200
2024-04-15 00:00:00+00:00,9.816326864826713,9.835332773084641,9.787818908691406,9.787818908691406,19900
2024-04-16 00:00:00+00:00,9.797321566018026,9.806823613607547,9.61676906804375,9.64527702331543,19700
2024-04-17 00:00:00+00:00,9.740305334713021,9.740305334713021,9.512239866327445,9.521742820739746,15200
2024-04-18 00:00:00+00:00,9.588260861438538,9.588260861438538,9.50273609161377,9.50273609161377,6600
2024-04-19 00:00:00+00:00,9.59776381503052,9.635774723146914,9.50273609161377,9.50273609161377,13000
2024-04-22 00:00:00+00:00,9.616768815962951,9.635774723146914,9.50273609161377,9.50273609161377,9000
2024-04-23 00:00:00+00:00,9.683287699761243,9.825829285197816,9.616768836975098,9.616768836975098,8600
2024-04-24 00:00:00+00:00,9.616769477148646,9.664283342123761,9.616769477148646,9.654780387878418,5900
2024-04-25 00:00:00+00:00,9.597762957193085,9.702292718607529,9.550249099731445,9.550249099731445,6100
2024-04-26 00:00:00+00:00,9.578757051707848,9.673784766631126,9.550249099731445,9.550249099731445,6500
2024-04-29 00:00:00+00:00,9.578758021037146,9.578758021037146,9.331686662235219,9.369697570800781,22200
2024-04-30 00:00:00+00:00,9.331687691829364,9.331687691829364,9.122628124778352,9.189146995544434,34700
2024-05-01 00:00:00+00:00,9.284173375554147,9.398206097189474,9.255664515456681,9.293675422668457,13700
2024-05-02 00:00:00+00:00,9.417211121419573,9.588260657429702,9.398206120891512,9.407708168029785,4900
2024-05-03 00:00:00+00:00,9.578757907846557,9.578757907846557,9.464725183497375,9.50273609161377,3500
2024-05-06 00:00:00+00:00,9.56925433309665,9.71179590896914,9.55024933339787,9.578757286071777,5800
2024-05-07 00:00:00+00:00,9.445720310099148,9.711797602286236,9.43621826171875,9.43621826171875,12000
2024-05-08 00:00:00+00:00,9.407708368197017,9.578757907846557,9.407708368197017,9.50273609161377,8600
2024-05-09 00:00:00+00:00,9.502736471291414,9.694711685180664,9.502736471291414,9.694711685180664,8800
2024-05-10 00:00:00+00:00,9.627518308672228,9.685111045837402,9.598722397792391,9.685111045837402,2200
2024-05-13 00:00:00+00:00,9.656315059879368,9.733104765232223,9.646716117858887,9.646716117858887,12100
2024-05-14 00:00:00+00:00,9.646717701731335,9.742704391479492,9.627519814538315,9.742704391479492,25400
2024-05-15 00:00:00+00:00,9.771500416235458,9.973073638106513,9.771500416235458,9.944276809692383,5900
2024-05-16 00:00:00+00:00,9.857889806367393,10.07866001491852,9.838691919325221,9.953876495361328,14000
2024-05-17 00:00:00+00:00,9.963474909731755,10.270633762848458,9.963474909731755,10.05946159362793,6000
2024-05-20 00:00:00+00:00,10.05946212787635,10.107455930076137,9.953876495361328,9.953876495361328,12000
2024-05-21 00:00:00+00:00,10.011470282662993,10.011470282662993,9.809897024776967,9.867488861083984,13000
2024-05-22 00:00:00+00:00,9.925080440930614,9.925080440930614,9.867487696017909,9.877086639404297,11200
2024-05-23 00:00:00+00:00,10.021067674951391,10.021067674951391,9.742704709408455,9.771501541137695,14000
2024-05-24 00:00:00+00:00,9.857889883826312,9.886685799210195,9.723507419692119,9.742704391479492,22200
2024-05-28 00:00:00+00:00,9.742704110047677,9.781098967918979,9.713908195495605,9.713908195495605,18700
2024-05-29 00:00:00+00:00,9.694710335539094,9.694710335539094,9.608321684396591,9.627518653869629,15100
2024-05-30 00:00:00+00:00,9.781098753601237,9.781098753601237,9.57952552534225,9.598723411560059,10100
2024-05-31 00:00:00+00:00,9.598724774205099,9.752304224127464,9.598724774205099,9.704310417175293,17700
2024-06-03 00:00:00+00:00,9.704309575760393,9.704309575760393,9.617921829223633,9.617921829223633,11200
2024-06-04 00:00:00+00:00,9.646717211698979,9.694711011837898,9.598723411560059,9.598723411560059,27800
2024-06-05 00:00:00+00:00,9.598723623916102,9.665914396353717,9.445144192398343,9.464341163635254,19900
2024-06-06 00:00:00+00:00,9.608322139022864,9.608322139022864,9.464340741837576,9.483538627624512,6700
2024-06-07 00:00:00+00:00,9.483538979750401,9.483538979750401,9.425946235656738,9.425946235656738,8800
2024-06-10 00:00:00+00:00,9.43554570953062,9.665914868049247,9.43554570953062,9.445144653320312,8400
2024-06-11 00:00:00+00:00,9.589124609282234,9.589124609282234,9.425946235656738,9.425946235656738,2200
2024-06-12 00:00:00+00:00,9.64671767978006,9.64671767978006,9.454743385314941,9.454743385314941,3700
2024-06-13 00:00:00+00:00,9.406750004715903,9.435545921325684,9.406750004715903,9.435545921325684,6600
2024-06-14 00:00:00+00:00,9.416347430106425,9.502735166003646,9.377952575683594,9.377952575683594,20000
2024-06-17 00:00:00+00:00,9.406748838238277,9.454742636906929,9.32036018371582,9.32036018371582,4900
2024-06-18 00:00:00+00:00,9.454742636906929,9.48353854994589,9.32036018371582,9.32036018371582,9500
2024-06-20 00:00:00+00:00,9.329960149173413,9.377953953102592,9.329960149173413,9.358756065368652,8400
2024-06-21 00:00:00+00:00,9.368354475633756,9.58912467956543,9.368354475633756,9.58912467956543,17300
2024-06-24 00:00:00+00:00,9.464341093150145,9.569927638086469,9.464341093150145,9.550729751586914,11100
2024-06-25 00:00:00+00:00,9.550730281685386,9.59872408519248,9.550730281685386,9.569928169250488,2900
2024-06-26 00:00:00+00:00,9.569927776125784,9.752303123474121,9.569927776125784,9.752303123474121,4400
2024-06-27 00:00:00+00:00,9.819494035906526,9.829092979431152,9.790698120738282,9.829092979431152,3300
2024-06-28 00:00:00+00:00,9.857889668037144,9.877086639404297,9.79069797973805,9.877086639404297,4400
2024-07-01 00:00:00+00:00,9.963474945102591,9.98267191578774,9.93467903137207,9.93467903137207,2400
2024-07-02 00:00:00+00:00,9.963475372050683,9.963475372050683,9.752303193031475,9.790698051452637,5300
2024-07-03 00:00:00+00:00,9.848290441711404,9.992270926748201,9.723506927490234,9.723506927490234,2500
2024-07-05 00:00:00+00:00,9.675513617115216,9.742704391479492,9.665914673518708,9.742704391479492,3100
2024-07-08 00:00:00+00:00,9.713908337414175,9.915481573034867,9.656316507468624,9.665914535522461,3900
2024-07-09 00:00:00+00:00,9.733106544877382,9.761902460798504,9.694711685180664,9.694711685180664,3600
2024-07-10 00:00:00+00:00,9.608323022011634,9.75230351702291,9.608323022011634,9.694711685180664,9800
2024-07-11 00:00:00+00:00,9.742704311419532,10.107455926438758,9.742704311419532,10.078660011291504,4100
2024-07-12 00:00:00+00:00,10.126653669457156,10.251437187194824,10.107455782694919,10.251437187194824,10300
2024-07-15 00:00:00+00:00,10.28023296076331,10.347423732697221,10.174647331237793,10.174647331237793,11300
2024-07-16 00:00:00+00:00,10.280232851810283,10.36662150932723,10.261034965515137,10.261034965515137,37300
2024-07-17 00:00:00+00:00,10.318627574227074,10.558595657348633,10.318627574227074,10.558595657348633,19800
2024-07-18 00:00:00+00:00,10.443412240343266,10.558596823110332,10.443412240343266,10.54899787902832,4400
2024-07-19 00:00:00+00:00,10.472207420324441,10.558596080172572,10.472207420324441,10.539398193359375,3100
2024-07-22 00:00:00+00:00,10.347423487888095,10.558595657348633,10.347423487888095,10.558595657348633,14400
2024-07-23 00:00:00+00:00,10.47220624887487,11.153715592612194,10.453009279614728,11.13451862335205,42900
2024-07-24 00:00:00+00:00,10.827359071940231,11.038531230045967,10.673779653465349,11.000136375427246,27400
2024-07-25 00:00:00+00:00,11.163314300376546,11.3648875081029,11.057728683150554,11.268899917602539,7400
2024-07-26 00:00:00+00:00,11.13451838938864,11.268899917602539,11.03853079888828,11.268899917602539,7100
2024-07-29 00:00:00+00:00,11.326493263244629,11.326493263244629,11.326493263244629,11.326493263244629,3700
2024-07-30 00:00:00+00:00,11.451278503142575,11.499271392822266,11.451278503142575,11.499271392822266,2200
2024-07-31 00:00:00+00:00,11.19211161635077,11.460875621922993,11.19211161635077,11.249704360961914,6400
2024-08-01 00:00:00+00:00,11.422479943494208,11.60485619215785,11.04813033433141,11.326493263244629,15400
2024-08-02 00:00:00+00:00,11.249703833696696,11.37448734500098,11.249703833696696,11.355289459228516,3900
2024-08-05 00:00:00+00:00,11.038532116076116,11.086525917053223,10.798564026596202,11.086525917053223,3400
2024-08-06 00:00:00+00:00,10.87535416241178,11.07692740198346,10.856157190522199,10.942544937133789,3600
2024-08-07 00:00:00+00:00,10.913747932724355,11.009735528812463,10.904148990034432,10.990537643432617,3100
2024-08-08 00:00:00+00:00,10.79856423535713,11.01933444255195,10.769768320376421,10.952143669128418,8100
2024-08-09 00:00:00+00:00,10.96182717263254,11.04897965892016,10.952144281322347,11.010245323181152,2300
2024-08-12 00:00:00+00:00,10.874675132139048,10.903726577758789,10.758472120158425,10.903726577758789,7100
2024-08-13 00:00:00+00:00,11.000561508371549,11.04897965892016,10.787523123556714,11.010245323181152,8400
2024-08-14 00:00:00+00:00,10.797206020015398,11.048979664188705,10.758471684257922,10.92309284210205,2600
2024-08-15 00:00:00+00:00,11.048979353752413,11.048979353752413,10.894042015075684,10.894042015075684,3700
2024-08-16 00:00:00+00:00,10.932775694044675,11.717147078426681,10.932775694044675,11.707463264465332,17100
2024-08-19 00:00:00+00:00,11.717148245235347,11.726831136661602,11.533159455645196,11.610628128051758,4400
2024-08-20 00:00:00+00:00,11.039295921074674,11.55252702756894,10.952144357678858,11.397589683532715,10500
2024-08-21 00:00:00+00:00,11.339488013304898,11.61062837243489,11.12644869795304,11.513792991638184,11900
2024-08-22 00:00:00+00:00,11.5234761280039,11.84303464606875,11.5234761280039,11.804300308227539,3700
2024-08-23 00:00:00+00:00,11.852717639320561,11.862401453984077,11.600943999065533,11.755882263183594,13600
2024-08-26 00:00:00+00:00,11.717148186482286,11.717148186482286,11.37822205377848,11.397589683532715,6700
2024-08-27 00:00:00+00:00,11.097397653332633,11.629995454875091,10.942460312556515,11.494424819946289,2900
2024-08-28 00:00:00+00:00,11.281386182701302,11.852718353271484,11.281386182701302,11.852718353271484,6100
2024-08-29 00:00:00+00:00,11.6203116362061,11.6203116362061,11.378221810451807,11.58157730102539,3500
2024-08-30 00:00:00+00:00,11.465374299425616,11.620311640201736,11.252334994108754,11.494424819946289,3500
2024-09-03 00:00:00+00:00,11.407272872212536,11.581577850545822,11.3491718284344,11.513792991638184,7000
2024-09-04 00:00:00+00:00,11.426640007079689,11.629995498485746,11.2329683303833,11.2329683303833,8200
2024-09-05 00:00:00+00:00,11.145815100684084,11.145815100684084,11.03929499298987,11.136131286621094,6500
2024-09-06 00:00:00+00:00,11.039295400240377,11.12644788302375,10.90372569235457,11.116764068603516,4100
2024-09-09 00:00:00+00:00,10.903726035516904,11.09739771251999,10.884358406066895,10.884358406066895,11100
2024-09-10 00:00:00+00:00,10.94246102343816,10.981195361148583,10.855308532714844,10.855308532714844,3900
2024-09-11 00:00:00+00:00,10.971511291659574,11.136132453989813,10.681003303812126,11.03929615020752,9000
2024-09-12 00:00:00+00:00,10.710054159048216,11.087713691295798,10.710054159048216,10.806889533996582,4700
2024-09-13 00:00:00+00:00,11.184550504999306,11.232968656453734,11.000561714172363,11.000561714172363,2900
2024-09-16 00:00:00+00:00,11.010245071351216,11.465374198499246,10.845623917350853,11.455690383911133,10700
2024-09-17 00:00:00+00:00,11.078030262780349,11.378222059629465,11.078030262780349,11.310437202453613,3400
2024-09-18 00:00:00+00:00,11.165181599900228,11.281384596020256,11.107080563589873,11.145814895629883,8300
2024-09-19 00:00:00+00:00,11.378222259471746,11.397589889576105,11.368538444419565,11.387906074523926,2200
2024-09-20 00:00:00+00:00,11.252335357466087,12.162593649168699,11.203917206035197,11.99797248840332,52200
2024-09-23 00:00:00+00:00,11.726831124216988,11.823667426372136,11.533159443406106,11.784933090209961,6200
2024-09-24 00:00:00+00:00,11.765564298778827,11.784931926697482,11.62031078338623,11.62031078338623,12200
2024-09-25 00:00:00+00:00,11.552527345135726,11.552527345135726,11.33948802947998,11.33948802947998,4300
2024-09-26 00:00:00+00:00,11.426639424443056,11.707463572208635,11.29106879591854,11.649361610412598,7100
2024-09-27 00:00:00+00:00,11.523475132046096,11.59126091003418,11.38790542306869,11.59126091003418,11600
2024-09-30 00:00:00+00:00,11.494424906577972,11.910819705676644,11.494424906577972,11.79461669921875,12900
2024-10-01 00:00:00+00:00,11.542842219709442,11.629994699107309,11.465373554355633,11.571892738342285,3400
2024-10-02 00:00:00+00:00,11.416956703627626,11.668730356357193,11.291069877262842,11.33948802947998,14600
2024-10-03 00:00:00+00:00,11.504108876682766,11.591261363577997,11.28138575200613,11.397589683532715,24100
2024-10-04 00:00:00+00:00,11.562209129333496,11.562209129333496,11.562209129333496,11.562209129333496,1300
2024-10-07 00:00:00+00:00,11.513793108202353,11.571894152568696,11.378222465515137,11.378222465515137,5300
2024-10-08 00:00:00+00:00,11.349171193940057,11.552526682793484,11.349171193940057,11.455690383911133,3700
2024-10-09 00:00:00+00:00,11.397589006033536,11.600943565368652,11.32011941512098,11.600943565368652,5200
2024-10-10 00:00:00+00:00,11.68809700012207,11.68809700012207,11.68809700012207,11.68809700012207,1900
2024-10-11 00:00:00+00:00,11.717147827148438,11.717147827148438,11.533159044123305,11.717147827148438,2000
2024-10-14 00:00:00+00:00,11.57189412581582,11.765565812421634,11.523475973289505,11.639679908752441,9300
2024-10-15 00:00:00+00:00,11.707464436662649,11.707464436662649,11.523475646972656,11.523475646972656,7200
2024-10-16 00:00:00+00:00,11.571892639504435,11.707463264465332,11.52347449319702,11.707463264465332,83900
2024-10-17 00:00:00+00:00,11.571894158015029,12.046390022394434,11.571894158015029,12.027023315429688,17200
2024-10-18 00:00:00+00:00,12.056073746864785,12.104491899161317,11.90113639831543,11.90113639831543,6700
2024-10-21 00:00:00+00:00,11.726831180426963,11.726831180426963,11.436324119567871,11.436324119567871,10900
2024-10-22 00:00:00+00:00,11.639679724884015,11.639679724884015,11.378222259471746,11.387906074523926,10900
2024-10-23 00:00:00+00:00,11.271702090986096,11.659045424628497,11.000560833937062,11.649361610412598,19800
2024-10-24 00:00:00+00:00,11.271701681336708,12.104490280151367,11.271701681336708,12.104490280151367,15900
2024-10-25 00:00:00+00:00,12.104490926442956,12.104490926442956,11.639678918147244,12.075440406799316,13400
2024-10-28 00:00:00+00:00,12.056073764043463,12.056073764043463,11.484741597829046,11.726831436157227,17900
2024-10-29 00:00:00+00:00,11.68809700012207,11.833351455990272,11.659046478348204,11.68809700012207,4100
2024-10-30 00:00:00+00:00,11.79461710372992,11.862401962280273,11.552527267765017,11.862401962280273,13400
2024-10-31 00:00:00+00:00,11.755883078550621,11.833351754233043,11.562210465845109,11.804300308227539,3100
2024-11-01 00:00:00+00:00,11.600943031513536,11.843032836914062,11.600943031513536,11.843032836914062,10300
2024-11-04 00:00:00+00:00,11.833352039836976,11.833352039836976,11.44600772857666,11.44600772857666,9900
2024-11-05 00:00:00+00:00,11.523475829994705,11.843034339795437,11.271703102287674,11.775249481201172,3300
2024-11-06 00:00:00+00:00,11.252334044196534,11.862400464625777,11.252334044196534,11.843032836914062,44600
2024-11-07 00:00:00+00:00,11.949554458728638,11.949554458728638,11.659046470682673,11.775249481201172,2900
2024-11-08 00:00:00+00:00,11.813983925715283,11.862402078080807,11.620312239752627,11.726831436157227,4200
2024-11-11 00:00:00+00:00,11.862401661673307,12.036706634670768,11.746198654174805,11.746198654174805,8200
2024-11-12 00:00:00+00:00,11.891450982694032,11.949552942329857,11.775247986921697,11.843032836914062,10900
2024-11-13 00:00:00+00:00,11.92050273667058,12.046388626098633,11.77524829552389,12.046388626098633,3900
2024-11-14 00:00:00+00:00,12.046389454818643,12.472468069961405,11.910819741954551,12.4434175491333,21400
2024-11-15 00:00:00+00:00,12.44341731944896,12.550771957333751,12.131112241425896,12.355581283569336,5800
2024-11-18 00:00:00+00:00,12.238465888652785,12.648366735749395,12.101831962706424,12.140870094299316,12100
2024-11-19 00:00:00+00:00,12.218947135599155,12.218947135599155,12.101831811540906,12.199427604675293,9200
2024-11-20 00:00:00+00:00,12.199427604675293,12.209187370137224,12.111591577002837,12.199427604675293,10600
2024-11-21 00:00:00+00:00,12.326302294272407,12.326302294272407,12.20918789591321,12.238466262817383,10700
2024-11-22 00:00:00+00:00,12.29702431657876,12.345821286049345,12.257986182556774,12.267745018005371,13500
2024-11-25 00:00:00+00:00,12.443417595513443,12.78500198023633,12.34582179109474,12.589810371398926,18600
2024-11-26 00:00:00+00:00,12.433658256051071,12.58981080389118,12.384860352165388,12.550772666931152,17800
2024-11-27 00:00:00+00:00,12.67764596560069,12.931394303615889,12.67764596560069,12.911874771118164,11800
2024-11-29 00:00:00+00:00,13.04850878075361,13.107066447838037,12.96067274549824,13.058268547058105,11100
2024-12-02 00:00:00+00:00,13.028989887276584,13.136344521995625,12.941153853987132,13.10706615447998,11700
2024-12-03 00:00:00+00:00,12.970432267398218,13.634081471717918,12.843558100058127,13.53648567199707,10100
2024-12-04 00:00:00+00:00,13.624322089135237,13.624322089135237,13.351055145263672,13.351055145263672,10900
2024-12-05 00:00:00+00:00,13.585283339772449,13.585283339772449,13.16562271118164,13.16562271118164,16400
2024-12-06 00:00:00+00:00,13.321775894741718,13.497447967529297,13.233940789090482,13.497447967529297,5400
2024-12-09 00:00:00+00:00,13.556005909207482,13.565764745093047,12.941154572773355,13.5169677734375,8500
2024-12-10 00:00:00+00:00,13.429131687064205,13.497448191730799,13.087547302246094,13.087547302246094,13100
2024-12-11 00:00:00+00:00,13.165623473688397,13.419371818729868,12.443417504640422,12.511734008789062,22300
2024-12-12 00:00:00+00:00,12.511733192322177,12.882595919164219,12.238466262817383,12.238466262817383,44200
2024-12-13 00:00:00+00:00,12.248225524371133,12.765480995178223,12.072553468694494,12.765480995178223,18400
2024-12-16 00:00:00+00:00,12.736204490914796,12.755723093985758,12.580051943376708,12.61909008026123,7000
2024-12-17 00:00:00+00:00,12.492215019818087,12.69716545666268,12.365340851224525,12.482455253601074,15300
2024-12-18 00:00:00+00:00,12.375100233650045,12.931393860371836,12.170149803161621,12.170149803161621,23900
2024-12-19 00:00:00+00:00,12.072554861014178,12.375101110600571,11.779768378033733,12.092074394226074,21700
2024-12-20 00:00:00+00:00,12.033516704792975,12.375101089477539,12.033516704792975,12.375101089477539,24800
2024-12-23 00:00:00+00:00,12.394618260201606,12.394618260201606,12.033515314792313,12.199427604675293,19200
2024-12-24 00:00:00+00:00,12.121352229178571,12.33606243133545,12.111592463002683,12.33606243133545,4100
2024-12-26 00:00:00+00:00,12.316542098709654,12.35558023013415,12.209187469977904,12.277503967285156,17100
2024-12-27 00:00:00+00:00,12.209187370137224,12.326301763453012,12.140869942646168,12.199427604675293,19600
2024-12-30 00:00:00+00:00,12.170149528641781,12.228706261321902,11.848084706673658,12.150629997253418,33000
2024-12-31 00:00:00+00:00,12.179908788978745,12.433657121434765,12.179908788978745,12.39461898803711,14300
2025-01-02 00:00:00+00:00,12.316543275316642,12.316543275316642,11.86760425567627,11.86760425567627,24900
2025-01-03 00:00:00+00:00,11.916401956714603,12.053035892824333,11.818806155101575,11.994478225708008,18900
2025-01-06 00:00:00+00:00,12.121352831504607,12.15063120074462,11.916402385339357,11.955440521240234,16900
2025-01-07 00:00:00+00:00,11.955439270640062,12.023755768634697,11.711450714096387,11.721210479736328,19500
2025-01-08 00:00:00+00:00,11.779767938503364,11.779767938503364,11.555298899397442,11.63337516784668,20600
2025-01-10 00:00:00+00:00,11.584577138516549,11.711451306020878,11.272272068193601,11.340588569641113,15900
2025-01-13 00:00:00+00:00,11.340589000446686,11.369867369216056,11.252752963396016,11.30155086517334,19000
2025-01-14 00:00:00+00:00,11.301550603148309,11.66265357874028,11.301550603148309,11.565058708190918,19000
2025-01-15 00:00:00+00:00,11.760249232729718,11.877363634367564,11.70169156653953,11.838325500488281,30900
2025-01-16 00:00:00+00:00,11.818805926539474,11.906641960144043,11.789527558918794,11.906641960144043,7300
2025-01-17 00:00:00+00:00,11.848085679827902,12.121352626512651,11.848085679827902,12.082314491271973,7200
2025-01-21 00:00:00+00:00,12.179908073751431,12.267744101423887,12.121351342464768,12.199427604675293,12000
2025-01-22 00:00:00+00:00,12.189668655395508,12.228706789114643,11.974959385311534,12.189668655395508,13900
2025-01-23 00:00:00+00:00,12.160390547484942,12.492215156555176,12.053035910150326,12.492215156555176,15600
2025-01-24 00:00:00+00:00,12.443416964507435,12.658127164895077,12.443416964507435,12.54101276397705,10400
2025-01-27 00:00:00+00:00,12.521493284886255,12.794760221520496,11.994478013148951,12.687405586242676,14500
2025-01-28 00:00:00+00:00,12.44341701727647,12.872836489130279,12.44341701727647,12.687405586242676,23100
2025-01-29 00:00:00+00:00,12.59957027268056,13.11682580784705,12.59957027268056,13.097307205200195,21000
2025-01-30 00:00:00+00:00,12.726444492144536,13.233941193139826,12.726444492144536,13.028990745544434,18600
2025-01-31 00:00:00+00:00,12.882595879562775,13.204660706746157,12.755721715711367,13.155862808227539,88700
2025-02-03 00:00:00+00:00,13.077787074378676,13.077787074378676,12.609329463343727,12.911874771118164,10600
2025-02-04 00:00:00+00:00,12.706926120937055,12.921635408430626,12.550772642656366,12.61909008026123,24500
2025-02-05 00:00:00+00:00,12.648368313770451,12.824040393226703,12.550772507240849,12.609330177307129,15800
2025-02-06 00:00:00+00:00,12.550771777574386,12.980192184448242,12.550771777574386,12.980192184448242,12700
2025-02-07 00:00:00+00:00,12.863078164737882,13.087547210347692,12.550772151149472,13.00947093963623,27300
2025-02-10 00:00:00+00:00,12.921635151561413,12.960673287669895,12.794760976523197,12.81428050994873,16600
2025-02-11 00:00:00+00:00,12.814280957087334,13.038750014858039,12.61909026973398,12.98995304107666,16200
2025-02-12 00:00:00+00:00,12.980192821095427,13.009471190491144,12.619089829406315,12.81428050994873,22700
2025-02-13 00:00:00+00:00,12.755722772685978,12.95091438293457,12.755722772685978,12.95091438293457,10900
2025-02-14 00:00:00+00:00,12.99024909655255,13.00991590496875,12.84274475109689,13.000082969665527,9200
2025-02-18 00:00:00+00:00,12.882078126296841,12.980414034994038,12.783741279789973,12.813241958618164,14400
2025-02-19 00:00:00+00:00,12.705073051357097,13.059084035067546,12.685405305579426,12.9705810546875,13500
2025-02-20 00:00:00+00:00,12.950914133085595,12.950914133085595,12.64607064087461,12.695239067077637,7400
2025-02-21 00:00:00+00:00,12.64607022541862,12.764073881743325,12.616569545789869,12.685404777526855,21500
2025-02-24 00:00:00+00:00,12.606736494684377,12.606736494684377,12.341228485107422,12.341228485107422,18900
2025-02-25 00:00:00+00:00,12.341227306534389,12.508399382373929,12.311726627800843,12.449397087097168,13300
2025-02-26 00:00:00+00:00,12.321559689222518,12.724739074707031,12.183889228506642,12.724739074707031,20800
2025-02-27 00:00:00+00:00,12.587068934243003,13.06891743462756,12.213390218288746,12.823076248168945,16300
2025-02-28 00:00:00+00:00,12.970580264106607,13.354092843107757,12.793575251945033,13.01974868774414,17000
2025-03-03 00:00:00+00:00,12.744406639468277,13.078750789877777,12.744406639468277,12.901744842529297,9800
2025-03-04 00:00:00+00:00,13.02958212000364,13.02958212000364,12.419896125793457,12.419896125793457,15700
2025-03-05 00:00:00+00:00,12.52806617255607,12.773907349903604,12.48873162169285,12.67557144165039,13000
2025-03-06 00:00:00+00:00,12.646070616350984,12.646070616350984,12.390396488648566,12.62640380859375,10300
2025-03-07 00:00:00+00:00,12.4887318724146,12.823076030369034,12.390395962187212,12.636237144470215,11100
2025-03-10 00:00:00+00:00,12.449397149144788,12.449397149144788,12.292058944702148,12.292058944702148,20300
2025-03-11 00:00:00+00:00,12.213389515173324,12.272390871353295,12.193721771240234,12.193721771240234,9300
2025-03-12 00:00:00+00:00,12.154387867466022,12.390396118164062,12.075718763169908,12.390396118164062,19900
2025-03-13 00:00:00+00:00,12.45923095927824,12.655903713851325,12.272391139076557,12.449397087097168,13100
2025-03-14 00:00:00+00:00,12.46906511380682,12.67557174523708,12.459231241403073,12.478898048400879,11900
2025-03-17 00:00:00+00:00,12.547734222910902,12.852576765083034,12.508399671088378,12.773907661437988,13800
2025-03-18 00:00:00+00:00,12.61656924697687,13.000081824306251,12.61656924697687,12.882078170776367,9300
2025-03-19 00:00:00+00:00,12.911578550098998,13.078750623172933,12.400228458858805,12.85257625579834,24700
2025-03-20 00:00:00+00:00,13.02958276092795,13.255756200214273,12.842743873596191,12.842743873596191,14000
2025-03-21 00:00:00+00:00,12.518232605686741,12.823076085668564,12.518232605686741,12.773907661437988,17000
2025-03-24 00:00:00+00:00,12.665737780009428,12.970580319813987,12.567400932312012,12.567400932312012,12900
2025-03-25 00:00:00+00:00,12.655903776928172,12.813241981370812,12.292058944702148,12.292058944702148,20100
2025-03-26 00:00:00+00:00,12.419897594449465,12.577235813133552,12.341228485107422,12.341228485107422,8800
2025-03-27 00:00:00+00:00,12.557568095318954,12.773907661437988,12.518232605686741,12.773907661437988,20600
2025-03-28 00:00:00+00:00,12.469065714124703,12.734573717140842,12.439564095493116,12.606736183166504,10500
2025-03-31 00:00:00+00:00,12.528067286011558,12.665738695173463,12.419897495976329,12.429731369018555,11200
2025-04-01 00:00:00+00:00,12.469065625884024,12.537900859917794,12.400229454040527,12.400229454040527,13300
2025-04-02 00:00:00+00:00,12.50840026782375,12.626403928920894,12.41989728754846,12.606736183166504,13100
2025-04-03 00:00:00+00:00,12.71490712257484,12.71490712257484,12.006884206300366,12.429731369018555,48300
2025-04-04 00:00:00+00:00,12.06588582231052,12.183889478694255,11.672539363221706,11.800376892089844,20900
2025-04-07 00:00:00+00:00,11.623371056554404,11.908546796827931,11.623371056554404,11.780709266662598,8000
2025-04-08 00:00:00+00:00,11.780709335292363,11.780709335292363,11.534868146113709,11.623371124267578,16300
2025-04-09 00:00:00+00:00,11.593870870316003,12.05605258554729,11.348029672100813,11.997050285339355,75300
2025-04-10 00:00:00+00:00,12.124887927843577,12.124887927843577,11.249692916870117,11.249692916870117,16200
2025-04-11 00:00:00+00:00,11.043186090911554,11.446366440722912,10.984184728955569,11.131689071655273,34200
2025-04-14 00:00:00+00:00,11.475866641651525,11.741374634966421,11.220191583044809,11.574203491210938,11100
2025-04-15 00:00:00+00:00,11.751208725514322,11.751208725514322,11.466032981872559,11.466032981872559,8800
2025-04-16 00:00:00+00:00,11.407031938985934,11.73154224465723,11.348029638950361,11.564370155334473,9700
2025-04-17 00:00:00+00:00,11.967548879642546,12.036384110876497,11.662705399674195,11.888879776000977,15200
2025-04-21 00:00:00+00:00,11.397198066011715,11.997050250292952,11.397198066011715,11.564370155334473,11700
2025-04-22 00:00:00+00:00,11.564369605348771,12.095386529175515,11.564369605348771,11.86921215057373,17100
2025-04-23 00:00:00+00:00,11.898713702329157,12.203556245869253,11.387363588532013,12.02655029296875,54400
2025-04-24 00:00:00+00:00,11.908547303932329,12.252725356557493,11.908547303932329,11.997050285339355,17000
2025-04-25 00:00:00+00:00,11.731541621880837,12.134721014323366,11.731541621880837,12.02655029296875,7300
2025-04-28 00:00:00+00:00,12.006883339098335,12.10522018679867,11.97738265991211,11.97738265991211,20700
2025-04-29 00:00:00+00:00,12.046217765808105,12.292058944702148,11.928214112476125,12.292058944702148,17300
2025-04-30 00:00:00+00:00,11.997050188557425,12.282225938674104,11.997050188557425,12.085553169250488,17300
2025-05-01 00:00:00+00:00,12.056051952988723,12.469065219344987,12.056051952988723,12.095386505126953,15800
2025-05-02 00:00:00+00:00,12.282225289374368,12.52806647260993,12.056051850946302,12.478898048400879,37000
2025-05-05 00:00:00+00:00,12.587069235951777,12.587069235951777,12.075719105712272,12.262558937072754,9900
2025-05-06 00:00:00+00:00,12.23305725287108,12.321560231690382,12.124887466430664,12.124887466430664,12000
2025-05-07 00:00:00+00:00,12.183889764913438,12.262558871017326,12.095386786094137,12.124887466430664,7900
2025-05-08 00:00:00+00:00,12.105220497452711,12.262558707563242,12.065885944925078,12.075718879699707,42700
2025-05-09 00:00:00+00:00,12.204606616806842,12.224434892324432,11.996404523571005,12.045975685119629,19900
2025-05-12 00:00:00+00:00,12.293834995718504,12.293834995718504,11.837773323059082,11.837773323059082,19400
2025-05-13 00:00:00+00:00,11.92700269489536,12.00631768465537,11.897259810112672,11.936917304992676,18200
2025-05-14 00:00:00+00:00,11.847688202397235,12.075719516659962,11.847688202397235,12.045975685119629,14500
2025-05-15 00:00:00+00:00,11.996404233204306,12.2541774817495,11.798115809772082,11.927002906799316,34700
2025-05-16 00:00:00+00:00,11.877430294759497,12.026146605995807,11.798115306970494,11.817944526672363,17900
2025-05-19 00:00:00+00:00,11.788201838573892,11.927002596757195,11.788201838573892,11.897259712219238,10000
2025-05-20 00:00:00+00:00,11.877430589918038,11.976574799872681,11.79811560015803,11.936917304992676,10100
2025-05-21 00:00:00+00:00,11.917089207181238,12.105462074279785,11.798115775266155,12.105462074279785,10500
2025-05-22 00:00:00+00:00,12.18477729812067,12.194691908554649,11.847688107439675,12.006318092346191,15100
2025-05-23 00:00:00+00:00,11.94683212734625,12.065804614100019,11.758458314187491,11.927002906799316,20900
2025-05-27 00:00:00+00:00,11.946832145211749,11.966660420279057,11.827859658280067,11.837773323059082,22700
2025-05-28 00:00:00+00:00,11.907174968017985,11.986489961427004,11.758458646244097,11.867517471313477,10800
2025-05-29 00:00:00+00:00,11.956746912267588,12.115376896922998,11.768373096357323,12.095547676086426,14500
2025-05-30 00:00:00+00:00,12.045975179535375,12.095547284512698,11.857602315232667,11.936917304992676,11900
2025-06-02 00:00:00+00:00,12.006317842987473,12.006317842987473,11.708887100219727,11.708887100219727,22300
2025-06-03 00:00:00+00:00,11.808030060045088,11.808030060045088,11.589913368225098,11.589913368225098,20400
2025-06-04 00:00:00+00:00,11.65931534153164,11.68905822759161,11.560171127319336,11.560171127319336,25800
2025-06-05 00:00:00+00:00,11.579999605111846,11.659314593187194,11.55025577545166,11.55025577545166,12700
2025-06-06 00:00:00+00:00,11.679143500234911,11.778287713455414,11.461027743964669,11.609743118286133,17100
2025-06-09 00:00:00+00:00,11.738630137997577,11.798115909120735,11.480855941772461,11.480855941772461,29500
2025-06-10 00:00:00+00:00,11.42137013449494,11.748544711164497,11.42137013449494,11.65931510925293,21000
2025-06-11 00:00:00+00:00,11.649400165464918,11.77828725948011,11.629570945381388,11.71880054473877,20700
2025-06-12 00:00:00+00:00,11.530427932739258,11.64940041930509,11.520513322481452,11.530427932739258,23700
2025-06-13 00:00:00+00:00,11.55025591244242,11.629570901458479,11.411455154418945,11.411455154418945,12800
2025-06-16 00:00:00+00:00,11.431283872825427,11.56017097135886,11.302396774291992,11.302396774291992,31100
2025-06-17 00:00:00+00:00,11.223081925335368,11.381711911550676,11.163596153259277,11.163596153259277,27500
2025-06-18 00:00:00+00:00,11.203252877578924,11.490769944153099,11.203252877578924,11.33213996887207,17300
2025-06-20 00:00:00+00:00,11.27265394659394,11.748544847126531,11.27265394659394,11.520513534545898,41300
2025-06-23 00:00:00+00:00,11.609742411654725,11.6493999054273,11.272653241833224,11.421369552612305,72200
2025-06-24 00:00:00+00:00,11.52051324195987,11.599828232449394,11.351968650792315,11.401540756225586,26500
2025-06-25 00:00:00+00:00,11.490770391587198,11.609742877680588,11.223081588745117,11.223081588745117,40300
2025-06-26 00:00:00+00:00,11.282568690788322,11.43128406711879,11.282568690788322,11.381711959838867,25400
2025-06-27 00:00:00+00:00,11.411455284830888,11.599828149519468,11.262738969594288,11.272653579711914,1210100
2025-06-30 00:00:00+00:00,11.302396946430651,11.629571530187217,11.302396946430651,11.470941543579102,38500
2025-07-01 00:00:00+00:00,11.441198000694206,11.738629681265238,11.441198000694206,11.589913368225098,32000
2025-07-02 00:00:00+00:00,11.441198427605707,11.64940051722326,11.381711711068142,11.570085525512695,29600
2025-07-03 00:00:00+00:00,11.530427777704379,11.798115632500927,11.530427777704379,11.758458137512207,32200
2025-07-07 00:00:00+00:00,11.659314913963554,11.768372789190298,11.550256093227542,11.579999923706055,52300
2025-07-08 00:00:00+00:00,11.520513611008008,11.738630314595982,11.510599000501896,11.64940071105957,26100
2025-07-09 00:00:00+00:00,11.738630432039137,11.808030815257665,11.470941618751716,11.599828720092773,27300
2025-07-10 00:00:00+00:00,11.560170974300414,11.847688057099147,11.53042808863414,11.788202285766602,43000
2025-07-11 00:00:00+00:00,11.6593150119415,11.6593150119415,11.540342525555477,11.619657516479492,50400
2025-07-14 00:00:00+00:00,11.639485331392487,11.84768741071593,11.639485331392487,11.817944526672363,21100
2025-07-15 00:00:00+00:00,11.728715744571941,11.827859958956665,11.470941543579102,11.470941543579102,37700
2025-07-16 00:00:00+00:00,11.401540896209173,11.768372968104355,11.351968790167277,11.748544692993164,53600
2025-07-17 00:00:00+00:00,11.57008548944605,11.808030463836015,11.57008548944605,11.748544692993164,51900
2025-07-18 00:00:00+00:00,11.817944976200614,11.82785958642868,11.708887100219727,11.708887100219727,31200
2025-07-21 00:00:00+00:00,11.589913993532196,11.748544925102093,11.589913993532196,11.64940071105957,29700
2025-07-22 00:00:00+00:00,11.64940041930509,11.718800800091174,11.530427932739258,11.530427932739258,46300
2025-07-23 00:00:00+00:00,11.540342717539387,11.738630198148114,11.520513496723868,11.698972702026367,29100
2025-07-24 00:00:00+00:00,11.71880093626746,11.71880093626746,11.391626358032227,11.391626358032227,25200
2025-07-25 00:00:00+00:00,11.332140375924569,11.401540756225586,11.312311155547555,11.401540756225586,39000
2025-07-28 00:00:00+00:00,11.361883738621271,11.619657941303386,11.361883738621271,11.599828720092773,58500
2025-07-29 00:00:00+00:00,11.679143240425969,11.679143240425969,11.282568287384564,11.312311172485352,62300
2025-07-30 00:00:00+00:00,11.411455544978574,11.490770536709206,11.074366357368753,11.084280967712402,62100
2025-07-31 00:00:00+00:00,11.024794578552246,11.173510901595423,10.965308805742424,11.024794578552246,95100
2025-08-01 00:00:00+00:00,11.014879579751657,11.014879579751657,10.826506711813035,10.866164207458496,73300
2025-08-04 00:00:00+00:00,10.925651157003662,10.925651157003662,10.767020225524902,10.767020225524902,40100
2025-08-05 00:00:00+00:00,10.767019688347307,10.885992171888745,10.687704699319681,10.836421012878418,26400
2025-08-06 00:00:00+00:00,10.826506923327281,10.895907305685375,10.806677702362515,10.856249809265137,17000
2025-08-07 00:00:00+00:00,10.85624943488753,10.85624943488753,10.608389854431152,10.608389854431152,22900
2025-08-08 00:00:00+00:00,10.707534048296568,10.806677313020591,10.598475227938101,10.697619438171387,22900
2025-08-11 00:00:00+00:00,10.747191526980336,10.806677296622635,10.737276916870199,10.786849021911621,38700
2025-08-12 00:00:00+00:00,10.91573649866433,11.431283950805664,10.91573649866433,11.431283950805664,431300
2025-08-13 00:00:00+00:00,11.342053667870578,11.778287046736313,11.342053667870578,11.728714942932129,289700
2025-08-14 00:00:00+00:00,11.659314913963554,11.659314913963554,11.5304278184178,11.579999923706055,73700
2025-08-15 00:00:00+00:00,11.640000343322754,11.649999618530273,11.470000267028809,11.5,105400
2025-08-18 00:00:00+00:00,11.479999542236328,11.539999961853027,11.4399995803833,11.520000457763672,53300
2025-08-19 00:00:00+00:00,11.579999923706055,11.739999771118164,11.5600004196167,11.680000305175781,177300
2025-08-20 00:00:00+00:00,11.6899995803833,11.869999885559082,11.680000305175781,11.819999694824219,256000
2025-08-21 00:00:00+00:00,11.8100004196167,11.949999809265137,11.75,11.880000114440918,78000
2025-08-22 00:00:00+00:00,11.779999732971191,12.430000305175781,11.779999732971191,12.390000343322754,353900
2025-08-25 00:00:00+00:00,12.489999771118164,12.489999771118164,12.34000015258789,12.350000381469727,109900
2025-08-26 00:00:00+00:00,12.289999961853027,12.5,12.289999961853027,12.420000076293945,102500
2025-08-27 00:00:00+00:00,12.520000457763672,12.569999694824219,12.279999732971191,12.5,81700
2025-08-28 00:00:00+00:00,12.65999984741211,12.65999984741211,12.3100004196167,12.380000114440918,53400
2025-08-29 00:00:00+00:00,12.40999984741211,12.479999542236328,12.329999923706055,12.380000114440918,23000
2025-09-02 00:00:00+00:00,12.300000190734863,12.390000343322754,12.210000038146973,12.369999885559082,54800
2025-09-03 00:00:00+00:00,12.329999923706055,12.479999542236328,12.270000457763672,12.329999923706055,104300
2025-09-04 00:00:00+00:00,12.399999618530273,12.59000015258789,12.380000114440918,12.59000015258789,99900
2025-09-05 00:00:00+00:00,12.6899995803833,12.739999771118164,12.369999885559082,12.420000076293945,34400
2025-09-08 00:00:00+00:00,12.489999771118164,12.569999694824219,12.260000228881836,12.390000343322754,64900
2025-09-09 00:00:00+00:00,12.390000343322754,12.470000267028809,12.199999809265137,12.210000038146973,88300
2025-09-10 00:00:00+00:00,12.3100004196167,12.369999885559082,12.170000076293945,12.369999885559082,93400
2025-09-11 00:00:00+00:00,12.329999923706055,12.449999809265137,12.3100004196167,12.380000114440918,80100
2025-09-12 00:00:00+00:00,12.319999694824219,12.34000015258789,12.25,12.270000457763672,39000
2025-09-15 00:00:00+00:00,12.34000015258789,12.34000015258789,12.069999694824219,12.119999885559082,37500
2025-09-16 00:00:00+00:00,12.109999656677246,12.109999656677246,11.880000114440918,12.09000015258789,31100
2025-09-17 00:00:00+00:00,12.069999694824219,12.449999809265137,12.069999694824219,12.140000343322754,67400
2025-09-18 00:00:00+00:00,12.229999542236328,12.550000190734863,12.229999542236328,12.529999732971191,77300
2025-09-19 00:00:00+00:00,12.529999732971191,12.539999961853027,12.300000190734863,12.520000457763672,177300
2025-09-22 00:00:00+00:00,12.4399995803833,12.510000228881836,12.3100004196167,12.420000076293945,42000
2025-09-23 00:00:00+00:00,12.550000190734863,12.670000076293945,12.319999694824219,12.34000015258789,52400
2025-09-24 00:00:00+00:00,12.350000381469727,12.470000267028809,12.289999961853027,12.350000381469727,34600
2025-09-25 00:00:00+00:00,12.270000457763672,12.350000381469727,12.25,12.289999961853027,16200
2025-09-26 00:00:00+00:00,12.289999961853027,12.380000114440918,12.210000038146973,12.260000228881836,79500
