"('date', '')","('open', 'BFST')","('high', 'BFST')","('low', 'BFST')","('close', 'BFST')","('volume', 'BFST')"
2024-01-02 00:00:00+00:00,23.45346910805578,23.96207425232428,23.338312155748056,23.52064323425293,45900
2024-01-03 00:00:00+00:00,23.434274246225463,23.5206414964858,22.724144945474087,22.762529373168945,66700
2024-01-04 00:00:00+00:00,22.916071790450193,22.964054615205395,22.54181490914767,22.80091667175293,69800
2024-01-05 00:00:00+00:00,21.802895292864854,23.069614376860255,21.802895292864854,22.704952239990234,147200
2024-01-08 00:00:00+00:00,22.685758590698242,22.762529276118162,22.46504309891066,22.685758590698242,43000
2024-01-09 00:00:00+00:00,22.37867526269104,22.397868391132533,22.157959776686262,22.225133895874023,37500
2024-01-10 00:00:00+00:00,22.100382642229413,22.196344625547837,21.841280894411643,22.167556762695312,55900
2024-01-11 00:00:00+00:00,22.109979881911155,22.109979881911155,21.620566064538075,21.975629806518555,41400
2024-01-12 00:00:00+00:00,22.157958779339598,22.724143230377003,21.649351880677596,22.004417419433594,79700
2024-01-16 00:00:00+00:00,21.726122882868513,21.793297000029032,21.323076349547996,21.39984703063965,41200
2024-01-17 00:00:00+00:00,21.044784023444535,21.601371937632912,21.01599433068467,21.572582244873047,40600
2024-01-18 00:00:00+00:00,21.610966632099267,21.783701112998465,21.562983814984314,21.754911422729492,30400
2024-01-19 00:00:00+00:00,21.850876918918406,21.999619087601317,21.543794187028897,21.966032028198242,33900
2024-01-22 00:00:00+00:00,22.22513305262269,22.820107199232616,22.20593992490941,22.810510635375977,79300
2024-01-23 00:00:00+00:00,22.752932416636497,22.8968790514953,22.42665838060037,22.455446243286133,48700
2024-01-24 00:00:00+00:00,22.9640544645383,23.16557683611513,21.831685432751552,22.100383758544922,62300
2024-01-25 00:00:00+00:00,22.436253711708297,22.455446840914608,22.10518046950837,22.36907958984375,57900
2024-01-26 00:00:00+00:00,22.55140807516722,22.767326178128588,22.493830524496634,22.561004638671875,61600
2024-01-29 00:00:00+00:00,22.61858363467475,22.9160698008991,22.463124054894532,22.906475067138672,43300
2024-01-30 00:00:00+00:00,22.772124722850926,23.002436767806127,22.695354041199188,22.752931594848633,21300
2024-01-31 00:00:00+00:00,22.426658980727503,22.474639973392723,21.63975715637207,21.63975715637207,60300
2024-02-01 00:00:00+00:00,21.927646993179458,21.927646993179458,20.843259067145084,21.505407333374023,65200
2024-02-02 00:00:00+00:00,21.150342215936792,21.58217658059966,21.140745652674426,21.342267990112305,50200
2024-02-05 00:00:00+00:00,21.102361380509482,21.102361380509482,20.747297658258347,20.87204933166504,45800
2024-02-06 00:00:00+00:00,20.824068465513975,21.02079345614028,20.40182879159991,20.58415985107422,47900
2024-02-07 00:00:00+00:00,20.641736255646617,20.728103498460158,19.768469094182905,20.46900177001953,61300
2024-02-08 00:00:00+00:00,20.526581504281214,20.593755626865786,20.373040129700033,20.516984939575195,32600
2024-02-09 00:00:00+00:00,20.55537149504436,20.987207761259455,20.440214547267804,20.929628372192383,37200
2024-02-12 00:00:00+00:00,21.300045408755842,21.75491303076963,21.300045408755842,21.524600982666016,53900
2024-02-13 00:00:00+00:00,20.84326159159852,20.84326159159852,20.113939120095534,20.32505989074707,87700
2024-02-14 00:00:00+00:00,20.61486418330102,20.67282485961914,20.32505895917373,20.67282485961914,44100
2024-02-15 00:00:00+00:00,20.914329512325285,21.600204568152943,20.866029256543566,21.5422420501709,58100
2024-02-16 00:00:00+00:00,21.397341632960547,21.745109406343374,21.23311816692275,21.551904678344727,62800
2024-02-20 00:00:00+00:00,21.339382434310494,21.62435841451436,21.339382434310494,21.600208282470703,37400
2024-02-21 00:00:00+00:00,21.49394134503174,21.49394134503174,21.0495731050127,21.213794708251953,43800
2024-02-22 00:00:00+00:00,21.146175829865072,21.20413835270759,20.788749485020247,20.972291946411133,44600
2024-02-23 00:00:00+00:00,20.991613409399783,21.39734186863626,20.779089680289957,21.117197036743164,26200
2024-02-26 00:00:00+00:00,21.07855432237584,21.233117361899986,20.914330862564338,21.020593643188477,27900
2024-02-27 00:00:00+00:00,21.07855618641546,21.358702871912666,20.981953817535842,21.146177291870117,26600
2024-02-28 00:00:00+00:00,21.11719435261677,21.329718054713517,20.822558005765323,20.9046688079834,28000
2024-02-29 00:00:00+00:00,21.28142058704312,21.696807626112143,21.136516117618278,21.687149047851562,76600
2024-03-01 00:00:00+00:00,21.416663556225664,21.687149820581215,20.962634817789464,21.146177291870117,41600
2024-03-04 00:00:00+00:00,21.07855284852038,21.547073065744996,20.991610914550108,21.09787368774414,27600
2024-03-05 00:00:00+00:00,21.097873967389912,21.832049284794227,21.097873967389912,21.73544692993164,39500
2024-03-06 00:00:00+00:00,21.764430704339805,21.764430704339805,21.03025530209112,21.378021240234375,57100
2024-03-07 00:00:00+00:00,21.561561886083748,21.899669188431176,21.513261632549785,21.57122230529785,26600
2024-03-08 00:00:00+00:00,21.80306711829879,21.94796972329461,21.516160218362202,21.706464767456055,28300
2024-03-11 00:00:00+00:00,21.551902670078043,21.841709735070978,21.493941994094126,21.609865188598633,30200
2024-03-12 00:00:00+00:00,21.561564233985568,21.58088507451768,21.3297196752105,21.397340774536133,22700
2024-03-13 00:00:00+00:00,21.310396056657446,21.706464023250568,21.310396056657446,21.619522094726562,45200
2024-03-14 00:00:00+00:00,21.48428200980871,21.48428200980871,20.75010667649684,20.933650970458984,45700
2024-03-15 00:00:00+00:00,20.740447002371287,21.10753560349603,20.363699823486687,20.51826286315918,240300
2024-03-18 00:00:00+00:00,20.50859803549374,20.9433076427375,20.315395198691473,20.373355865478516,37000
2024-03-19 00:00:00+00:00,20.5762234016345,20.832219931401845,20.383020524634027,20.701807022094727,38200
2024-03-20 00:00:00+00:00,20.61486602588231,21.580885982699524,20.556905344383594,21.42632293701172,39800
2024-03-21 00:00:00+00:00,21.435979960330826,21.74510600271356,21.285280738288762,21.629182815551758,43600
2024-03-22 00:00:00+00:00,21.73544802510278,21.774089706009498,20.846709632152663,20.952972412109375,35200
2024-03-25 00:00:00+00:00,21.06889450399206,21.46496253440479,20.817729096955745,21.039915084838867,23600
2024-03-26 00:00:00+00:00,21.19447561349786,21.19447561349786,20.59554250740781,20.643844604492188,36400
2024-03-27 00:00:00+00:00,20.84670987114586,21.6581667541221,20.84670987114586,21.590545654296875,52600
2024-03-28 00:00:00+00:00,21.474620418757063,21.730616927109573,21.213794621961647,21.52292251586914,98700
2024-04-01 00:00:00+00:00,21.51326443772046,21.600206379447428,20.856370585799713,20.972291946411133,40800
2024-04-02 00:00:00+00:00,20.711466290884626,20.837048061826458,19.95797013762367,20.16083526611328,47800
2024-04-03 00:00:00+00:00,19.986949458835333,20.22845440014666,19.764763512501194,20.035249710083008,53000
2024-04-04 00:00:00+00:00,20.30573888906692,20.537583445662126,19.967631553080963,20.131855010986328,37300
2024-04-05 00:00:00+00:00,19.996611816397557,20.296077456748584,19.996611816397557,20.16083526611328,30900
2024-04-08 00:00:00+00:00,20.112534756562024,20.750107766407055,20.109636446171347,20.402341842651367,37300
2024-04-09 00:00:00+00:00,20.585883223483716,20.808069197254156,20.576222803533984,20.682485580444336,31300
2024-04-10 00:00:00+00:00,19.996611629272362,20.238116591739242,19.281755318938153,19.465299606323242,68700
2024-04-11 00:00:00+00:00,19.344546961770728,19.571562214184713,19.204473642513733,19.52326011657715,32500
2024-04-12 00:00:00+00:00,19.378357384042765,19.706804275512695,19.378357384042765,19.706804275512695,28300
2024-04-15 00:00:00+00:00,19.861368958509722,19.871029378774843,19.484621780853793,19.571563720703125,30200
2024-04-16 00:00:00+00:00,19.320398488549017,19.764766769367988,19.180325157298206,19.51360321044922,35200
2024-04-17 00:00:00+00:00,19.436320791001517,19.7116363093233,19.426660371099757,19.484621047973633,43400
2024-04-18 00:00:00+00:00,19.494283602751192,20.025593857776567,19.494283602751192,19.871030807495117,54400
2024-04-19 00:00:00+00:00,19.793748061602177,20.469962746781587,19.793748061602177,20.334718704223633,74900
2024-04-22 00:00:00+00:00,20.66316371154175,21.03991270067281,20.66316371154175,20.837047576904297,53100
2024-04-23 00:00:00+00:00,21.09787282432146,21.43598012675375,21.06889156667187,21.194475173950195,50900
2024-04-24 00:00:00+00:00,21.001271504409107,21.36836008248976,20.798408218525054,21.291078567504883,48200
2024-04-25 00:00:00+00:00,21.17515698532123,21.17515698532123,20.89018103165042,21.030254364013672,49600
2024-04-26 00:00:00+00:00,20.779086894682816,20.779086894682816,19.851706893949398,19.957969665527344,64600
2024-04-29 00:00:00+00:00,20.025591090277974,20.09321218511389,19.668164776849093,19.84204864501953,47000
2024-04-30 00:00:00+00:00,19.687483020513316,19.764764532017857,19.50394058227539,19.50394058227539,46300
2024-05-01 00:00:00+00:00,19.610203117082545,20.18015500211688,19.610203117082545,19.996612548828125,55900
2024-05-02 00:00:00+00:00,20.218794871437872,20.663163098594655,20.06423184959755,20.1898136138916,51700
2024-05-03 00:00:00+00:00,20.286415100097656,20.48927836668112,20.15600221049265,20.286415100097656,81000
2024-05-06 00:00:00+00:00,20.479624050856895,20.67282693886159,20.21879821738685,20.614866256713867,66200
2024-05-07 00:00:00+00:00,20.711468795170894,20.909502816490335,20.45064295951986,20.55690574645996,45900
2024-05-08 00:00:00+00:00,20.334718718608073,20.740447161495368,20.334718718608073,20.711467742919922,132500
2024-05-09 00:00:00+00:00,20.624525036439536,20.875690429144054,20.614864616427436,20.750106811523438,58700
2024-05-10 00:00:00+00:00,20.62452344774174,21.049572682849316,20.35403723584845,20.383018493652344,60500
2024-05-13 00:00:00+00:00,20.595545869431234,20.595545869431234,20.39268255617119,20.440982818603516,23300
2024-05-14 00:00:00+00:00,20.722990140482224,20.85913493494652,20.499326209673765,20.654918670654297,51000
2024-05-15 00:00:00+00:00,20.800787710578312,20.81051247186694,20.596573287942775,20.693819046020508,43800
2024-05-16 00:00:00+00:00,20.72298946265132,20.97485574758477,20.579067461096535,20.76188850402832,72000
2024-05-17 00:00:00+00:00,20.713266301617807,21.160596037950587,20.713266301617807,21.15087127685547,58700
2024-05-20 00:00:00+00:00,21.092526579729338,21.252980516103094,20.713268280029297,20.713268280029297,35200
2024-05-21 00:00:00+00:00,20.645194632450043,20.93693189810393,20.645194632450043,20.917482376098633,24100
2024-05-22 00:00:00+00:00,20.898032149303095,21.092523653179754,20.664643457536172,20.839685440063477,53000
2024-05-23 00:00:00+00:00,20.868859043626866,20.868859043626866,20.139518645190183,20.392356872558594,57800
2024-05-24 00:00:00+00:00,20.518776334302114,20.752165032635126,20.265938114072558,20.431255340576172,36000
2024-05-28 00:00:00+00:00,20.596573092394795,20.654919804764056,20.314560582127704,20.460430145263672,35600
2024-05-29 00:00:00+00:00,19.964477697789892,20.05686014344684,19.760261430010754,19.828332901000977,40900
2024-05-30 00:00:00+00:00,20.061722531694365,20.55767422821144,20.013100580094253,20.509052276611328,52600
2024-05-31 00:00:00+00:00,20.761890821930056,21.03417672273411,20.626719791228446,20.8591365814209,119700
2024-06-03 00:00:00+00:00,21.04389957797604,21.04389957797604,20.1881410525514,20.23676300048828,39600
2024-06-04 00:00:00+00:00,20.01310076845334,20.081172243257594,19.701915823743285,20.003376007080078,28200
2024-06-05 00:00:00+00:00,20.110347049966713,20.110347049966713,19.710667322816438,20.032550811767578,26400
2024-06-06 00:00:00+00:00,19.925580288690536,20.071448003462834,19.779712573918236,20.032550811767578,26500
2024-06-07 00:00:00+00:00,19.818609250605267,20.168693240808366,19.73109010786307,20.003376007080078,31400
2024-06-10 00:00:00+00:00,19.867231867331185,19.867231867331185,19.53659741968116,19.711639404296875,43600
2024-06-11 00:00:00+00:00,19.497700035061737,19.70191631942092,19.371281843645956,19.66301727294922,41600
2024-06-12 00:00:00+00:00,20.363185401253855,20.4993283551586,18.44745001086412,19.964479446411133,49200
2024-06-13 00:00:00+00:00,19.906128446115027,19.906128446115027,19.429626310812964,19.565771102905273,21000
2024-06-14 00:00:00+00:00,19.390731282472565,19.48311373522777,19.079546331288064,19.176790237426758,32300
2024-06-17 00:00:00+00:00,19.10871663378062,19.565771102905273,18.866575105489904,19.565771102905273,25000
2024-06-18 00:00:00+00:00,19.784571024618707,20.04227253157394,19.721362865855955,19.857505798339844,30300
2024-06-20 00:00:00+00:00,19.69219069140539,19.959615132302275,19.67274116902526,19.721364974975586,16500
2024-06-21 00:00:00+00:00,19.71164001490799,19.71164001490799,19.3323817515561,19.48797607421875,105800
2024-06-24 00:00:00+00:00,19.750537982474572,19.993651454924365,19.562855464951557,19.682466506958008,29200
2024-06-25 00:00:00+00:00,19.50742462940055,19.867233386943873,19.50742462940055,19.799161911010742,43200
2024-06-26 00:00:00+00:00,19.653290346606127,20.168691526735206,19.653290346606127,19.867231369018555,38100
2024-06-27 00:00:00+00:00,19.993653029565063,20.45556903456052,19.92558154868739,20.440982818603516,28500
2024-06-28 00:00:00+00:00,20.499327906234893,21.18977113193571,20.484741691438426,21.16059684753418,288500
2024-07-01 00:00:00+00:00,21.228667308949305,21.228667308949305,20.72299086566271,20.917482376098633,36300
2024-07-02 00:00:00+00:00,20.995277404785156,21.102247914868727,20.74243919764751,20.995277404785156,44700
2024-07-03 00:00:00+00:00,20.907756883449775,20.907756883449775,20.4215299791835,20.654918670654297,19400
2024-07-05 00:00:00+00:00,20.57712620571686,20.611161946859262,19.964481010344823,19.983928680419922,44200
2024-07-08 00:00:00+00:00,20.25621051537482,20.41666626632985,20.120067590788665,20.304832458496094,31400
2024-07-09 00:00:00+00:00,20.275660503239934,20.62574258238374,20.227036704186432,20.58684539794922,11800
2024-07-10 00:00:00+00:00,20.664643483294864,21.07307415809821,20.529472462922712,21.024452209472656,29500
2024-07-11 00:00:00+00:00,21.316188234177847,22.303228287645755,21.199492957332257,22.27891731262207,117500
2024-07-12 00:00:00+00:00,22.59010080864895,22.59010080864895,22.05525197288863,22.123323440551758,72000
2024-07-15 00:00:00+00:00,22.40533876366691,22.765145668252853,22.103876718971147,22.619277954101562,103000
2024-07-16 00:00:00+00:00,22.8526662222989,24.000162099592217,22.560930799682346,23.63062858581543,166700
2024-07-17 00:00:00+00:00,23.377792328999636,24.31134717002029,21.46205698492454,23.747323989868164,159100
2024-07-18 00:00:00+00:00,23.484760010257865,23.951537411190174,22.917819239970534,23.13467788696289,87400
2024-07-19 00:00:00+00:00,23.163850295765453,23.620904790084353,22.935323048606005,22.94991111755371,53100
2024-07-22 00:00:00+00:00,22.98880898385669,23.679252198778073,22.677624040999724,23.397239685058594,164000
2024-07-23 00:00:00+00:00,23.08605590840494,24.31134807390689,22.993673453455212,24.243276596069336,113600
2024-07-24 00:00:00+00:00,24.08768503677592,24.69060545334365,23.9272292430516,24.000164031982422,158500
2024-07-25 00:00:00+00:00,24.194651259509936,25.030962173990716,24.194651259509936,24.525285720825195,104700
2024-07-26 00:00:00+00:00,24.739226960698588,25.945069536363572,24.59530309059717,25.497739791870117,130600
2024-07-29 00:00:00+00:00,25.507464360472788,25.507464360472788,24.63225625545035,24.710052490234375,66200
2024-07-30 00:00:00+00:00,24.933718765421602,25.235180826362733,24.500977053035875,24.807300567626953,134700
2024-07-31 00:00:00+00:00,24.78784762412618,25.560948484435784,22.337263555053276,24.719776153564453,116000
2024-08-01 00:00:00+00:00,24.70032730316751,25.05041128106397,23.387514240864295,23.504209518432617,88900
2024-08-02 00:00:00+00:00,22.531757282902003,22.619278283629548,22.069841302353,22.230297088623047,96900
2024-08-05 00:00:00+00:00,21.150871688862473,21.675997669376823,20.791062940568356,21.248117446899414,81800
2024-08-06 00:00:00+00:00,21.218941441741514,21.578750160847544,20.966103233279405,21.296737670898438,78100
2024-08-07 00:00:00+00:00,21.627374908769117,21.695446386244075,20.859137278226292,20.936933517456055,43200
2024-08-08 00:00:00+00:00,21.218943039087787,21.228667800315527,20.8785838153511,21.13142204284668,48700
2024-08-09 00:00:00+00:00,21.08279744054574,21.08279744054574,20.65491727437,20.86885643005371,46000
2024-08-12 00:00:00+00:00,20.995279912557987,21.267567673108385,20.397220984835506,20.863998413085938,66800
2024-08-13 00:00:00+00:00,21.121696314086144,21.30646305933239,20.78133896074894,21.257841110229492,67000
2024-08-14 00:00:00+00:00,21.393982482973733,21.393982482973733,20.7910603423379,20.985551834106445,61300
2024-08-15 00:00:00+00:00,21.563051274713406,21.93499594709489,21.465170508217117,21.641355514526367,60000
2024-08-16 00:00:00+00:00,21.53368505951922,22.096498029433832,21.53368505951922,21.964359283447266,192100
2024-08-19 00:00:00+00:00,22.11117927195986,22.350985171373374,21.99861705247104,22.3363037109375,51300
2024-08-20 00:00:00+00:00,22.33630076929037,22.33630076929037,21.837110644090885,22.21884536743164,55600
2024-08-21 00:00:00+00:00,22.42439576255122,22.473335207646763,22.160118278426904,22.395030975341797,75500
2024-08-22 00:00:00+00:00,22.414609199370695,22.585901004030827,22.140545298986968,22.38524627685547,44800
2024-08-23 00:00:00+00:00,22.453761000513488,24.078575253649316,22.453761000513488,23.628324508666992,116400
2024-08-26 00:00:00+00:00,23.824084419686077,23.88281212440203,23.324894262300305,23.716415405273438,51200
2024-08-27 00:00:00+00:00,23.589172614160248,23.667476845676887,23.24267596964207,23.598960876464844,52100
2024-08-28 00:00:00+00:00,23.530443384495072,24.000268743190475,23.5010785994816,23.765356063842773,45600
2024-08-29 00:00:00+00:00,24.068789288936955,24.068789288936955,23.579387313752257,23.794723510742188,59400
2024-08-30 00:00:00+00:00,24.029635119915245,24.181350397274812,23.667478720556684,23.90239143371582,42700
2024-09-03 00:00:00+00:00,23.647899438618147,23.824084419686077,22.791446121586887,23.716415405273438,56600
2024-09-04 00:00:00+00:00,23.706629330653765,23.93175564218992,23.412988913060857,23.42277717590332,52200
2024-09-05 00:00:00+00:00,23.618535092383084,23.833873125216183,23.290636712452834,23.65768814086914,52200
2024-09-06 00:00:00+00:00,23.716416947846948,23.81919090451455,23.305319254256343,23.550020217895508,75300
2024-09-09 00:00:00+00:00,23.628326313172263,24.284125022070004,23.496187558365964,24.15688133239746,110600
2024-09-10 00:00:00+00:00,24.010058589836937,24.372214960976653,23.882813046632062,24.284122467041016,73400
2024-09-11 00:00:00+00:00,24.07857532817879,24.098151853438658,23.403200142074937,24.010059356689453,52300
2024-09-12 00:00:00+00:00,24.21560584787494,24.362426044854132,23.69879755967933,24.33306312561035,69000
2024-09-13 00:00:00+00:00,24.470098644085684,25.1846250764321,24.460310380597605,25.08674430847168,77300
2024-09-16 00:00:00+00:00,25.18462357688266,25.556570099601633,24.890983157405795,25.331443786621094,136500
2024-09-17 00:00:00+00:00,25.63487283877211,26.055758784516172,25.370595356525353,25.576143264770508,107800
2024-09-18 00:00:00+00:00,25.52720376093185,26.28088315659309,25.067166633838436,25.497838973999023,132900
2024-09-19 00:00:00+00:00,26.085122561076577,26.192791583361238,25.292291955224627,26.0655460357666,67900
2024-09-20 00:00:00+00:00,25.90893764351361,25.95787895693284,25.15526008605957,25.15526008605957,360900
2024-09-23 00:00:00+00:00,25.165047335267246,25.223776913362073,24.69326537957931,25.037803649902344,61900
2024-09-24 00:00:00+00:00,24.998652608415263,25.0769568460714,24.753951632374804,24.89098358154297,84600
2024-09-25 00:00:00+00:00,24.930132292623565,24.939920554724146,24.66585668358834,24.793100357055664,62200
2024-09-26 00:00:00+00:00,25.086740752392625,25.233562816981213,24.66585668358834,24.793100357055664,72500
2024-09-27 00:00:00+00:00,25.106318643267723,25.184622877414782,24.597340187851753,24.695220947265625,32500
2024-09-30 00:00:00+00:00,24.63649075827813,25.292289353336848,24.460305782453393,25.125892639160156,62100
2024-10-01 00:00:00+00:00,24.930131204893414,24.930131204893414,24.010057010624102,24.068784713745117,59900
2024-10-02 00:00:00+00:00,24.088363516248954,24.313487955280017,23.587214925900636,23.628324508666992,32900
2024-10-03 00:00:00+00:00,23.471715984207783,23.735993472998928,23.29553099168035,23.550020217895508,47600
2024-10-04 00:00:00+00:00,23.980694202850437,24.09325642099666,23.79472094956007,23.84366226196289,47500
2024-10-07 00:00:00+00:00,23.775147084605972,23.779062016344756,23.550020773883627,23.64790153503418,26200
2024-10-08 00:00:00+00:00,23.76535962779401,23.80451081342989,23.41298962246959,23.45214080810547,31100
2024-10-09 00:00:00+00:00,23.35425853384585,23.931752907109537,23.35425853384585,23.921964645385742,102500
2024-10-10 00:00:00+00:00,23.67726496401412,24.058997856971644,23.53044476417816,24.049209594726562,67800
2024-10-11 00:00:00+00:00,24.127514538081932,24.890982213456912,24.127514538081932,24.68543243408203,65000
2024-10-14 00:00:00+00:00,24.695222106474834,25.135684611052742,24.55819015701517,24.969287872314453,50600
2024-10-15 00:00:00+00:00,25.11610678511697,25.899149122821864,24.949710054989655,25.145471572875977,92300
2024-10-16 00:00:00+00:00,25.488054436006113,25.938303333599695,25.47924443920821,25.72296714782715,85200
2024-10-17 00:00:00+00:00,25.762116091393892,26.271094522845775,25.517415137840498,26.241729736328125,54500
2024-10-18 00:00:00+00:00,26.271093447163086,26.359185936188926,25.50273263381995,25.517414093017578,45000
2024-10-21 00:00:00+00:00,25.517414824089435,25.527203086141633,24.592445529737855,24.636491775512695,50400
2024-10-22 00:00:00+00:00,24.528823683075466,24.90077018737793,24.528823683075466,24.90077018737793,36700
2024-10-23 00:00:00+00:00,24.675645226127124,24.89098327723911,24.352640016379418,24.80289077758789,42300
2024-10-24 00:00:00+00:00,24.97907412259831,25.008437042590582,24.470095684303953,24.509248733520508,42100
2024-10-25 00:00:00+00:00,25.390171763283245,25.566356750629566,24.90076985039686,25.41953468322754,75200
2024-10-28 00:00:00+00:00,25.752326943426713,26.241728833699693,25.674022715659838,25.977453231811523,72400
2024-10-29 00:00:00+00:00,25.762116999633534,26.231942398958846,25.644661583262298,25.89914894104004,71200
2024-10-30 00:00:00+00:00,25.859997081130647,27.132441304400064,25.859997081130647,26.554946899414062,141700
2024-10-31 00:00:00+00:00,26.55494865420901,26.564736917117308,25.63487434387207,25.63487434387207,77700
2024-11-01 00:00:00+00:00,25.791481922957306,25.967666915361814,25.46847672585578,25.752328872680664,101000
2024-11-04 00:00:00+00:00,25.536992970433683,25.87467963154565,25.409747422591924,25.458688735961914,93400
2024-11-05 00:00:00+00:00,25.468477054784575,25.60550899868222,25.155260116206968,25.5369930267334,91300
2024-11-06 00:00:00+00:00,26.52558459731348,29.05089844506243,26.496219809845172,28.933441162109375,302200
2024-11-07 00:00:00+00:00,28.630012212301484,28.70831644453012,27.48481164913262,27.63163185119629,131700
2024-11-08 00:00:00+00:00,27.85675554121291,28.512554168701172,27.475022652662464,28.512554168701172,112300
2024-11-11 00:00:00+00:00,28.83556017735915,29.65286235305772,28.83556017735915,29.227083206176758,116000
2024-11-12 00:00:00+00:00,29.197718183078432,29.655798778912114,28.835559944423732,28.91386604309082,100400
2024-11-13 00:00:00+00:00,28.89428874507545,29.207505663680045,26.68219192378037,27.974212646484375,168500
2024-11-14 00:00:00+00:00,28.209126616580445,28.277642587271902,27.651208721612658,28.101457595825195,147700
2024-11-15 00:00:00+00:00,28.278507235276585,28.78997981639718,27.59982253633074,27.73752784729004,88400
2024-11-18 00:00:00+00:00,27.747362476997136,27.956870563402138,27.56047977807753,27.65884017944336,64700
2024-11-19 00:00:00+00:00,27.26539771941098,27.540806459389557,24.716889911909014,27.35392189025879,65100
2024-11-20 00:00:00+00:00,27.334251803642843,27.535889779522794,26.81294299660436,27.216218948364258,69400
2024-11-21 00:00:00+00:00,27.442445603146933,27.89490267727052,27.196545549577394,27.491626739501953,70700
2024-11-22 00:00:00+00:00,27.50146149827177,28.130966920465557,27.30474257814191,27.914573669433594,92400
2024-11-25 00:00:00+00:00,28.239161650255838,28.903092929911907,28.052278957672844,28.47522735595703,196500
2024-11-26 00:00:00+00:00,28.426046586566432,28.63260361270942,28.09654140638051,28.36703109741211,108400
2024-11-27 00:00:00+00:00,28.622767789383527,28.79489708354302,28.22932806268426,28.248998641967773,88400
2024-11-29 00:00:00+00:00,28.435882062904728,28.6827651765389,27.796542298428232,28.03260612487793,63500
2024-12-02 00:00:00+00:00,27.904740482055413,28.4162111965825,27.580152468036715,28.13096809387207,87200
2024-12-03 00:00:00+00:00,28.101457448689764,28.12604707850657,27.526052231488833,27.589984893798828,53100
2024-12-04 00:00:00+00:00,27.678509447169123,28.06211480670984,27.349004275687836,28.03260612487793,117300
2024-12-05 00:00:00+00:00,28.0719518031481,28.248998270784988,27.7375275708308,27.81621551513672,89900
2024-12-06 00:00:00+00:00,28.03260664584842,28.056213216538957,27.55064275671469,27.885066986083984,92400
2024-12-09 00:00:00+00:00,28.00309852047741,28.273590090839207,27.693265791629777,27.727691650390625,89600
2024-12-10 00:00:00+00:00,27.50146319341497,28.327687586665682,27.491628841460575,27.97359275817871,89900
2024-12-11 00:00:00+00:00,28.347358888509092,28.553915916445842,27.973591619194455,28.298179626464844,136100
2024-12-12 00:00:00+00:00,28.170310295452502,28.485062072329516,27.806379256964174,27.826051712036133,70800
2024-12-13 00:00:00+00:00,27.69818216109402,27.69818216109402,27.157202788256214,27.412939071655273,82500
2024-12-16 00:00:00+00:00,27.530970355770645,27.609658299537188,27.245727263142637,27.32441520690918,124100
2024-12-17 00:00:00+00:00,27.11785889444225,27.398184818729806,26.420486669628172,26.576879501342773,158900
2024-12-18 00:00:00+00:00,26.793269760255704,26.901466384767687,24.944102172637688,25.2490177154541,190700
2024-12-19 00:00:00+00:00,25.6818037414246,26.144095194584846,25.101479429974162,25.39655876159668,198900
2024-12-20 00:00:00+00:00,25.150658295889496,25.996555118077833,25.071970350295366,25.509672164916992,473400
2024-12-23 00:00:00+00:00,25.435903673049623,25.593279566724117,25.23623181195635,25.39655876159668,83700
2024-12-24 00:00:00+00:00,25.376885905198563,25.612951618051735,25.209673786300918,25.514591217041016,26000
2024-12-26 00:00:00+00:00,25.38672131143818,25.770326675360355,25.29819714099987,25.750654220581055,34300
2024-12-27 00:00:00+00:00,25.583443715082275,25.839180015081258,25.003119395097787,25.288362503051758,55200
2024-12-30 00:00:00+00:00,25.190002014730286,25.426065840342137,24.924429507391263,25.308032989501953,47400
2024-12-31 00:00:00+00:00,25.278526306152344,25.59327807515772,25.012953797528358,25.278526306152344,85900
2025-01-02 00:00:00+00:00,25.43590274037493,25.750654516182713,24.57033348083496,24.57033348083496,99900
2025-01-03 00:00:00+00:00,24.835905810039662,24.835905810039662,24.137550547181153,24.629350662231445,96600
2025-01-06 00:00:00+00:00,24.570333665500396,24.99328207094661,24.49164572095705,24.521154403686523,109700
2025-01-07 00:00:00+00:00,24.530990222734818,24.688366109200643,23.901484800802958,24.088369369506836,141700
2025-01-08 00:00:00+00:00,23.842469953121746,24.098206244518334,23.67525783474969,23.901485443115234,59600
2025-01-10 00:00:00+00:00,23.468702186252468,23.468702186252468,22.5736261232961,22.957229614257812,67900
2025-01-13 00:00:00+00:00,22.632641071867646,23.212965346228497,22.632641071867646,23.114604949951172,72300
2025-01-14 00:00:00+00:00,23.301489789895847,24.25558133007296,23.301489789895847,24.137550354003906,131600
2025-01-15 00:00:00+00:00,24.61951519916367,25.1359049607851,24.393285713404694,24.95393943786621,148100
2025-01-16 00:00:00+00:00,24.727710755031545,24.845743615610942,24.41295896157805,24.71787452697754,101200
2025-01-17 00:00:00+00:00,24.855580188427776,25.190004442627963,24.688368061327683,25.16049575805664,119900
2025-01-21 00:00:00+00:00,25.33754259546261,25.770327229571876,25.332623543627726,25.593278884887695,144600
2025-01-22 00:00:00+00:00,25.406394406332005,25.42606686160695,24.9342667361448,25.022790908813477,123700
2025-01-23 00:00:00+00:00,24.865415018751076,25.53426161348198,24.791644249504316,25.022790908813477,176600
2025-01-24 00:00:00+00:00,25.91786867723609,27.23589324951172,25.81950827051562,27.23589324951172,250300
2025-01-27 00:00:00+00:00,27.108022167400836,27.835886121975,26.763761707192742,27.25556182861328,216600
2025-01-28 00:00:00+00:00,27.275231906594588,27.412937204317473,26.75884219932191,26.842449188232422,132700
2025-01-29 00:00:00+00:00,26.86212121710483,27.344085095007657,26.72441778800931,26.970317840576172,101500
2025-01-30 00:00:00+00:00,27.344085966893605,27.353922194438137,26.53753406892777,26.72441864013672,106800
2025-01-31 00:00:00+00:00,26.67523999561311,26.812943432285167,26.375241614804462,26.54737091064453,92100
2025-02-03 00:00:00+00:00,25.829344572957453,26.468684404373146,25.671968672180324,26.14409637451172,94900
2025-02-04 00:00:00+00:00,26.114585875562263,26.74409131101144,25.868685813170643,26.665403366088867,80600
2025-02-05 00:00:00+00:00,26.783435077122974,26.999828338623047,26.37032288597669,26.999828338623047,73200
2025-02-06 00:00:00+00:00,27.09818509218822,27.555559340887722,26.970317890088857,27.501461029052734,63500
2025-02-07 00:00:00+00:00,27.47195589476194,27.61949556033549,26.67524019980986,27.029335021972656,64600
2025-02-10 00:00:00+00:00,27.07851647260493,27.33425277137201,26.753928454182997,26.940811157226562,97400
2025-02-11 00:00:00+00:00,26.74409226746994,27.501463060910115,26.635895635806207,27.471956253051758,66400
2025-02-12 00:00:00+00:00,26.95064732308755,27.447366515570746,26.901468059467017,26.96048355102539,103200
2025-02-13 00:00:00+00:00,27.127693449404614,27.137529676535895,26.719500341833125,27.04900550842285,54600
2025-02-14 00:00:00+00:00,27.09843785715448,27.385142411393197,26.900710448323064,27.128097534179688,60400
2025-02-18 00:00:00+00:00,27.068777251608637,27.385141472020553,27.058892578607622,27.286277770996094,114500
2025-02-19 00:00:00+00:00,26.97980163283166,27.345594870344186,26.92048228161214,27.266504287719727,87800
2025-02-20 00:00:00+00:00,27.068778144404188,27.098437821390252,26.445940013043394,26.811735153198242,67800
2025-02-21 00:00:00+00:00,27.108325704880784,27.108325704880784,25.961511204743495,25.99117088317871,91200
2025-02-24 00:00:00+00:00,26.099918503543247,26.139464740301445,25.49685347832754,25.63526153564453,137400
2025-02-25 00:00:00+00:00,25.842873588301792,26.28775932291619,25.659976957701808,26.001054763793945,97300
2025-02-26 00:00:00+00:00,26.04060076021419,26.20866849333232,25.66491905763563,25.88241958618164,66400
2025-02-27 00:00:00+00:00,25.763782866246544,26.00105462824785,25.653056421112936,25.78355598449707,60500
2025-02-28 00:00:00+00:00,25.92196356811511,26.303577577850216,25.64514746033003,26.22844123840332,119500
2025-03-03 00:00:00+00:00,26.248213086208978,26.51020219022339,25.803329237262933,26.001054763793945,77800
2025-03-04 00:00:00+00:00,25.615488186242207,25.788498256328083,25.042080958098293,25.15083122253418,70500
2025-03-05 00:00:00+00:00,25.051967683844037,25.29912600599272,24.65157052312256,25.00253677368164,78000
2025-03-06 00:00:00+00:00,24.745491736289306,24.883899792405714,24.389583151226155,24.785036087036133,56700
2025-03-07 00:00:00+00:00,24.73560446901129,24.933329988421278,24.340151544523028,24.74549102783203,61400
2025-03-10 00:00:00+00:00,24.419243563007633,24.42912823674039,23.72719949027395,23.776630401611328,100200
2025-03-11 00:00:00+00:00,23.924926194095494,24.023788013824575,22.985723821322505,23.737085342407227,123100
2025-03-12 00:00:00+00:00,23.737086049675106,24.04257375819773,23.52947207358764,23.776630401611328,82300
2025-03-13 00:00:00+00:00,23.756859706241155,24.0485066153376,23.569018844704008,23.648109436035156,47300
2025-03-14 00:00:00+00:00,23.90515340747638,24.196800305326686,23.450381110607328,24.122652053833008,53400
2025-03-17 00:00:00+00:00,24.12265142145434,24.389582857031897,24.05146932816666,24.35003662109375,67200
2025-03-18 00:00:00+00:00,24.251173326841307,24.434069942754746,24.122649953531603,24.320377349853516,61700
2025-03-19 00:00:00+00:00,24.300604686676543,24.765261625337548,24.02971901606661,24.607080459594727,56600
2025-03-20 00:00:00+00:00,24.310493703381905,24.676286979023505,24.310493703381905,24.429128646850586,35700
2025-03-21 00:00:00+00:00,24.261061955721175,24.468674042475914,24.023788305618098,24.17208480834961,173600
2025-03-24 00:00:00+00:00,24.6268554686705,25.032194972734928,24.54974294585576,24.972877502441406,67200
2025-03-25 00:00:00+00:00,24.809751541961443,24.992650056879086,24.6476161211296,24.785036087036133,67000
2025-03-26 00:00:00+00:00,24.883899060289217,25.13105737360728,24.715831331806204,25.111284255981445,136500
2025-03-27 00:00:00+00:00,25.111284683365074,25.2496946234333,24.893786042784022,25.081626892089844,110400
2025-03-28 00:00:00+00:00,25.042080834958266,25.09151174454878,24.01390320726259,24.20174217224121,105100
2025-03-31 00:00:00+00:00,24.043561528855804,24.310492972133808,23.717312615627698,24.07322120666504,137700
2025-04-01 00:00:00+00:00,23.86560717050152,24.211629201358075,23.672823979419995,24.122652053833008,115400
2025-04-02 00:00:00+00:00,23.756858067776673,24.468673340664505,23.756858067776673,24.44890022277832,148700
2025-04-03 00:00:00+00:00,22.98572469845344,23.02527093638882,22.184932236946086,22.264022827148438,116200
2025-04-04 00:00:00+00:00,21.18641048721077,21.65106742793095,19.84186868677009,21.581863403320312,143200
2025-04-07 00:00:00+00:00,21.09743374143389,22.610043295325458,20.86016198731393,21.552204132080078,179600
2025-04-08 00:00:00+00:00,22.194817592021685,22.33619180219898,21.038116594538266,21.255615234375,161300
2025-04-09 00:00:00+00:00,20.968910595585506,23.0153830332226,20.69209448887254,22.402429580688477,177300
2025-04-10 00:00:00+00:00,21.848795404107445,22.901690353077694,20.879935262711534,21.40390968322754,143100
2025-04-11 00:00:00+00:00,21.255614001052002,21.927884885117766,20.929365117392816,21.34459114074707,99000
2025-04-14 00:00:00+00:00,21.55220465644089,22.34410049862158,21.15180938660179,21.789478302001953,121600
2025-04-15 00:00:00+00:00,21.59175030980634,22.362884922895237,21.59175030980634,21.967430114746094,102800
2025-04-16 00:00:00+00:00,21.967432166807,22.293681094038398,21.75586582349237,22.184932708740234,74600
2025-04-17 00:00:00+00:00,22.194817800677914,22.580384174907707,22.006976950249,22.471633911132812,101400
2025-04-21 00:00:00+00:00,22.214589301435986,22.644646139376224,21.987204097767478,22.224475860595703,149000
2025-04-22 00:00:00+00:00,22.51117997910478,23.163677785542458,22.362885365945004,22.9857234954834,116500
2025-04-23 00:00:00+00:00,23.529472245531135,23.92492708179357,22.946178436279297,22.946178436279297,145400
2025-04-24 00:00:00+00:00,22.847315773742366,23.499813589674567,22.125612044038157,23.37129020690918,187400
2025-04-25 00:00:00+00:00,22.026750068329587,22.783053921062898,21.997090391208708,22.471633911132812,189100
2025-04-28 00:00:00+00:00,22.471633545251446,22.87697303096212,22.392542959885176,22.817655563354492,141500
2025-04-29 00:00:00+00:00,22.84731523963409,23.18345069885254,22.649587833387365,23.18345069885254,115700
2025-04-30 00:00:00+00:00,22.787996292114258,23.064814288654937,22.352999007695328,22.787996292114258,95000
2025-05-01 00:00:00+00:00,22.79788281048063,22.995610219895124,22.481520463952105,22.83742904663086,108900
2025-05-02 00:00:00+00:00,23.14390496382778,23.42072296142578,22.867086966229778,23.42072296142578,126300
2025-05-05 00:00:00+00:00,23.2328816862442,23.63822117332095,23.191359270212086,23.450380325317383,77900
2025-05-06 00:00:00+00:00,23.084587297490668,23.39106308407787,22.936292683701268,23.252655029296875,79300
2025-05-07 00:00:00+00:00,23.381175013278057,23.58878896769387,23.12413015268468,23.222993850708008,73000
2025-05-08 00:00:00+00:00,23.42072345774475,23.7568589313554,23.222996043031998,23.657995223999023,55200
2025-05-09 00:00:00+00:00,23.64810823706419,23.7370853835091,23.470153944174363,23.687652587890625,73100
2025-05-12 00:00:00+00:00,24.765263347555443,24.794923025320394,23.73708569872592,24.439014434814453,109600
2025-05-13 00:00:00+00:00,24.70594566670912,24.819638268667966,24.48350279954253,24.636741638183594,99800
2025-05-14 00:00:00+00:00,24.54776388626096,24.681229603271234,24.35992303798706,24.498332977294922,100200
2025-05-15 00:00:00+00:00,24.51821819835356,24.74689536773576,24.37902372940481,24.627586364746094,67800
2025-05-16 00:00:00+00:00,24.567930194123992,24.876149230193565,24.036006301283905,24.35913848876953,107000
2025-05-19 00:00:00+00:00,24.09068931691559,24.478448303983377,24.084725194443045,24.388965606689453,77700
2025-05-20 00:00:00+00:00,24.359137926858143,24.501315403374424,24.21000072699059,24.269655227661133,51300
2025-05-21 00:00:00+00:00,23.99126482606567,24.28456881281362,23.533910485445766,23.593564987182617,55200
2025-05-22 00:00:00+00:00,23.4146001317572,23.87195637942779,23.40465929488786,23.61345100402832,103300
2025-05-23 00:00:00+00:00,23.116325161785046,23.523967733357544,23.116325161785046,23.454370498657227,78000
2025-05-27 00:00:00+00:00,23.742701744166734,24.190115239753133,23.399685995138746,24.130460739135742,83000
2025-05-28 00:00:00+00:00,24.080747566808064,24.08571988151746,23.767560009883244,23.802358627319336,67400
2025-05-29 00:00:00+00:00,23.81230084165265,24.040978007360668,23.583621779562254,23.99126434326172,57900
2025-05-30 00:00:00+00:00,23.91172460057215,23.91172460057215,23.21575036412352,23.653221130371094,95300
2025-06-02 00:00:00+00:00,23.55379536747778,23.663161635219907,22.973153427467086,23.364887237548828,54500
2025-06-03 00:00:00+00:00,23.305233569788616,23.663162480503185,22.748451892886056,23.464313507080078,63300
2025-06-04 00:00:00+00:00,23.494139754495666,23.65819200615446,22.997014477540443,23.11632537841797,70100
2025-06-05 00:00:00+00:00,23.12626862891077,23.12626862891077,22.76833781465289,22.927417755126953,81200
2025-06-06 00:00:00+00:00,23.354944538157635,23.588594017709447,23.076553709252973,23.573678970336914,56300
2025-06-09 00:00:00+00:00,23.633336212320863,23.921667887943048,23.55379624355794,23.74270248413086,71700
2025-06-10 00:00:00+00:00,23.89184139466173,24.35416805203455,23.76258776121211,24.21994400024414,110900
2025-06-11 00:00:00+00:00,24.388966639831153,24.388966639831153,23.874938908981697,24.080747604370117,94000
2025-06-12 00:00:00+00:00,23.901783805014993,23.941552840351637,23.653221170918158,23.931610107421875,87700
2025-06-13 00:00:00+00:00,23.494138389946478,23.822240977825295,23.11632403581239,23.205806732177734,81000
2025-06-16 00:00:00+00:00,23.484198908693823,23.484198908693823,22.922446814964516,23.046728134155273,97000
2025-06-17 00:00:00+00:00,22.77827998283661,23.026842620708145,22.66891181533076,22.76833724975586,105600
2025-06-18 00:00:00+00:00,22.73851098470503,23.2356362612747,22.66891185302403,22.977130889892578,109400
2025-06-20 00:00:00+00:00,23.166036318761293,23.235635448006256,22.385549813575242,23.086496353149414,130800
2025-06-23 00:00:00+00:00,22.867762041907447,23.722818099012436,22.867762041907447,23.712875366210938,127800
2025-06-24 00:00:00+00:00,23.8123016443028,24.27959872428998,23.643278973433826,23.881898880004883,150700
2025-06-25 00:00:00+00:00,23.881897777096516,23.881897777096516,23.514024252882827,23.842126846313477,83900
2025-06-26 00:00:00+00:00,23.89184116190296,24.51821816777349,23.77253026267969,24.48838996887207,119800
2025-06-27 00:00:00+00:00,24.597757327316778,24.736951791520653,24.269654735705974,24.528160095214844,636500
2025-06-30 00:00:00+00:00,24.63752962081362,24.84632132866967,24.279598811480447,24.508275985717773,97500
2025-07-01 00:00:00+00:00,24.35913835899681,25.641722472652447,24.319367426922643,25.253963470458984,97700
2025-07-02 00:00:00+00:00,25.253962487029945,25.770973205566406,25.16447978973008,25.770973205566406,104000
2025-07-03 00:00:00+00:00,25.85051484938974,26.427180104790057,25.85051484938974,26.0394229888916,57500
2025-07-07 00:00:00+00:00,25.83062769268517,26.3476384109757,25.522410566789116,25.70137596130371,117900
2025-07-08 00:00:00+00:00,25.91016796976812,26.23827056487404,25.716289422166764,25.92011070251465,119700
2025-07-09 00:00:00+00:00,26.198501586914062,26.457006949735575,25.611893628277244,26.198501586914062,82200
2025-07-10 00:00:00+00:00,26.11896243374793,26.37746780461189,26.09907696759322,26.228328704833984,84500
2025-07-11 00:00:00+00:00,25.949939670036116,25.949939670036116,25.403100731060388,25.601951599121094,108300
2025-07-14 00:00:00+00:00,25.59200895894266,26.248214170988696,25.184366384683226,26.228328704833984,149500
2025-07-15 00:00:00+00:00,26.347638622411292,26.450047062543252,25.353388108358036,25.363330841064453,87900
2025-07-16 00:00:00+00:00,25.631779798244928,25.69143430011017,25.174423560258273,25.601951599121094,74100
2025-07-17 00:00:00+00:00,25.552239625681192,26.16867389824477,25.42298599356204,26.009593963623047,92800
2025-07-18 00:00:00+00:00,26.20844458477197,26.218387317640563,25.890284718506603,26.13884735107422,82600
2025-07-21 00:00:00+00:00,26.19850155323104,26.471920066661873,26.02450657458788,26.05930519104004,51300
2025-07-22 00:00:00+00:00,26.13884676429843,26.377466658640817,25.979764938354492,25.979764938354492,74400
2025-07-23 00:00:00+00:00,26.10901885481624,26.317810553529192,25.77097352666753,26.05930519104004,85000
2025-07-24 00:00:00+00:00,25.870399134110723,25.895255017977,25.44287110463416,25.512468338012695,67200
2025-07-25 00:00:00+00:00,25.51246883979382,25.582066074541196,24.98452166371848,25.253963470458984,88500
2025-07-28 00:00:00+00:00,25.154538500204744,25.33350390507164,24.30843143747364,24.647472381591797,138800
2025-07-29 00:00:00+00:00,24.965631118467495,24.97557385121523,24.44862039387953,24.468505859375,83400
2025-07-30 00:00:00+00:00,24.548045696653574,24.81152147575296,23.613449683458068,23.842126846313477,97800
2025-07-31 00:00:00+00:00,23.62339373728012,23.692990973660272,23.34500289537705,23.61345100402832,149500
2025-08-01 00:00:00+00:00,23.245577621073718,23.245577621073718,22.668912363131774,22.788223266601562,139900
2025-08-04 00:00:00+00:00,23.006957201750662,23.911725053748786,22.7683372964703,23.046728134155273,99400
2025-08-05 00:00:00+00:00,23.15609545938673,23.215749959440775,22.639084735232032,22.947301864624023,116700
2025-08-06 00:00:00+00:00,22.86776241745483,23.156095984286296,22.748451518259852,22.827991485595703,83900
2025-08-07 00:00:00+00:00,23.006957710516616,23.006957710516616,22.489948852500806,22.788223266601562,86300
2025-08-08 00:00:00+00:00,23.0268431993815,23.11632590297458,22.75839508860226,22.99701499938965,62400
2025-08-11 00:00:00+00:00,22.997014477540443,23.195865346875507,22.867762739940357,23.11632537841797,64200
2025-08-12 00:00:00+00:00,23.37482982154973,24.01114954393535,23.2256926236634,23.9813232421875,88400
2025-08-13 00:00:00+00:00,24.229887041909706,24.567930488479153,24.02606575245775,24.508275985717773,74500
2025-08-14 00:00:00+00:00,24.180172792968538,24.398909125123907,24.11057555869452,24.21000099182129,84300
2025-08-15 00:00:00+00:00,24.3799991607666,24.674999237060547,23.7450008392334,23.780000686645508,166900
2025-08-18 00:00:00+00:00,23.75,23.799999237060547,23.489999771118164,23.770000457763672,59200
2025-08-19 00:00:00+00:00,23.790000915527344,24.110000610351562,23.760000228881836,23.979999542236328,84700
2025-08-20 00:00:00+00:00,24.0,24.084999084472656,23.658000946044922,23.93000030517578,80000
2025-08-21 00:00:00+00:00,23.790000915527344,24.139999389648438,23.655000686645508,24.1200008392334,98500
2025-08-22 00:00:00+00:00,24.290000915527344,25.459999084472656,24.290000915527344,25.420000076293945,158500
2025-08-25 00:00:00+00:00,25.260000228881836,25.485000610351562,25.135000228881836,25.15999984741211,73600
2025-08-26 00:00:00+00:00,25.079999923706055,25.459999084472656,25.06999969482422,25.290000915527344,88500
2025-08-27 00:00:00+00:00,25.229999542236328,25.579999923706055,25.18000030517578,25.40999984741211,77100
2025-08-28 00:00:00+00:00,25.610000610351562,25.610000610351562,25.024999618530273,25.079999923706055,81800
2025-08-29 00:00:00+00:00,25.190000534057617,25.34000015258789,24.969999313354492,25.010000228881836,77200
2025-09-02 00:00:00+00:00,24.670000076293945,25.239999771118164,24.670000076293945,25.209999084472656,97800
2025-09-03 00:00:00+00:00,25.09000015258789,25.610000610351562,24.889999389648438,25.149999618530273,104700
2025-09-04 00:00:00+00:00,25.229999542236328,25.6200008392334,25.040000915527344,25.6200008392334,78500
2025-09-05 00:00:00+00:00,25.729999542236328,25.950000762939453,25.059999465942383,25.15999984741211,64600
2025-09-08 00:00:00+00:00,25.260000228881836,25.295000076293945,24.809999465942383,25.09000015258789,76400
2025-09-09 00:00:00+00:00,25.020000457763672,25.184999465942383,24.59000015258789,24.6299991607666,65300
2025-09-10 00:00:00+00:00,24.639999389648438,24.93000030517578,24.5,24.6200008392334,64400
2025-09-11 00:00:00+00:00,24.65999984741211,24.934999465942383,24.479999542236328,24.81999969482422,78200
2025-09-12 00:00:00+00:00,24.68000030517578,24.75,24.3799991607666,24.40999984741211,75900
2025-09-15 00:00:00+00:00,24.440000534057617,24.559999465942383,24.260000228881836,24.440000534057617,94400
2025-09-16 00:00:00+00:00,24.309999465942383,24.309999465942383,23.760000228881836,23.920000076293945,76900
2025-09-17 00:00:00+00:00,24.040000915527344,24.84000015258789,23.860000610351562,23.969999313354492,99300
2025-09-18 00:00:00+00:00,24.09000015258789,24.65999984741211,24.09000015258789,24.6299991607666,81800
2025-09-19 00:00:00+00:00,24.6299991607666,24.6299991607666,24.010000228881836,24.209999084472656,225500
2025-09-22 00:00:00+00:00,24.170000076293945,24.31999969482422,24.0049991607666,24.079999923706055,75900
2025-09-23 00:00:00+00:00,24.170000076293945,24.53499984741211,24.110000610351562,24.149999618530273,86800
2025-09-24 00:00:00+00:00,24.1299991607666,24.40999984741211,23.81999969482422,24.06999969482422,118200
2025-09-25 00:00:00+00:00,24.010000228881836,24.18000030517578,23.90999984741211,23.969999313354492,118700
2025-09-26 00:00:00+00:00,24.020000457763672,24.31999969482422,24.020000457763672,24.209999084472656,78900
