"('date', '')","('open', 'BIPI')","('high', 'BIPI')","('low', 'BIPI')","('close', 'BIPI')","('volume', 'BIPI')"
2024-01-02 00:00:00+00:00,16.1231374441513,16.248422868327005,16.017128821573802,16.094226837158203,12200
2024-01-03 00:00:00+00:00,16.161688740692647,16.209874315205887,16.008455893261015,16.026765823364258,9600
2024-01-04 00:00:00+00:00,16.046039219077944,16.142412196840667,16.026764255893067,16.089406967163086,3200
2024-01-05 00:00:00+00:00,15.99978087889361,16.152050522585863,15.911118984668107,15.9785795211792,11600
2024-01-08 00:00:00+00:00,16.074952204940118,16.498992218472345,15.99785418776714,16.479717254638672,20600
2024-01-09 00:00:00+00:00,16.479716638546144,16.73028564453125,16.479716638546144,16.73028564453125,9400
2024-01-10 00:00:00+00:00,16.479716168375667,17.038677215576172,16.479716168375667,17.038677215576172,35200
2024-01-11 00:00:00+00:00,16.807383871700615,17.057952880859375,16.807383871700615,17.057952880859375,10900
2024-01-12 00:00:00+00:00,16.980854865592192,17.221786393072346,16.980854865592192,17.057952880859375,12500
2024-01-16 00:00:00+00:00,17.135050322151635,17.327794434782376,17.067587952661178,17.096500396728516,49800
2024-01-17 00:00:00+00:00,17.096501251665494,17.163961786367803,16.961580182260878,17.067588806152344,18000
2024-01-18 00:00:00+00:00,17.067590149365806,17.067590149365806,16.67246255373156,16.83629608154297,19500
2024-01-19 00:00:00+00:00,16.908573610127227,17.202510349297953,16.83725845597855,17.13504981994629,8100
2024-01-22 00:00:00+00:00,16.682099000681774,17.34707055324131,16.682099000681774,17.342252731323242,17800
2024-01-23 00:00:00+00:00,17.3470702396666,17.3470702396666,17.117702583851493,17.173599243164062,8200
2024-01-24 00:00:00+00:00,17.433805238414983,17.453080201510055,17.159143447875977,17.159143447875977,24800
2024-01-25 00:00:00+00:00,17.29888416209296,17.29888416209296,17.19769152498888,17.212148666381836,41400
2024-01-26 00:00:00+00:00,17.21214937400999,17.74219801344793,17.21214937400999,17.501266479492188,12900
2024-01-29 00:00:00+00:00,17.59764006889384,17.669918428681516,17.30852111525775,17.356708526611328,30700
2024-01-30 00:00:00+00:00,17.462718313484057,17.5687269380107,17.183236853000817,17.231422424316406,23100
2024-01-31 00:00:00+00:00,17.25069704764832,17.298884456174605,16.845932006835938,16.845932006835938,25600
2024-02-01 00:00:00+00:00,17.019402733548546,17.16396128053061,16.865206705012792,17.106138229370117,55400
2024-02-02 00:00:00+00:00,17.106137508930008,17.192873001098633,17.086862546634404,17.192873001098633,13800
2024-02-05 00:00:00+00:00,17.221787986658786,17.520542593693612,16.876772360388962,16.887374877929688,9500
2024-02-06 00:00:00+00:00,16.980853472199552,17.04831400025254,16.85556805881984,16.96639633178711,12200
2024-02-07 00:00:00+00:00,17.048316142055807,17.35188855643246,16.908575408869357,16.97218132019043,19900
2024-02-08 00:00:00+00:00,17.057952744343773,17.38561976614738,16.98085472969361,17.3759822845459,10200
2024-02-09 00:00:00+00:00,17.462717469139246,17.666062261367838,17.086863046036147,17.15432357788086,31700
2024-02-12 00:00:00+00:00,17.17359865253427,17.313339376928912,16.845931634445556,16.942304611206055,47800
2024-02-13 00:00:00+00:00,16.836292960162034,16.836292960162034,16.3351568252021,16.37370491027832,33600
2024-02-14 00:00:00+00:00,16.48935427884678,16.854606193996215,16.103862365520595,16.306245803833008,506800
2024-02-15 00:00:00+00:00,16.402619934817956,16.53754101106636,16.277334502734323,16.498992919921875,11400
2024-02-16 00:00:00+00:00,16.498992919921875,16.63391399617028,16.412257417144527,16.498992919921875,23900
2024-02-20 00:00:00+00:00,16.498992666907405,16.653188705444336,16.41225716546016,16.653188705444336,7200
2024-02-21 00:00:00+00:00,16.585725515279044,17.095537819965553,16.585725515279044,16.845932006835938,10200
2024-02-22 00:00:00+00:00,16.94230450091725,17.347069530147145,16.94230450091725,17.15432357788086,15100
2024-02-23 00:00:00+00:00,17.250697837104738,17.573547055439747,17.250697837104738,17.40489387512207,23500
2024-02-26 00:00:00+00:00,17.472354411984433,17.510904340569653,17.294065587682223,17.40489387512207,14100
2024-02-27 00:00:00+00:00,17.481992245983786,17.732561272345496,17.347071169543558,17.414531707763672,33100
2024-02-28 00:00:00+00:00,17.491629946496502,17.76147394090452,17.43187865813861,17.636188507080078,13500
2024-02-29 00:00:00+00:00,17.732561270335875,18.286704556787107,17.588002711571757,18.16623878479004,64200
2024-03-01 00:00:00+00:00,18.08914018903214,18.11805079696857,17.761473152566474,17.93494415283203,15100
2024-03-04 00:00:00+00:00,17.93494332092035,17.93494332092035,17.828932861639412,17.857845306396484,12100
2024-03-05 00:00:00+00:00,17.906032054904095,18.21442413330078,17.87711960824374,18.21442413330078,12700
2024-03-06 00:00:00+00:00,18.281882869571348,18.61918736139757,18.146961808105498,18.37825584411621,45400
2024-03-07 00:00:00+00:00,18.465955970425536,18.667376219774603,18.262611165731197,18.3107967376709,21700
2024-03-08 00:00:00+00:00,18.358982728053086,18.638464198526236,18.339709601734974,18.59027862548828,8800
2024-03-11 00:00:00+00:00,18.648100402391318,18.648100402391318,18.491012945156292,18.60955047607422,13700
2024-03-12 00:00:00+00:00,18.67701171290826,18.67701171290826,18.400423517621213,18.628826141357422,13800
2024-03-13 00:00:00+00:00,18.638463623299934,18.715561640678313,18.368619643394744,18.628826141357422,35400
2024-03-14 00:00:00+00:00,18.32043361019653,18.42355264240508,18.127687652526628,18.18551254272461,28500
2024-03-15 00:00:00+00:00,18.185513370216356,18.503542928129754,18.15660092380177,18.262611389160156,22300
2024-03-18 00:00:00+00:00,18.339708807444868,18.484267358459714,18.262610791026166,18.407169342041016,21100
2024-03-19 00:00:00+00:00,18.49390457062208,18.773384186754125,18.13732510103383,18.667375564575195,27300
2024-03-20 00:00:00+00:00,18.715560782776397,18.898669254967192,18.585457539758856,18.657737731933594,40000
2024-03-21 00:00:00+00:00,18.7348363808327,18.8215718791178,18.571002866089923,18.677011489868164,54300
2024-03-22 00:00:00+00:00,18.76374712784089,18.76374712784089,17.925306422392048,18.089139938354492,14700
2024-03-25 00:00:00+00:00,18.127688242257943,18.363801956176758,18.040952742300966,18.363801956176758,25700
2024-03-26 00:00:00+00:00,18.44571707943162,18.551727539296476,18.368619064483088,18.397531509399414,9800
2024-03-27 00:00:00+00:00,18.49390531998002,18.522815928035854,18.42644478363407,18.47463035583496,15100
2024-03-28 00:00:00+00:00,18.474629150228473,18.956492193439274,18.474629150228473,18.8697566986084,273700
2024-04-01 00:00:00+00:00,18.754110694294276,18.754110694294276,18.40235085703899,18.493906021118164,30300
2024-04-02 00:00:00+00:00,18.445716635045724,18.445716635045724,18.224060077178954,18.27899169921875,22200
2024-04-03 00:00:00+00:00,18.330070626190604,18.464991690234633,18.069864141395712,18.387893676757812,80700
2024-04-04 00:00:00+00:00,18.426445258104245,18.619189390032616,18.426445258104245,18.542091369628906,16000
2024-04-05 00:00:00+00:00,18.436080902263132,18.551728851949594,18.416807775783557,18.542091369628906,10900
2024-04-08 00:00:00+00:00,18.57100164153143,18.57100164153143,18.40331351274726,18.426443099975586,3900
2024-04-09 00:00:00+00:00,18.474629524347947,18.52281509438015,18.330070976089658,18.397531509399414,11800
2024-04-10 00:00:00+00:00,18.349347108498733,18.349347108498733,17.472354605109178,17.732561111450195,86300
2024-04-11 00:00:00+00:00,17.87712022428981,17.87712022428981,17.077227554073414,17.318159103393555,32200
2024-04-12 00:00:00+00:00,17.34707072180301,17.34707072180301,17.241060256958008,17.241060256958008,2900
2024-04-15 00:00:00+00:00,17.067589181023283,17.067589181023283,16.402619463070877,16.701374053955078,21300
2024-04-16 00:00:00+00:00,16.701373550138182,17.19287409086005,16.527902554805557,16.73992347717285,6700
2024-04-17 00:00:00+00:00,16.797746076160212,17.117702006367963,16.768833631664613,17.104209899902344,20800
2024-04-18 00:00:00+00:00,17.106138474593877,17.115775956285727,16.85556946509085,16.951942443847656,16300
2024-04-19 00:00:00+00:00,17.01940323512547,17.10613873350321,16.961580182260878,17.067588806152344,4000
2024-04-22 00:00:00+00:00,17.125414048972406,17.260335121148596,16.92303060254637,17.077226638793945,11800
2024-04-23 00:00:00+00:00,17.192873915581725,17.53981590270996,17.192873915581725,17.53981590270996,5900
2024-04-24 00:00:00+00:00,17.54945281519891,17.54945281519891,17.18323767643073,17.308521270751953,3700
2024-04-25 00:00:00+00:00,17.163960425004678,17.20732817075383,16.897972932395046,17.13504981994629,10200
2024-04-26 00:00:00+00:00,17.04831565577984,17.173599243164062,16.92303023023392,17.173599243164062,28300
2024-04-29 00:00:00+00:00,17.308519604429236,17.33743204871767,17.038677477050392,17.15432357788086,10300
2024-04-30 00:00:00+00:00,17.202510853480476,17.221785816192032,16.831476093010238,17.096500396728516,20100
2024-05-01 00:00:00+00:00,17.33743371782384,17.33743371782384,16.845933146572623,17.308521270751953,9600
2024-05-02 00:00:00+00:00,17.347071169543558,17.520542175344882,17.13505207254294,17.414531707763672,27600
2024-05-03 00:00:00+00:00,17.53017926187542,17.53017926187542,17.05795366683509,17.45597267150879,4200
2024-05-06 00:00:00+00:00,17.472353522203516,17.915668487548828,17.462717878709675,17.915668487548828,11700
2024-05-07 00:00:00+00:00,17.91566800536618,17.992766018373608,17.578363509148076,17.848207473754883,4100
2024-05-08 00:00:00+00:00,17.597640582922605,17.66510112262635,17.183238023986064,17.318159103393555,16100
2024-05-09 00:00:00+00:00,17.36634635925293,17.36634635925293,17.096502364714098,17.36634635925293,8200
2024-05-10 00:00:00+00:00,17.414531102563405,17.414531102563405,17.11577651304463,17.289247512817383,7100
2024-05-13 00:00:00+00:00,17.347069259760104,17.356706741039364,17.289246210246155,17.30659294128418,7500
2024-05-14 00:00:00+00:00,17.356707850795694,17.43380586779767,17.0194033371014,17.231422424316406,10600
2024-05-15 00:00:00+00:00,17.308521209080272,17.57836519963764,17.308521209080272,17.57451057434082,14200
2024-05-16 00:00:00+00:00,17.607275158100162,17.607275158100162,17.32779372472006,17.5590877532959,2700
2024-05-17 00:00:00+00:00,17.433805114535694,17.53981557264367,17.366344582343945,17.42416763305664,4400
2024-05-20 00:00:00+00:00,17.510902537176456,17.59763802939881,17.45789730991151,17.5687255859375,3900
2024-05-21 00:00:00+00:00,17.62655142283848,17.703649438062243,17.3470699688013,17.433805465698242,9500
2024-05-22 00:00:00+00:00,17.462716976588723,17.5398149876883,17.086862564086914,17.086862564086914,5400
2024-05-23 00:00:00+00:00,17.212148334836254,17.212148334836254,16.86520635867466,17.096500396728516,17700
2024-05-24 00:00:00+00:00,17.183236954019026,17.39525604248047,16.9172494371551,17.39525604248047,5700
2024-05-28 00:00:00+00:00,17.53017835968968,17.53017835968968,17.135050803804084,17.16396141052246,26700
2024-05-29 00:00:00+00:00,17.163962135404944,17.163962135404944,16.7784720448657,16.807384490966797,20500
2024-05-30 00:00:00+00:00,16.90375652339884,17.12541308323484,16.90375652339884,16.942304611206055,6900
2024-05-31 00:00:00+00:00,17.192873720326666,17.501265777310913,17.183236238775702,17.481990814208984,15600
2024-06-03 00:00:00+00:00,17.433804526107874,17.60727551055258,17.404892082646562,17.5687255859375,7100
2024-06-04 00:00:00+00:00,17.636187625130265,17.857846034313013,17.597639535377876,17.77111053466797,7000
2024-06-05 00:00:00+00:00,17.800020066774227,17.848207473754883,17.568726027751943,17.848207473754883,3100
2024-06-06 00:00:00+00:00,17.89639447676482,18.05059051513672,17.89639447676482,18.05059051513672,4200
2024-06-07 00:00:00+00:00,17.742197621788883,18.0505896843386,17.742197621788883,17.973491668701172,7600
2024-06-10 00:00:00+00:00,17.98312924401524,18.021679171115423,17.867483139038086,17.867483139038086,3800
2024-06-11 00:00:00+00:00,17.944582351407476,17.944582351407476,17.790384470888366,17.901214599609375,8100
2024-06-12 00:00:00+00:00,18.10841395696556,18.252972501584285,17.771109460747457,17.848207473754883,36000
2024-06-13 00:00:00+00:00,17.891576402765644,17.963854760768463,17.539816580299032,17.93494415283203,20500
2024-06-14 00:00:00+00:00,17.732561303663907,17.828934289075054,17.298885626556466,17.308521270751953,4700
2024-06-17 00:00:00+00:00,17.260334280158574,17.3085198498275,16.85556924518996,17.0001277923584,15900
2024-06-18 00:00:00+00:00,17.086864203930745,17.106139168095872,16.91339320276812,17.02422332763672,13300
2024-06-20 00:00:00+00:00,17.019403681421295,17.117703057684952,16.93266818076911,16.97121810913086,9200
2024-06-21 00:00:00+00:00,17.05795148114033,17.231420622635923,16.80738249254243,16.96639633178711,23600
2024-06-24 00:00:00+00:00,16.980854396400794,17.3277945364361,16.980854396400794,17.313339233398438,9700
2024-06-25 00:00:00+00:00,17.366344694721246,17.375982176262664,17.178418400067695,17.212148666381836,9800
2024-06-26 00:00:00+00:00,17.212150316134117,17.50126743744143,17.10903127573498,17.36634635925293,7000
2024-06-27 00:00:00+00:00,17.46271718794263,17.520540237426758,17.42416726284548,17.520540237426758,8700
2024-06-28 00:00:00+00:00,17.530179048465826,17.53981653047117,17.260335066801343,17.289247512817383,19900
2024-07-01 00:00:00+00:00,17.221786881827505,17.530178951648413,17.221786881827505,17.39525604248047,12200
2024-07-02 00:00:00+00:00,17.491630138018618,17.698831417783136,17.48199265545261,17.694013595581055,9900
2024-07-03 00:00:00+00:00,17.441515149702234,17.983129501342773,17.441515149702234,17.983129501342773,6800
2024-07-05 00:00:00+00:00,18.012042898611472,18.118051528930664,18.012042898611472,18.118051528930664,3100
2024-07-08 00:00:00+00:00,18.137324472709754,18.137324472709754,17.944580360231427,17.95421600341797,19900
2024-07-09 00:00:00+00:00,18.079502991226878,18.079502991226878,17.67473793029785,17.67473793029785,13700
2024-07-10 00:00:00+00:00,17.722923433303045,17.722923433303045,17.250697837104738,17.40489387512207,23400
2024-07-11 00:00:00+00:00,17.66028215454189,17.877119064331055,17.520541423844456,17.877119064331055,18500
2024-07-12 00:00:00+00:00,17.877118538074292,18.021678924560547,17.877118538074292,18.021678924560547,2100
2024-07-15 00:00:00+00:00,18.031314368654296,18.031314368654296,17.881938000240734,17.96385383605957,2500
2024-07-16 00:00:00+00:00,18.079500918186785,18.079500918186785,17.92530489724306,17.992765426635742,5600
2024-07-17 00:00:00+00:00,17.983129879969546,17.983129879969546,17.87711941485679,17.886756896972656,2700
2024-07-18 00:00:00+00:00,17.992767460533386,17.992767460533386,17.55908995375539,17.78074836730957,5100
2024-07-19 00:00:00+00:00,17.828933339909927,18.00240433678249,17.828933339909927,17.92530632019043,2500
2024-07-22 00:00:00+00:00,17.992767262067524,17.992767262067524,17.597639688322296,17.722923278808594,5800
2024-07-23 00:00:00+00:00,17.8096588046501,17.983129805695675,17.241060229294817,17.347070693969727,5700
2024-07-24 00:00:00+00:00,17.375982814586617,17.375982814586617,17.2121492986872,17.231422424316406,3800
2024-07-25 00:00:00+00:00,17.308521387143152,17.395256890780253,17.057954196815764,17.149507522583008,9400
2024-07-26 00:00:00+00:00,17.298885148345484,17.298885148345484,16.98085559199359,17.07915496826172,29600
2024-07-29 00:00:00+00:00,17.163960795913525,17.163960795913525,16.980854166048285,17.038677215576172,6200
2024-07-30 00:00:00+00:00,17.144689605087706,17.144689605087706,16.92688581225097,17.039642333984375,6600
2024-07-31 00:00:00+00:00,17.144688782169716,17.279609852529035,16.797746786203792,16.85556983947754,33800
2024-08-01 00:00:00+00:00,17.000129064613475,17.29888550103644,16.94230600905107,17.25069808959961,16100
2024-08-02 00:00:00+00:00,17.192874309433723,17.347070343209314,17.03096902541787,17.337432861328125,8100
2024-08-05 00:00:00+00:00,17.202511912082368,17.289247411460266,17.029040913326575,17.12541389465332,3700
2024-08-06 00:00:00+00:00,17.26033388364694,17.347069377587808,16.95194183326235,17.202510833740234,9400
2024-08-07 00:00:00+00:00,17.327796812791316,17.327796812791316,17.183238248939123,17.269973754882812,1700
2024-08-08 00:00:00+00:00,17.327796812791316,17.337434295469713,17.10614022567383,17.269973754882812,3500
2024-08-09 00:00:00+00:00,17.347069377587808,17.347069377587808,17.202510833740234,17.202510833740234,4600
2024-08-12 00:00:00+00:00,17.26033388364694,17.26033388364694,17.115775339799367,17.202510833740234,2100
2024-08-13 00:00:00+00:00,16.98085472969361,17.3759822845459,16.951942284889174,17.3759822845459,3900
2024-08-14 00:00:00+00:00,17.39525460149279,17.60727551055258,17.31815659042421,17.5687255859375,6900
2024-08-15 00:00:00+00:00,17.62655305578086,17.694013595581055,17.592820947718913,17.694013595581055,4800
2024-08-16 00:00:00+00:00,17.800022227483428,17.809659710049434,17.694013595581055,17.694013595581055,5400
2024-08-19 00:00:00+00:00,17.58800290132491,17.809659483032082,17.53981732727094,17.742198944091797,7400
2024-08-20 00:00:00+00:00,17.742197891781636,17.742197891781636,17.64582491122787,17.713285446166992,5300
2024-08-21 00:00:00+00:00,17.79038351396539,18.089139938354492,17.79038351396539,18.089139938354492,6000
2024-08-22 00:00:00+00:00,18.195147834948525,18.195147834948525,18.118049821001517,18.175874710083008,4400
2024-08-23 00:00:00+00:00,18.243335827381067,18.43607994934696,18.233698345558516,18.407169342041016,8300
2024-08-26 00:00:00+00:00,18.445718508934334,18.705925018861688,18.301159949473075,18.59991455078125,21900
2024-08-27 00:00:00+00:00,18.60955072153065,18.657738130062604,18.455354690551758,18.455354690551758,6300
2024-08-28 00:00:00+00:00,18.54209041123331,18.561365374878413,18.407169342041016,18.407169342041016,14600
2024-08-29 00:00:00+00:00,18.5324527060412,18.542090187747593,18.408132316903618,18.455354690551758,5900
2024-08-30 00:00:00+00:00,18.522815489238475,18.522815489238475,17.607276771977965,17.92530632019043,69100
2024-09-03 00:00:00+00:00,17.963854409405606,17.983129373094048,17.84820830359837,17.92530632019043,7600
2024-09-04 00:00:00+00:00,17.99276828138023,18.21442486688482,17.79713087693992,18.127689361572266,12000
2024-09-05 00:00:00+00:00,18.214424199813198,18.484268188476562,18.214424199813198,18.484268188476562,9300
2024-09-06 00:00:00+00:00,18.561363806131205,18.561363806131205,18.33006977642334,18.416805267333984,6700
2024-09-09 00:00:00+00:00,18.484268283779198,18.648101806640625,18.37825781658598,18.648101806640625,4200
2024-09-10 00:00:00+00:00,18.696287380003834,18.696287380003834,18.612443305928302,18.648101806640625,8100
2024-09-11 00:00:00+00:00,18.715561519911436,18.840845108032227,18.6191885392699,18.840845108032227,8600
2024-09-12 00:00:00+00:00,18.840845331332485,18.840845331332485,18.76374731353784,18.792659759521484,8800
2024-09-13 00:00:00+00:00,18.580640543827972,18.73483657836914,18.49390504462835,18.73483657836914,10100
2024-09-16 00:00:00+00:00,18.840845082664817,18.946855545043945,18.705924012845358,18.946855545043945,5600
2024-09-17 00:00:00+00:00,19.004678840210566,19.115507125854492,18.951675446507444,19.115507125854492,6800
2024-09-18 00:00:00+00:00,18.927580093687375,19.351620094117834,18.927580093687375,19.255247116088867,12000
2024-09-19 00:00:00+00:00,19.274521815923997,19.515453338623047,19.149238232911614,19.515453338623047,9600
2024-09-20 00:00:00+00:00,19.58291328009258,19.7852967088983,19.428717257269927,19.660011291503906,10400
2024-09-23 00:00:00+00:00,19.785298572100068,19.89130719892259,19.704344090057262,19.872034072875977,8700
2024-09-24 00:00:00+00:00,19.872033849569025,19.92021942138672,19.82384643958959,19.92021942138672,1400
2024-09-25 00:00:00+00:00,19.968405726229996,20.074416193914576,19.81420968495886,19.833484649658203,6400
2024-09-26 00:00:00+00:00,19.96840468315224,19.96840468315224,19.42871856689453,19.42871856689453,6400
2024-09-27 00:00:00+00:00,19.41908111030891,19.587734285595005,19.284160040609404,19.322708129882812,11300
2024-09-30 00:00:00+00:00,19.428718838350445,19.592552355702242,18.898670196533203,18.898670196533203,29400
2024-10-01 00:00:00+00:00,19.062502017173493,19.476902676496803,18.908305995527247,19.440282821655273,7500
2024-10-02 00:00:00+00:00,19.428718332886888,19.428718332886888,19.062503217949004,19.207061767578125,5500
2024-10-03 00:00:00+00:00,19.31307339444516,19.640738602244653,19.31307339444516,19.454740524291992,10800
2024-10-04 00:00:00+00:00,19.457631249142416,19.457631249142416,19.32752799987793,19.32752799987793,1600
2024-10-07 00:00:00+00:00,19.39980665099123,19.39980665099123,18.744474411010742,18.744474411010742,24700
2024-10-08 00:00:00+00:00,18.908307805618882,18.96613085973123,18.77338489514107,18.956493377685547,2800
2024-10-09 00:00:00+00:00,19.08177668545118,19.42871868131231,18.243335979669077,18.35898208618164,39300
2024-10-10 00:00:00+00:00,18.407170641054012,18.683758852417338,18.310797654189074,18.551729202270508,32700
2024-10-11 00:00:00+00:00,18.542088991267274,18.860118514409702,18.542088991267274,18.850481033325195,31200
2024-10-14 00:00:00+00:00,18.802296772952236,19.120326318199886,18.778203987647142,18.995040893554688,6200
2024-10-15 00:00:00+00:00,19.10105205966679,19.19742504260577,18.81193494901163,19.01431655883789,15800
2024-10-16 00:00:00+00:00,19.110687721529928,19.28415870666504,19.05864569072476,19.28415870666504,4300
2024-10-17 00:00:00+00:00,19.187787308327184,19.313072735949863,19.16851234436035,19.16851234436035,2700
2024-10-18 00:00:00+00:00,19.207060563260935,19.390169028329492,18.94685408734692,19.226335525512695,9500
2024-10-21 00:00:00+00:00,19.033592099217774,19.033592099217774,18.70592505020361,18.97576904296875,24500
2024-10-22 00:00:00+00:00,19.10105010903784,19.255246130728757,18.927579125095164,19.226335525512695,13100
2024-10-23 00:00:00+00:00,19.22633710807623,19.22633710807623,19.033591146016438,19.110689163208008,5300
2024-10-24 00:00:00+00:00,19.2552477419513,19.2552477419513,18.82157208396748,19.00467872619629,9000
2024-10-25 00:00:00+00:00,19.14923863323333,19.207061685204657,18.677011221288865,18.937217712402344,6200
2024-10-28 00:00:00+00:00,18.898669845693586,18.951675076523657,18.66737579693104,18.8890323638916,8500
2024-10-29 00:00:00+00:00,18.937218210870938,18.95167535286557,18.252973536408042,18.628826141357422,22700
2024-10-30 00:00:00+00:00,18.69628619495806,18.79265917373777,18.51317771909278,18.561365127563477,13500
2024-10-31 00:00:00+00:00,18.638464001740964,18.69628705640837,18.09877786913436,18.262611389160156,35000
2024-11-01 00:00:00+00:00,18.407170101379602,18.407170101379602,18.129616863190225,18.21442413330078,12500
2024-11-04 00:00:00+00:00,18.281884390707887,18.47463035583496,18.120942300236333,18.47463035583496,9100
2024-11-05 00:00:00+00:00,18.387893312993015,18.860118865966797,18.175874239666502,18.860118865966797,14200
2024-11-06 00:00:00+00:00,18.339709035728934,18.628826141357422,18.32139726858964,18.628826141357422,6700
2024-11-07 00:00:00+00:00,18.77338444506525,18.783021926879883,18.491013396727165,18.783021926879883,6400
2024-11-08 00:00:00+00:00,18.860120395390467,19.06250384202631,18.754109931049705,18.956493377685547,7300
2024-11-11 00:00:00+00:00,19.081776853160004,19.081776853160004,18.58064065693157,18.845664978027344,6300
2024-11-12 00:00:00+00:00,18.82157137217056,19.12032594812708,18.358981447722357,18.715560913085938,24900
2024-11-13 00:00:00+00:00,18.889030807757734,18.956491336652334,18.33006977642334,18.416805267333984,39800
2024-11-14 00:00:00+00:00,18.580640338523516,18.580640338523516,18.166237810962368,18.407169342041016,8900
2024-11-15 00:00:00+00:00,18.41680745580067,18.41680745580067,18.040953004471298,18.156600952148438,9500
2024-11-18 00:00:00+00:00,18.166237484461913,18.214423054546923,17.848207942680485,17.968673706054688,19300
2024-11-19 00:00:00+00:00,17.886757504415527,17.93687131022286,17.674738405151512,17.742198944091797,14900
2024-11-20 00:00:00+00:00,17.607275360725115,17.741233222747937,17.520539869240828,17.616912841796875,13400
2024-11-21 00:00:00+00:00,17.722923629197368,17.983130135538385,17.539816980878978,17.732561111450195,14000
2024-11-22 00:00:00+00:00,17.80965769937346,17.970599779915837,17.713284722755567,17.800020217895508,14100
2024-11-25 00:00:00+00:00,17.944581283878872,18.252973350247117,17.84820830359837,17.92530632019043,37900
2024-11-26 00:00:00+00:00,17.963854460342105,17.963854460342105,17.395255897052753,17.713285446166992,51100
2024-11-27 00:00:00+00:00,17.72292397920548,17.819296965475242,17.588966098120675,17.742198944091797,27500
2024-11-29 00:00:00+00:00,17.7614725730219,17.912777175859055,17.694012039155762,17.703649520874023,110500
2024-12-02 00:00:00+00:00,17.66509840899412,17.843387213417788,17.539814831384348,17.616912841796875,23600
2024-12-03 00:00:00+00:00,17.616914295624024,17.73256040170567,17.366345281564843,17.443443298339844,27200
2024-12-04 00:00:00+00:00,17.462718039779055,17.98312918684521,17.38562002398549,17.491628646850586,18800
2024-12-05 00:00:00+00:00,17.50126610471144,17.62655152905607,17.453080534216852,17.597639083862305,17600
2024-12-06 00:00:00+00:00,17.636185613631724,17.743159261782267,17.491627076764882,17.607275009155273,23800
2024-12-09 00:00:00+00:00,17.626550339594466,17.626550339594466,17.44344187538038,17.510902404785156,28200
2024-12-10 00:00:00+00:00,17.568726532799406,17.578364014472584,17.35670745047448,17.433805465698242,45400
2024-12-11 00:00:00+00:00,17.453079575072792,17.626550560378814,17.453079575072792,17.462717056274414,18200
2024-12-12 00:00:00+00:00,17.40489412987388,17.414531612161245,17.239134213751846,17.25069808959961,23100
2024-12-13 00:00:00+00:00,17.250697284745545,17.308520337610137,16.98085514593631,17.067588806152344,17700
2024-12-16 00:00:00+00:00,17.126477754000444,17.204994479144855,16.979257256366584,17.067588806152344,24600
2024-12-17 00:00:00+00:00,17.106849221865847,17.116664047148145,16.93018611075749,16.99888801574707,36700
2024-12-18 00:00:00+00:00,17.008701418192747,17.148068930364396,16.85166797078538,16.92429542541504,43900
2024-12-19 00:00:00+00:00,16.98907192183259,17.116662768988316,16.557230873577563,16.773151397705078,63400
2024-12-20 00:00:00+00:00,16.79278088381545,17.234436752333217,16.537601063967106,17.155920028686523,37800
2024-12-23 00:00:00+00:00,17.07740514846371,17.12647927603168,16.82222530106993,17.057775497436523,44600
2024-12-24 00:00:00+00:00,17.05777365616173,17.05777365616173,16.194089696046575,16.478713989257812,78700
2024-12-26 00:00:00+00:00,16.56704361424551,16.625932560788666,16.243161896203553,16.42963981628418,71400
2024-12-27 00:00:00+00:00,16.419825042532924,16.478713989257812,16.35112314334024,16.478713989257812,46400
2024-12-30 00:00:00+00:00,16.30205130810098,16.68482011162617,16.30205130810098,16.586673736572266,37300
2024-12-31 00:00:00+00:00,16.69463452678549,16.69463452678549,16.302050908186942,16.527786254882812,122500
2025-01-02 00:00:00+00:00,16.645561410649645,16.989072799682617,16.645561410649645,16.989072799682617,40000
2025-01-03 00:00:00+00:00,17.067588480585698,17.27369605014974,17.04796070366379,17.155920028686523,28200
2025-01-06 00:00:00+00:00,17.19518024509266,17.51906198143576,16.989072664518076,17.420915603637695,32300
2025-01-07 00:00:00+00:00,17.4503604111028,17.558319743950108,17.097034193091442,17.332584381103516,39200
2025-01-08 00:00:00+00:00,17.391470646478997,17.391470646478997,17.146105644780434,17.21480941772461,11200
2025-01-10 00:00:00+00:00,17.21481069915409,17.21481069915409,16.684821357480576,16.763338088989258,8200
2025-01-13 00:00:00+00:00,16.782967004826936,17.16573582016949,16.7338928797917,16.792781829833984,14900
2025-01-14 00:00:00+00:00,16.92037120475112,17.066608918382627,16.78296739542749,16.802597045898438,9600
2025-01-15 00:00:00+00:00,17.018516681450937,17.538691159391227,17.018516681450937,17.26388168334961,16600
2025-01-16 00:00:00+00:00,17.16573515143693,17.253085780206177,16.939999801028282,16.969444274902344,19600
2025-01-17 00:00:00+00:00,17.077404022216797,17.25406712583753,17.028331769871674,17.077404022216797,5000
2025-01-21 00:00:00+00:00,17.15592093261775,17.44545171731751,17.15592093261775,17.371843338012695,9200
2025-01-22 00:00:00+00:00,17.420916317518323,17.450360793660266,17.224623553878434,17.29332733154297,10300
2025-01-23 00:00:00+00:00,17.175550385498784,17.401285741288596,16.98907245715717,17.028331756591797,16800
2025-01-24 00:00:00+00:00,17.293326881269444,17.450360339297998,17.185365676879883,17.185365676879883,4700
2025-01-27 00:00:00+00:00,17.18536472612643,17.548503875732422,17.18536472612643,17.548503875732422,18200
2025-01-28 00:00:00+00:00,17.519061244455024,17.519061244455024,17.07740349893633,17.450359344482422,6000
2025-01-29 00:00:00+00:00,17.37184369354287,17.46998820129124,17.18536575924529,17.381656646728516,11400
2025-01-30 00:00:00+00:00,17.3325849401604,17.50924805486429,17.175551476420623,17.40521240234375,6200
2025-01-31 00:00:00+00:00,17.489618095711347,17.512192381120943,17.028332538102493,17.047962188720703,21600
2025-02-03 00:00:00+00:00,17.028331285727095,17.206956226050618,16.78296628700476,16.87129783630371,17600
2025-02-04 00:00:00+00:00,16.87129830282615,17.04796140630911,16.861483477967493,17.028331756591797,20300
2025-02-05 00:00:00+00:00,17.07740492768645,17.362029247941383,17.07740492768645,17.34239959716797,25000
2025-02-06 00:00:00+00:00,17.342398394933845,17.352213219640156,17.068571711977462,17.21480941772461,8100
2025-02-07 00:00:00+00:00,17.214810543640812,17.30902949740816,17.087219686100234,17.195180892944336,13700
2025-02-10 00:00:00+00:00,17.263882809278186,17.31295506406379,17.11666417293485,17.244253158569336,5400
2025-02-11 00:00:00+00:00,17.204994935520517,17.204994935520517,17.12647820829339,17.17555046081543,4100
2025-02-12 00:00:00+00:00,16.969445801766884,17.008703231811523,16.80259751210742,17.008703231811523,21100
2025-02-13 00:00:00+00:00,17.14610638830408,17.254067592768724,17.07740448436712,17.234437942504883,13100
2025-02-14 00:00:00+00:00,17.234437347918444,17.509246826171875,17.234437347918444,17.509246826171875,7300
2025-02-18 00:00:00+00:00,17.50924709500223,17.50924709500223,17.20695685148085,17.322769165039062,6800
2025-02-19 00:00:00+00:00,17.38165657551073,17.38165657551073,17.185365688831762,17.234437942504883,3100
2025-02-20 00:00:00+00:00,17.32276994639455,17.548505314329237,17.285474358719675,17.34239959716797,4300
2025-02-21 00:00:00+00:00,17.322768822947523,17.469987450227393,17.322768822947523,17.362028121948242,10400
2025-02-24 00:00:00+00:00,17.47980188078601,17.47980188078601,17.35221290588379,17.35221290588379,14000
2025-02-25 00:00:00+00:00,17.469987917173754,17.522987597844043,17.42091566409764,17.519062042236328,16500
2025-02-26 00:00:00+00:00,17.528877535542353,17.528877535542353,17.283512516834254,17.34239959716797,10000
2025-02-27 00:00:00+00:00,17.263881619544993,17.37184281901705,17.165735244750977,17.165735244750977,7700
2025-02-28 00:00:00+00:00,17.17555085175479,17.371843610283722,17.126478598115796,17.185365676879883,26100
2025-03-03 00:00:00+00:00,17.204995009683916,17.476857985488376,17.18536535979591,17.322769165039062,10500
2025-03-04 00:00:00+00:00,17.312954599415136,17.312954599415136,16.930185780797984,17.08721923828125,33900
2025-03-05 00:00:00+00:00,17.15592186026625,17.15592186026625,16.861484583153384,16.959630966186523,39300
2025-03-06 00:00:00+00:00,16.959630517200402,17.055813183792203,16.79278223205714,16.851669311523438,53500
2025-03-07 00:00:00+00:00,16.93018564860191,16.951777140441664,16.792781842373564,16.841854095458984,46000
2025-03-10 00:00:00+00:00,16.84185408288276,16.980240681899733,16.743707704798748,16.792781829833984,16100
2025-03-11 00:00:00+00:00,16.733893668469307,16.89092713201022,16.684821413107727,16.86148452758789,20200
2025-03-12 00:00:00+00:00,16.97925828417746,16.97925828417746,16.743708094485594,16.802597045898438,12800
2025-03-13 00:00:00+00:00,16.782967077240226,17.116663640973798,16.75352260209204,16.940000534057617,32200
2025-03-14 00:00:00+00:00,17.049999237060547,17.25,17.038999557495117,17.1200008392334,8800
2025-03-17 00:00:00+00:00,17.1200008392334,17.309999465942383,17.1200008392334,17.209999084472656,7700
2025-03-18 00:00:00+00:00,17.1200008392334,17.277999877929688,17.059999465942383,17.065000534057617,7600
2025-03-19 00:00:00+00:00,17.06999969482422,17.200000762939453,16.950000762939453,17.09000015258789,17600
2025-03-20 00:00:00+00:00,17.18000030517578,17.191999435424805,17.049999237060547,17.100000381469727,20600
2025-03-21 00:00:00+00:00,17.1200008392334,17.158000946044922,17.030000686645508,17.100000381469727,8700
2025-03-24 00:00:00+00:00,17.15999984741211,17.15999984741211,17.079999923706055,17.1200008392334,19100
2025-03-25 00:00:00+00:00,17.1200008392334,17.1200008392334,17.010000228881836,17.06999969482422,9700
2025-03-26 00:00:00+00:00,17.09000015258789,17.09000015258789,16.75,16.850000381469727,30100
2025-03-27 00:00:00+00:00,16.739999771118164,16.899999618530273,16.65999984741211,16.799999237060547,30900
2025-03-28 00:00:00+00:00,16.75,16.878999710083008,16.540000915527344,16.649999618530273,34000
2025-03-31 00:00:00+00:00,16.540000915527344,16.549999237060547,16.270000457763672,16.329999923706055,376200
2025-04-01 00:00:00+00:00,16.43000030517578,16.65999984741211,16.25,16.3799991607666,51700
2025-04-02 00:00:00+00:00,16.3700008392334,16.535999298095703,16.350000381469727,16.450000762939453,14600
2025-04-03 00:00:00+00:00,16.0,16.445999145507812,16.0,16.25,26700
2025-04-04 00:00:00+00:00,16.190000534057617,16.190000534057617,15.75,15.880000114440918,31900
2025-04-07 00:00:00+00:00,15.319999694824219,15.800000190734863,15.199999809265137,15.619999885559082,54700
2025-04-08 00:00:00+00:00,15.710000038146973,15.8100004196167,15.529999732971191,15.680000305175781,24600
2025-04-09 00:00:00+00:00,15.6899995803833,16.200000762939453,15.199999809265137,16.06999969482422,55700
2025-04-10 00:00:00+00:00,15.869999885559082,15.899999618530273,15.420000076293945,15.699999809265137,22900
2025-04-11 00:00:00+00:00,15.8100004196167,16.0,15.210000038146973,15.649999618530273,35900
2025-04-14 00:00:00+00:00,15.819999694824219,16.149999618530273,15.649999618530273,16.09000015258789,37900
2025-04-15 00:00:00+00:00,15.979999542236328,16.399999618530273,15.979999542236328,16.34000015258789,19800
2025-04-16 00:00:00+00:00,16.31999969482422,16.437999725341797,15.98799991607666,16.200000762939453,16700
2025-04-17 00:00:00+00:00,16.360000610351562,16.479999542236328,16.270000457763672,16.33799934387207,21400
2025-04-21 00:00:00+00:00,16.270000457763672,16.290000915527344,15.979999542236328,16.100000381469727,11800
2025-04-22 00:00:00+00:00,16.25,16.350000381469727,16.1200008392334,16.299999237060547,6700
2025-04-23 00:00:00+00:00,16.579999923706055,16.579999923706055,16.270000457763672,16.420000076293945,20000
2025-04-24 00:00:00+00:00,16.540000915527344,16.780000686645508,16.520000457763672,16.549999237060547,8000
2025-04-25 00:00:00+00:00,16.6299991607666,16.84000015258789,16.510000228881836,16.510000228881836,16300
2025-04-28 00:00:00+00:00,16.639999389648438,16.649999618530273,16.344999313354492,16.479999542236328,17200
2025-04-29 00:00:00+00:00,16.479999542236328,16.59000015258789,16.350000381469727,16.3799991607666,17500
2025-04-30 00:00:00+00:00,16.329999923706055,16.405000686645508,16.219999313354492,16.219999313354492,3800
2025-05-01 00:00:00+00:00,16.229999542236328,16.309999465942383,16.18000030517578,16.229999542236328,9100
2025-05-02 00:00:00+00:00,16.34000015258789,16.764999389648438,16.329999923706055,16.610000610351562,25400
2025-05-05 00:00:00+00:00,16.6200008392334,16.6200008392334,16.440000534057617,16.450000762939453,3800
2025-05-06 00:00:00+00:00,16.469999313354492,16.549999237060547,16.440000534057617,16.549999237060547,9200
2025-05-07 00:00:00+00:00,16.649999618530273,16.684999465942383,16.56999969482422,16.56999969482422,13000
2025-05-08 00:00:00+00:00,16.649999618530273,16.731000900268555,16.5,16.510000228881836,6400
2025-05-09 00:00:00+00:00,16.600000381469727,16.600000381469727,16.450000762939453,16.489999771118164,5400
2025-05-12 00:00:00+00:00,16.610000610351562,16.610000610351562,16.309999465942383,16.350000381469727,7500
2025-05-13 00:00:00+00:00,16.450000762939453,16.614999771118164,16.40999984741211,16.510000228881836,4900
2025-05-14 00:00:00+00:00,16.510000228881836,16.6560001373291,16.34000015258789,16.479999542236328,6500
2025-05-15 00:00:00+00:00,16.549999237060547,16.639999389648438,16.3700008392334,16.420000076293945,8200
2025-05-16 00:00:00+00:00,16.549999237060547,16.549999237060547,16.360000610351562,16.360000610351562,13000
2025-05-19 00:00:00+00:00,16.309999465942383,16.479999542236328,16.200000762939453,16.299999237060547,17500
2025-05-20 00:00:00+00:00,16.290000915527344,16.299999237060547,16.18899917602539,16.18899917602539,10100
2025-05-21 00:00:00+00:00,16.219999313354492,16.30299949645996,16.06999969482422,16.10300064086914,24500
2025-05-22 00:00:00+00:00,16.15999984741211,16.15999984741211,16.030000686645508,16.040000915527344,7700
2025-05-23 00:00:00+00:00,16.040000915527344,16.104999542236328,16.000999450683594,16.100000381469727,2800
2025-05-27 00:00:00+00:00,16.3700008392334,16.3700008392334,15.970000267028809,16.200000762939453,10200
2025-05-28 00:00:00+00:00,16.239999771118164,16.3799991607666,16.1200008392334,16.1200008392334,5200
2025-05-29 00:00:00+00:00,16.200000762939453,16.34600067138672,16.200000762939453,16.34600067138672,7200
2025-05-30 00:00:00+00:00,16.34000015258789,16.34000015258789,16.06999969482422,16.09000015258789,23300
2025-06-02 00:00:00+00:00,16.09000015258789,16.280000686645508,16.09000015258789,16.209999084472656,5600
2025-06-03 00:00:00+00:00,16.31999969482422,16.450000762939453,16.31999969482422,16.3799991607666,7500
2025-06-04 00:00:00+00:00,16.43000030517578,16.459999084472656,16.149999618530273,16.40999984741211,19200
2025-06-05 00:00:00+00:00,16.489999771118164,16.600000381469727,16.469999313354492,16.469999313354492,5500
2025-06-06 00:00:00+00:00,16.540000915527344,16.540000915527344,16.270000457763672,16.299999237060547,7100
2025-06-09 00:00:00+00:00,16.299999237060547,16.610000610351562,16.299999237060547,16.56999969482422,12800
2025-06-10 00:00:00+00:00,16.56999969482422,16.639999389648438,16.53499984741211,16.56999969482422,3600
2025-06-11 00:00:00+00:00,16.68000030517578,16.684999465942383,16.3799991607666,16.510000228881836,14600
2025-06-12 00:00:00+00:00,16.56999969482422,16.68000030517578,16.56999969482422,16.68000030517578,14100
2025-06-13 00:00:00+00:00,16.139999389648438,16.309999465942383,16.01799964904785,16.135000228881836,15900
2025-06-16 00:00:00+00:00,16.260000228881836,16.280000686645508,16.059999465942383,16.18000030517578,6700
2025-06-17 00:00:00+00:00,16.239999771118164,16.280000686645508,16.200000762939453,16.235000610351562,4500
2025-06-18 00:00:00+00:00,16.280000686645508,16.476999282836914,16.280000686645508,16.329999923706055,6000
2025-06-20 00:00:00+00:00,16.3700008392334,16.3700008392334,16.34000015258789,16.360000610351562,6300
2025-06-23 00:00:00+00:00,16.399999618530273,16.489999771118164,16.39900016784668,16.43000030517578,26900
2025-06-24 00:00:00+00:00,16.510000228881836,16.56999969482422,16.34000015258789,16.56999969482422,20500
2025-06-25 00:00:00+00:00,16.59000015258789,16.59000015258789,16.5,16.510000228881836,16800
2025-06-26 00:00:00+00:00,16.520000457763672,16.600000381469727,16.4950008392334,16.510000228881836,33300
2025-06-27 00:00:00+00:00,16.600000381469727,16.600000381469727,16.520000457763672,16.540000915527344,13500
2025-06-30 00:00:00+00:00,16.559999465942383,16.59000015258789,16.15999984741211,16.270000457763672,86600
2025-07-01 00:00:00+00:00,16.3799991607666,16.506999969482422,16.200000762939453,16.3799991607666,15300
2025-07-02 00:00:00+00:00,16.3700008392334,16.530000686645508,16.357999801635742,16.510000228881836,10600
2025-07-03 00:00:00+00:00,16.510000228881836,16.56999969482422,16.426000595092773,16.56999969482422,3900
2025-07-07 00:00:00+00:00,16.579999923706055,16.579999923706055,16.489999771118164,16.530000686645508,9700
2025-07-08 00:00:00+00:00,16.559999465942383,16.600000381469727,16.520000457763672,16.549999237060547,4400
2025-07-09 00:00:00+00:00,16.600000381469727,16.760000228881836,16.600000381469727,16.687000274658203,12800
2025-07-10 00:00:00+00:00,16.760000228881836,16.81100082397461,16.71500015258789,16.780000686645508,7400
2025-07-11 00:00:00+00:00,16.780000686645508,16.799999237060547,16.549999237060547,16.709999084472656,16400
2025-07-14 00:00:00+00:00,16.709999084472656,16.860000610351562,16.56999969482422,16.635000228881836,10300
2025-07-15 00:00:00+00:00,16.760000228881836,16.889999389648438,16.68000030517578,16.764999389648438,14600
2025-07-16 00:00:00+00:00,16.829999923706055,16.829999923706055,16.700000762939453,16.700000762939453,11100
2025-07-17 00:00:00+00:00,16.690000534057617,16.920000076293945,16.690000534057617,16.75,5100
2025-07-18 00:00:00+00:00,16.799999237060547,16.889999389648438,16.729999542236328,16.81999969482422,7000
2025-07-21 00:00:00+00:00,16.899999618530273,16.899999618530273,16.739999771118164,16.809999465942383,6600
2025-07-22 00:00:00+00:00,16.889999389648438,16.989999771118164,16.739999771118164,16.920000076293945,12800
2025-07-23 00:00:00+00:00,17.010000228881836,17.010000228881836,16.719999313354492,16.90999984741211,16200
2025-07-24 00:00:00+00:00,16.90999984741211,17.25,16.90999984741211,17.145000457763672,33900
2025-07-25 00:00:00+00:00,17.200000762939453,17.25,17.1200008392334,17.18000030517578,6900
2025-07-28 00:00:00+00:00,17.18000030517578,17.18000030517578,16.891000747680664,17.1200008392334,4100
2025-07-29 00:00:00+00:00,17.1200008392334,17.290000915527344,17.030000686645508,17.290000915527344,29600
2025-07-30 00:00:00+00:00,17.329999923706055,17.34000015258789,17.139999389648438,17.155000686645508,10200
2025-07-31 00:00:00+00:00,17.239999771118164,17.239999771118164,17.049999237060547,17.100000381469727,36600
2025-08-01 00:00:00+00:00,17.100000381469727,17.100000381469727,16.989999771118164,17.079999923706055,11000
2025-08-04 00:00:00+00:00,17.09000015258789,17.240999221801758,17.020000457763672,17.209999084472656,25100
2025-08-05 00:00:00+00:00,17.209999084472656,17.209999084472656,17.0,17.1200008392334,13700
2025-08-06 00:00:00+00:00,17.1200008392334,17.389999389648438,17.07200050354004,17.280000686645508,34300
2025-08-07 00:00:00+00:00,17.3700008392334,17.375999450683594,17.1299991607666,17.139999389648438,29800
2025-08-08 00:00:00+00:00,17.209999084472656,17.209999084472656,17.100000381469727,17.209999084472656,2300
2025-08-11 00:00:00+00:00,17.209999084472656,17.290000915527344,17.200000762939453,17.200000762939453,23100
2025-08-12 00:00:00+00:00,17.260000228881836,17.347999572753906,17.15999984741211,17.274999618530273,13500
2025-08-13 00:00:00+00:00,17.360000610351562,17.5,17.253999710083008,17.5,9200
2025-08-14 00:00:00+00:00,17.459999084472656,17.459999084472656,17.43000030517578,17.43000030517578,6300
2025-08-15 00:00:00+00:00,17.459999084472656,17.459999084472656,17.350000381469727,17.389999389648438,7300
2025-08-18 00:00:00+00:00,17.459999084472656,17.565000534057617,17.31999969482422,17.540000915527344,9600
2025-08-19 00:00:00+00:00,17.540000915527344,17.739999771118164,17.531999588012695,17.700000762939453,13100
2025-08-20 00:00:00+00:00,17.75,17.77899932861328,17.690000534057617,17.75,13000
2025-08-21 00:00:00+00:00,17.790000915527344,17.80500030517578,17.65999984741211,17.780000686645508,15100
2025-08-22 00:00:00+00:00,17.84000015258789,17.950000762939453,17.790000915527344,17.90999984741211,10200
2025-08-25 00:00:00+00:00,17.90999984741211,17.969999313354492,17.8700008392334,17.940000534057617,7600
2025-08-26 00:00:00+00:00,17.940000534057617,17.940000534057617,17.520000457763672,17.670000076293945,35100
2025-08-27 00:00:00+00:00,17.700000762939453,17.940000534057617,17.649999618530273,17.916000366210938,20400
2025-08-28 00:00:00+00:00,17.8700008392334,17.8700008392334,17.700000762939453,17.81999969482422,23500
2025-08-29 00:00:00+00:00,17.81999969482422,17.822999954223633,17.420000076293945,17.479999542236328,42300
2025-09-02 00:00:00+00:00,17.510000228881836,17.649999618530273,17.510000228881836,17.639999389648438,6800
2025-09-03 00:00:00+00:00,17.700000762939453,17.75,17.700000762939453,17.75,24400
2025-09-04 00:00:00+00:00,17.799999237060547,17.799999237060547,17.735000610351562,17.764999389648438,16800
2025-09-05 00:00:00+00:00,17.850000381469727,17.950000762939453,17.700000762939453,17.81999969482422,43700
2025-09-08 00:00:00+00:00,17.889999389648438,18.09000015258789,17.87299919128418,17.989999771118164,61900
2025-09-09 00:00:00+00:00,18.06999969482422,18.139999389648438,17.989999771118164,18.010000228881836,52600
2025-09-10 00:00:00+00:00,18.030000686645508,18.149999618530273,17.899999618530273,17.920000076293945,32200
2025-09-11 00:00:00+00:00,17.704999923706055,18.18000030517578,17.704999923706055,17.90999984741211,28900
2025-09-12 00:00:00+00:00,17.979999542236328,18.010000228881836,17.8799991607666,17.989999771118164,6900
2025-09-15 00:00:00+00:00,17.670000076293945,17.780000686645508,17.549999237060547,17.780000686645508,13300
2025-09-16 00:00:00+00:00,17.809999465942383,17.8799991607666,17.790000915527344,17.790000915527344,22400
2025-09-17 00:00:00+00:00,17.8799991607666,17.891000747680664,17.729999542236328,17.760000228881836,12200
2025-09-18 00:00:00+00:00,17.790000915527344,17.889999389648438,17.780000686645508,17.84000015258789,64500
2025-09-19 00:00:00+00:00,17.850000381469727,17.850000381469727,17.790000915527344,17.81999969482422,8500
2025-09-22 00:00:00+00:00,17.84000015258789,17.875999450683594,17.639999389648438,17.829999923706055,29400
2025-09-23 00:00:00+00:00,17.709999084472656,17.739999771118164,17.690000534057617,17.690000534057617,2300
2025-09-24 00:00:00+00:00,17.799999237060547,17.799999237060547,17.68000030517578,17.719999313354492,4600
2025-09-25 00:00:00+00:00,17.739999771118164,17.739999771118164,17.357999801635742,17.389999389648438,15700
2025-09-26 00:00:00+00:00,17.440000534057617,17.71299934387207,17.420000076293945,17.420000076293945,6600
