"('date', '')","('open', 'BMRC')","('high', 'BMRC')","('low', 'BMRC')","('close', 'BMRC')","('volume', 'BMRC')"
2024-01-02 00:00:00+00:00,19.97759334155539,20.427043105386485,19.81248898963668,20.087661743164062,40800
2024-01-03 00:00:00+00:00,19.96842263589874,20.0876637075531,19.574007034301758,19.574007034301758,40200
2024-01-04 00:00:00+00:00,19.592348546817153,19.858348616298194,19.583175889317044,19.720762252807617,46500
2024-01-05 00:00:00+00:00,19.564831231067036,20.225246847693878,19.528142349340563,19.840003967285156,90500
2024-01-08 00:00:00+00:00,19.720768036511586,19.91338865198903,19.326352395860386,19.427249908447266,28100
2024-01-09 00:00:00+00:00,19.298830442770623,19.381380860995062,18.922758484497724,18.986967086791992,35500
2024-01-10 00:00:00+00:00,18.858555052678295,18.9319345762488,18.739313982940914,18.922761917114258,21300
2024-01-11 00:00:00+00:00,18.748486649007102,19.188763790592912,18.537518987846287,18.849382400512695,35900
2024-01-12 00:00:00+00:00,18.968624126049978,19.748282612760104,18.372415312508963,18.675106048583984,34500
2024-01-16 00:00:00+00:00,18.464139938354492,18.693451174173383,18.34489886551126,18.464139938354492,31400
2024-01-17 00:00:00+00:00,18.124757557030463,18.491655129135204,18.124757557030463,18.427448272705078,42700
2024-01-18 00:00:00+00:00,18.473308563232422,18.58337870216921,18.34489485906076,18.473308563232422,22800
2024-01-19 00:00:00+00:00,18.601727842125808,18.675107366671426,18.372416609232516,18.620071411132812,24700
2024-01-22 00:00:00+00:00,18.849382535787406,19.106211744975212,18.730141465150194,19.069522857666016,36900
2024-01-23 00:00:00+00:00,19.234626407437165,19.234626407437165,18.62007220703424,18.739315032958984,31500
2024-01-24 00:00:00+00:00,19.00531299989922,19.042003634313946,18.620070086073287,18.968624114990234,40600
2024-01-25 00:00:00+00:00,19.271312702708062,19.271312702708062,18.66593129839309,19.124553680419922,49300
2024-01-26 00:00:00+00:00,19.262143210691306,19.335522733894656,18.98697043605519,19.2988338470459,27200
2024-01-29 00:00:00+00:00,18.0238586522353,19.28965736340612,17.95047914358087,18.629240036010742,105500
2024-01-30 00:00:00+00:00,18.546689550131223,18.693448580734202,18.179791973623782,18.565034866333008,77600
2024-01-31 00:00:00+00:00,18.198137722141805,18.546689990727696,17.71199732827963,17.959653854370117,122500
2024-02-01 00:00:00+00:00,18.033036040355487,18.033036040355487,16.693859218711356,17.345102310180664,120100
2024-02-02 00:00:00+00:00,17.03323744700825,17.43682569130438,16.97820324308335,17.179996490478516,74900
2024-02-05 00:00:00+00:00,16.92316736714271,17.07909905411198,16.66633819169167,16.877304077148438,62300
2024-02-06 00:00:00+00:00,16.87730624054506,16.969031082785612,16.464547074721352,16.501235961914062,64000
2024-02-07 00:00:00+00:00,16.343103680310588,16.352405602921937,15.757096749078242,16.091957092285156,65800
2024-02-08 00:00:00+00:00,16.157070767986518,16.25008644703104,15.896622253844942,16.101259231567383,36600
2024-02-09 00:00:00+00:00,16.25939095265955,16.37101226906912,15.868719006467014,16.30590057373047,61900
2024-02-12 00:00:00+00:00,16.23148775031291,16.864002660455782,16.23148775031291,16.705873489379883,69800
2024-02-13 00:00:00+00:00,16.25008837639537,16.72447584731968,15.533857982249,15.608271598815918,80900
2024-02-14 00:00:00+00:00,15.840814569981816,15.952434109144434,15.6733834870773,15.933830261230469,41600
2024-02-15 00:00:00+00:00,16.11056523222926,16.752383870224396,16.05475545584384,16.65006446838379,85900
2024-02-16 00:00:00+00:00,16.454727058443233,16.631458287928293,16.287295978585338,16.361709594726562,66400
2024-02-20 00:00:00+00:00,16.12916408930705,16.491930184752007,16.12916408930705,16.231483459472656,38500
2024-02-21 00:00:00+00:00,16.250088911542946,16.28729660813201,15.933830587178392,16.036149978637695,59700
2024-02-22 00:00:00+00:00,15.97103850566676,16.03615020144165,15.738495721236061,15.822211265563965,48600
2024-02-23 00:00:00+00:00,15.859418019988102,16.119866590903133,15.654780997658197,15.952435493469238,55800
2024-02-26 00:00:00+00:00,15.840813926053539,16.054752845885773,15.403632388649692,15.636175155639648,55600
2024-02-27 00:00:00+00:00,15.850114859708922,15.989640156356701,15.357123585782345,15.412933349609375,76400
2024-02-28 00:00:00+00:00,15.347824311358776,15.645478802016383,15.347824311358776,15.357126235961914,44700
2024-02-29 00:00:00+00:00,15.63617505463219,15.878019743638722,15.319916751635994,15.450141906738281,93400
2024-03-01 00:00:00+00:00,15.347822522192306,15.524555520727946,15.115279756704544,15.450141906738281,89700
2024-03-04 00:00:00+00:00,15.412934826171618,15.803606758708087,15.329219285330904,15.394330978393555,67700
2024-03-05 00:00:00+00:00,15.394330393616034,16.110562538419135,15.301314706580209,15.850115776062012,140000
2024-03-06 00:00:00+00:00,15.915226291736975,16.20357880341402,15.515252480032482,15.840812683105469,135700
2024-03-07 00:00:00+00:00,16.082656694321916,16.3431034267577,15.766398427083914,15.812906265258789,56700
2024-03-08 00:00:00+00:00,16.064055537173,16.129167231176222,15.7664010650665,15.803606986999512,57500
2024-03-11 00:00:00+00:00,15.729191378428396,16.04544965855891,15.729191378428396,15.887320518493652,66700
2024-03-12 00:00:00+00:00,15.747796472855706,15.878019854708429,15.533857552908943,15.589667320251465,44300
2024-03-13 00:00:00+00:00,15.543157702332266,15.636175164010147,15.440840091231063,15.589667320251465,43900
2024-03-14 00:00:00+00:00,15.51525229663865,15.701285428938277,15.319915467439635,15.347821235656738,63900
2024-03-15 00:00:00+00:00,15.375726644456412,15.878018041500411,15.375726644456412,15.682682991027832,238700
2024-03-18 00:00:00+00:00,15.66407970615233,16.426819638596644,15.105976754020272,15.133882522583008,68100
2024-03-19 00:00:00+00:00,15.115279300473107,15.282710370436327,14.985055923461914,14.985055923461914,78500
2024-03-20 00:00:00+00:00,14.929245857050578,15.487348887273912,14.761815657647828,15.366427421569824,115700
2024-03-21 00:00:00+00:00,15.608271484256992,15.654779328959753,15.422236557124844,15.515254020690918,65300
2024-03-22 00:00:00+00:00,15.580365369019617,15.580365369019617,14.901340916048927,14.919944763183594,42200
2024-03-25 00:00:00+00:00,14.975754943740645,15.17109002156412,14.882737479660653,15.031564712524414,36800
2024-03-26 00:00:00+00:00,15.161787814554819,15.161787814554819,14.69670316408235,14.75251293182373,56500
2024-03-27 00:00:00+00:00,14.826925623894741,15.505950927734375,14.826925623894741,15.505950927734375,59500
2024-03-28 00:00:00+00:00,15.422237400187344,15.682685957577762,15.422237400187344,15.598970413208008,97300
2024-04-01 00:00:00+00:00,15.487346181566993,15.487346181566993,15.143183918732346,15.245501518249512,72300
2024-04-02 00:00:00+00:00,15.087374064914048,15.096675988481381,14.789719607401445,14.919944763183594,74200
2024-04-03 00:00:00+00:00,14.79902294325546,15.087375504718526,14.79902294325546,14.854833602905273,36400
2024-04-04 00:00:00+00:00,14.975754775206523,15.08737431151792,14.547876041998329,14.622289657592773,58300
2024-04-05 00:00:00+00:00,14.585081913164135,14.585081913164135,14.268823623657227,14.268823623657227,51000
2024-04-08 00:00:00+00:00,14.222316061976308,14.687401611271909,14.222316061976308,14.501367568969727,40900
2024-04-09 00:00:00+00:00,14.501366882376644,14.612987302473085,14.352539655581387,14.60368537902832,46200
2024-04-10 00:00:00+00:00,14.213014019372924,14.231617866987891,13.58979931755597,13.961868286132812,98500
2024-04-11 00:00:00+00:00,13.9618679624861,14.02697965346859,13.664212617108447,13.813040733337402,76700
2024-04-12 00:00:00+00:00,13.77583381960987,13.961867854608332,13.636307628050837,13.94326400756836,41000
2024-04-15 00:00:00+00:00,13.943264065916557,14.064186410941641,13.943264065916557,13.98977279663086,69700
2024-04-16 00:00:00+00:00,13.98977391064309,14.026980720761275,13.794437935752526,13.952567100524902,54400
2024-04-17 00:00:00+00:00,14.07348945517909,14.157204999715091,13.933963251925645,13.952567100524902,54700
2024-04-18 00:00:00+00:00,14.036281272295275,14.203712344992313,14.036281272295275,14.110694885253906,61800
2024-04-19 00:00:00+00:00,14.092090447003986,14.464159383260982,13.961867073332211,14.436254501342773,70600
2024-04-22 00:00:00+00:00,14.389745712280273,14.612986540837747,14.34323698456075,14.389745712280273,45400
2024-04-23 00:00:00+00:00,14.296729780019495,14.826927026100932,14.296729780019495,14.64089298248291,65000
2024-04-24 00:00:00+00:00,14.464160395305987,14.780418702774686,14.464160395305987,14.75251293182373,65300
2024-04-25 00:00:00+00:00,14.52927116524631,14.60368477556899,14.259521606056547,14.3525390625,93300
2024-04-26 00:00:00+00:00,14.44555578236316,14.612986850873659,14.306030483324555,14.36184024810791,54100
2024-04-29 00:00:00+00:00,14.27812662844802,14.510669401633946,13.217731263371292,13.431670188903809,177000
2024-04-30 00:00:00+00:00,13.20842965290628,13.803739485734505,13.124714110640403,13.357256889343262,117400
2024-05-01 00:00:00+00:00,13.478179667844428,13.980472050277129,13.478179667844428,13.775835037231445,111200
2024-05-02 00:00:00+00:00,13.79443694317527,14.166505017585017,13.673514597222036,14.129298210144043,90800
2024-05-03 00:00:00+00:00,14.166505771889183,14.53857475319023,14.054885343622962,14.47346305847168,80300
2024-05-06 00:00:00+00:00,14.594383416872942,15.012960212894415,14.557176610272816,14.733909606933594,66100
2024-05-07 00:00:00+00:00,14.836228629553027,14.892039284972933,14.668798437453855,14.715306282043457,72000
2024-05-08 00:00:00+00:00,14.554639115650705,15.131154632788164,14.554639115650705,15.093350410461426,49700
2024-05-09 00:00:00+00:00,15.102799882763398,15.301273164710372,15.07444694305256,15.235116004943848,44000
2024-05-10 00:00:00+00:00,15.291822803007742,15.329626124010725,15.055546188134686,15.093350410461426,39100
2024-05-13 00:00:00+00:00,15.121701772626196,15.235115329085716,14.838169684124722,14.847620964050293,33700
2024-05-14 00:00:00+00:00,15.055544449323838,15.055544449323838,14.866522458197116,14.970484733581543,35600
2024-05-15 00:00:00+00:00,15.131154235499402,15.25401727884255,14.838170844167033,15.00829029083252,35900
2024-05-16 00:00:00+00:00,15.00829010047215,15.499744971582487,14.913779097673686,15.414685249328613,80500
2024-05-17 00:00:00+00:00,15.537548054975087,15.537548054975087,15.187857931300186,15.395782470703125,41900
2024-05-20 00:00:00+00:00,15.357979044132046,15.357979044132046,15.168957042529922,15.235116004943848,70400
2024-05-21 00:00:00+00:00,15.235115600252232,15.537549352664136,15.235115600252232,15.433587074279785,45800
2024-05-22 00:00:00+00:00,15.367429475332404,15.471391750733762,14.979936015842096,15.112250328063965,33600
2024-05-23 00:00:00+00:00,15.187860079395815,15.187860079395815,14.488481535776586,14.535737037658691,43400
2024-05-24 00:00:00+00:00,14.66805148699711,15.008289460173305,14.441225270222631,14.460127830505371,27800
2024-05-28 00:00:00+00:00,14.582992510922306,14.847622059089552,14.34671590329919,14.4412260055542,44100
2024-05-29 00:00:00+00:00,14.233302666119172,14.422323764334337,14.119889105866381,14.290008544921875,56600
2024-05-30 00:00:00+00:00,14.327812595926531,14.497932032979719,14.290008376728453,14.412872314453125,39600
2024-05-31 00:00:00+00:00,14.403421812653542,14.734209424504552,14.403421812653542,14.535737037658691,42900
2024-06-03 00:00:00+00:00,14.734210189317904,14.734210189317904,14.186048502208825,14.375069618225098,41000
2024-06-04 00:00:00+00:00,14.261655149894986,14.261655149894986,13.921416282653809,13.921416282653809,59700
2024-06-05 00:00:00+00:00,14.034831415583762,14.186048306308571,13.940320408218874,14.02538013458252,39900
2024-06-06 00:00:00+00:00,13.959222030847696,14.365617171991673,13.959222030847696,14.214400291442871,27900
2024-06-07 00:00:00+00:00,14.119888742718642,14.393969553412504,14.119888742718642,14.299459457397461,35900
2024-06-10 00:00:00+00:00,14.186047153840642,14.186047153840642,13.987574775557192,14.100987434387207,36700
2024-06-11 00:00:00+00:00,13.987575695570644,14.053732858908626,13.751299082136423,14.006477355957031,30300
2024-06-12 00:00:00+00:00,14.43177387977339,14.790913486733848,14.233301517335441,14.318360328674316,54600
2024-06-13 00:00:00+00:00,14.167144796679885,14.167144796679885,13.987574976286362,14.07263469696045,40400
2024-06-14 00:00:00+00:00,13.84580827972082,14.00647643843713,13.798553681188476,13.959221839904785,42900
2024-06-17 00:00:00+00:00,13.978123314042362,14.044280472170959,13.760749279434867,14.034830093383789,26700
2024-06-18 00:00:00+00:00,13.97812425250601,14.214400863198353,13.893064528444969,14.176596641540527,41800
2024-06-20 00:00:00+00:00,14.05373230131501,14.384519907528144,14.05373230131501,14.091536521911621,31000
2024-06-21 00:00:00+00:00,14.082084249248602,14.176595244743016,13.836357283345698,13.85525894165039,86400
2024-06-24 00:00:00+00:00,14.006476219248231,14.393969689621155,13.874161903310362,13.940319061279297,49500
2024-06-25 00:00:00+00:00,13.836358054702922,14.015927874564689,13.779651273980221,13.789102554321289,76500
2024-06-26 00:00:00+00:00,13.647335671179581,14.327812514186544,13.647335671179581,13.89306354522705,95000
2024-06-27 00:00:00+00:00,14.015927817414582,15.187859535217285,14.015927817414582,15.187859535217285,156300
2024-06-28 00:00:00+00:00,15.367428590902072,15.480840336951628,15.07444524252872,15.301271438598633,944400
2024-07-01 00:00:00+00:00,15.35797841891682,15.67931472697056,15.28236998188343,15.556449890136719,95100
2024-07-02 00:00:00+00:00,15.650961762969269,15.698218165414342,15.461941561131272,15.632061004638672,51200
2024-07-03 00:00:00+00:00,15.669863107579006,15.669863107579006,15.19730993569466,15.376880645751953,46900
2024-07-05 00:00:00+00:00,15.291821632322353,15.357978790998459,15.055545035537762,15.121702194213867,89700
2024-07-08 00:00:00+00:00,15.376880099576834,15.584802838867661,15.310722946286443,15.461939811706543,79800
2024-07-09 00:00:00+00:00,15.509194779535889,15.641509089302087,15.31072331488659,15.594254493713379,30600
2024-07-10 00:00:00+00:00,15.55645220940262,16.539363840023434,15.518648886573605,16.444852828979492,145900
2024-07-11 00:00:00+00:00,16.92685588616171,17.645136983723617,16.92685588616171,17.616783142089844,80500
2024-07-12 00:00:00+00:00,17.664038440368586,18.060983185185204,17.522272846358508,17.928667068481445,104100
2024-07-15 00:00:00+00:00,18.17439581492003,19.28017038570714,18.1460437763405,18.949382781982422,165000
2024-07-16 00:00:00+00:00,19.062795764975736,20.08351058371265,18.684753573341204,20.007902145385742,150600
2024-07-17 00:00:00+00:00,19.478644562846384,20.55606534184776,19.469193282003697,20.159120559692383,203100
2024-07-18 00:00:00+00:00,19.913389966534517,20.37649184916936,19.384130929615733,19.705467224121094,106800
2024-07-19 00:00:00+00:00,19.696015485581146,19.97954665523295,19.346325360539854,19.384130477905273,52000
2024-07-22 00:00:00+00:00,19.308524004282408,19.951196643503057,19.01554152557208,19.714920043945312,87800
2024-07-23 00:00:00+00:00,19.54479920231082,20.546611407855877,19.54479920231082,20.272531509399414,95500
2024-07-24 00:00:00+00:00,20.11186475723651,20.990812191354035,19.998451196543744,20.045705795288086,112100
2024-07-25 00:00:00+00:00,20.102415109968675,21.00971645862545,19.903941813295294,20.81124496459961,110400
2024-07-26 00:00:00+00:00,21.094775049379795,21.14203145206549,20.612770557870356,21.12312889099121,67000
2024-07-29 00:00:00+00:00,18.921030387248063,19.828331657663043,18.448477191578416,18.533536911010742,152400
2024-07-30 00:00:00+00:00,18.580793051599187,20.310337819184745,18.325613872124055,20.149669647216797,174500
2024-07-31 00:00:00+00:00,20.121313956040453,20.121313956040453,19.053342829480993,19.19510841369629,166200
2024-08-01 00:00:00+00:00,19.14785482901851,19.23291454456016,17.97592317368026,18.127140045166016,130200
2024-08-02 00:00:00+00:00,17.304898160349428,17.86251109606333,17.23874099893379,17.664039611816406,106100
2024-08-05 00:00:00+00:00,16.700029772857693,17.503370554758927,16.038454587139654,16.926855087280273,163500
2024-08-06 00:00:00+00:00,16.93630789263653,17.371056000437378,16.775639721786757,17.078073501586914,91500
2024-08-07 00:00:00+00:00,17.285994587072953,17.342700458674457,17.011912902812558,17.068618774414062,140100
2024-08-08 00:00:00+00:00,17.34654998131652,17.40405184390694,17.145290720323164,17.30821418762207,70300
2024-08-09 00:00:00+00:00,17.26987837687918,17.33696418072621,17.011117280939732,17.231542587280273,70700
2024-08-12 00:00:00+00:00,17.36571724456464,17.36571724456464,16.915280824845574,16.944032669067383,74900
2024-08-13 00:00:00+00:00,16.848196362591832,17.796985362313485,16.646938920810573,17.595727920532227,97800
2024-08-14 00:00:00+00:00,17.739482525307473,17.883238094125275,17.298630042588147,17.538223266601562,53900
2024-08-15 00:00:00+00:00,18.007827498133885,18.630769511653074,17.90240589518636,18.31450653076172,81600
2024-08-16 00:00:00+00:00,18.21867095168856,18.860780934888894,18.21867095168856,18.592435836791992,62800
2024-08-19 00:00:00+00:00,18.602017342713552,18.717022891920575,18.467845725264684,18.69785499572754,64100
2024-08-20 00:00:00+00:00,18.707439954955976,18.73618997284827,18.017410278320312,18.017410278320312,65100
2024-08-21 00:00:00+00:00,18.161169083507595,18.602019786147395,17.84490606658513,18.592435836791992,144300
2024-08-22 00:00:00+00:00,18.544516904469138,18.80327803906879,18.467847141767535,18.726608276367188,100100
2024-08-23 00:00:00+00:00,18.95661813673003,19.876655316923113,18.86078047347207,19.637062072753906,109200
2024-08-26 00:00:00+00:00,19.953323972248565,20.12583139092873,19.55080727131194,19.77123260498047,101600
2024-08-27 00:00:00+00:00,19.637061599375222,19.771233227931138,19.378300463201946,19.665813446044922,66500
2024-08-28 00:00:00+00:00,19.541223322724008,20.077913475940367,19.541223322724008,19.77123260498047,56700
2024-08-29 00:00:00+00:00,20.029994281760615,20.365425179722784,19.704147332648944,20.288755416870117,70400
2024-08-30 00:00:00+00:00,20.25041846999942,20.5570993319231,20.17374871150631,20.499595642089844,77600
2024-09-03 00:00:00+00:00,20.336673665460026,20.70085641592422,20.32708971645293,20.41334342956543,89800
2024-09-04 00:00:00+00:00,20.42292704006493,20.557100495989,19.94374056536077,20.25041961669922,94900
2024-09-05 00:00:00+00:00,20.470846998544552,20.470846998544552,19.83832099155144,20.020410537719727,106400
2024-09-06 00:00:00+00:00,20.087495941987708,20.307923107397837,19.790400842458382,19.93415641784668,96600
2024-09-09 00:00:00+00:00,19.972490240217777,20.240835294936367,19.86706864230134,20.01082420349121,108100
2024-09-10 00:00:00+00:00,19.943740098024968,20.1066635687247,19.349549906968043,19.732898712158203,55600
2024-09-11 00:00:00+00:00,19.46455278518003,19.46455278518003,18.870362620051615,18.97578239440918,57200
2024-09-12 00:00:00+00:00,19.109956873737563,19.16745873812557,18.755358082783662,18.91828155517578,56700
2024-09-13 00:00:00+00:00,19.272879749863748,19.713730409784933,19.15787419669447,19.684980392456055,43300
2024-09-16 00:00:00+00:00,19.684980933813648,19.819152559574956,19.541223531410754,19.579559326171875,33100
2024-09-17 00:00:00+00:00,19.742483688832532,20.231254126383472,19.483722546372967,19.675397872924805,50400
2024-09-18 00:00:00+00:00,19.64664417845606,20.537931255609433,19.483720714589843,19.56039047241211,96800
2024-09-19 00:00:00+00:00,20.116247385277163,20.57626594848515,19.57955906153451,20.432510375976562,224500
2024-09-20 00:00:00+00:00,20.26000343411176,20.26000343411176,19.742482995323346,19.857486724853516,186900
2024-09-23 00:00:00+00:00,19.895823696187996,19.895823696187996,19.36871744950102,19.60831069946289,43700
2024-09-24 00:00:00+00:00,19.637062026014792,19.799985504780125,19.119541570375805,19.16745948791504,73600
2024-09-25 00:00:00+00:00,19.148291468778545,19.148291468778545,18.74577474895656,18.774526596069336,81600
2024-09-26 00:00:00+00:00,19.023703302761053,19.119540962745123,18.697856355586,18.764942169189453,58200
2024-09-27 00:00:00+00:00,19.033286704377364,19.090788567534187,18.71702371508792,18.870363235473633,34800
2024-09-30 00:00:00+00:00,18.72660733680602,19.292045665891276,18.688271543402955,19.253711700439453,47000
2024-10-01 00:00:00+00:00,19.129121394621862,19.129121394621862,18.33367199450384,18.458261489868164,65300
2024-10-02 00:00:00+00:00,18.439097171479016,18.72661018182841,18.314509479893676,18.649938583374023,53000
2024-10-03 00:00:00+00:00,18.582849320682108,18.985365998254156,18.381591895871672,18.851194381713867,158500
2024-10-04 00:00:00+00:00,19.033289123823582,19.42622192325415,18.812861935791812,19.311216354370117,101800
2024-10-07 00:00:00+00:00,19.177042412169993,19.407051694378847,19.06203685708992,19.224960327148438,65500
2024-10-08 00:00:00+00:00,19.29204717028788,19.368716935121483,19.157875538816917,19.16745948791504,30600
2024-10-09 00:00:00+00:00,19.10995518882334,19.646643474344977,18.860778027843363,19.272878646850586,57000
2024-10-10 00:00:00+00:00,19.34955036038036,20.298339360940435,19.34955036038036,20.25041961669922,82800
2024-10-11 00:00:00+00:00,20.355840686602363,20.988366670212365,20.279170925799676,20.90211296081543,65300
2024-10-14 00:00:00+00:00,20.892528533935547,21.199209398076846,20.64335318799456,20.892528533935547,46500
2024-10-15 00:00:00+00:00,21.03628763736172,21.716731575589183,20.95003392294537,21.16087532043457,129300
2024-10-16 00:00:00+00:00,21.457970214846505,21.83173691617941,21.208793023275025,21.390884399414062,188100
2024-10-17 00:00:00+00:00,21.457969396657845,21.860486101855972,21.3237977709089,21.8029842376709,122900
2024-10-18 00:00:00+00:00,21.850902641674953,22.042577963845453,21.189626618884557,21.22796058654785,55200
2024-10-21 00:00:00+00:00,21.199210305309172,21.199210305309172,20.403760835667786,20.442094802856445,89200
2024-10-22 00:00:00+00:00,20.461263836901434,20.806276872567626,20.384594070314343,20.73919105529785,34200
2024-10-23 00:00:00+00:00,20.59543209838259,20.978780868534326,20.470844433564952,20.825441360473633,70000
2024-10-24 00:00:00+00:00,20.777525696329803,21.074620796827965,20.14499970019755,21.026702880859375,55700
2024-10-25 00:00:00+00:00,21.12253963902933,21.12253963902933,20.69127110191754,20.892528533935547,78800
2024-10-28 00:00:00+00:00,21.27587892133233,21.92757095203813,19.426218948364948,21.783815383911133,60600
2024-10-29 00:00:00+00:00,21.793399677948866,22.119246612447192,21.649644107541075,21.946739196777344,60400
2024-10-30 00:00:00+00:00,21.83173512525428,22.378007380907604,21.764647487373875,21.783815383911133,74700
2024-10-31 00:00:00+00:00,21.927573312644437,21.927573312644437,21.285463333129883,21.285463333129883,46700
2024-11-01 00:00:00+00:00,21.515473085134815,21.630476813485405,21.017118721078788,21.21837615966797,36900
2024-11-04 00:00:00+00:00,21.208789955745704,21.333379447487154,20.81585724108626,21.093786239624023,54100
2024-11-05 00:00:00+00:00,21.141707536277465,21.59214400909514,21.007535903328236,21.553808212280273,45100
2024-11-06 00:00:00+00:00,23.355547980987012,25.099786336917486,23.087202915478013,24.975196838378906,125900
2024-11-07 00:00:00+00:00,24.859078835645253,24.859078835645253,22.2270537919373,24.065601348876953,122900
2024-11-08 00:00:00+00:00,24.191395902921617,24.5107222550139,24.094629950178522,24.45266342163086,57900
2024-11-11 00:00:00+00:00,25.023581500021358,25.546114712401934,24.771990751224372,25.46870231628418,52600
2024-11-12 00:00:00+00:00,25.410643864489998,25.80738263129419,25.168729892260266,25.304201126098633,73500
2024-11-13 00:00:00+00:00,25.68158798629859,25.93317689136296,25.168729704559727,25.352584838867188,81000
2024-11-14 00:00:00+00:00,25.575145829525002,26.068650561879842,25.333231853605408,25.710617065429688,86600
2024-11-15 00:00:00+00:00,25.836411086218632,25.884793138869608,25.168728054824577,25.37193489074707,49700
2024-11-18 00:00:00+00:00,25.37193707664132,25.488056596927624,24.82037350800999,25.071964263916016,64600
2024-11-19 00:00:00+00:00,24.69457831969484,25.18808303635927,24.69457831969484,25.149375915527344,46900
2024-11-20 00:00:00+00:00,25.091316364408037,25.091316364408037,24.37525126035136,24.72360610961914,44600
2024-11-21 00:00:00+00:00,24.90746166048008,25.265495141424086,24.578458519825723,24.87843132019043,54300
2024-11-22 00:00:00+00:00,24.984872932568273,25.44934728238283,24.917137320594108,25.37193489074707,56200
2024-11-25 00:00:00+00:00,25.700940621046158,26.233152482424153,25.36226068119783,25.47838020324707,50100
2024-11-26 00:00:00+00:00,25.43967488087758,25.517087280219684,24.8397274017334,24.8397274017334,54800
2024-11-27 00:00:00+00:00,25.13002226101436,25.275172117933483,24.7139317875718,24.762313842773438,28400
2024-11-29 00:00:00+00:00,25.05261014029279,25.12034575658144,24.27848617462661,24.46234130859375,36700
2024-12-02 00:00:00+00:00,24.62684181581643,24.926814608817985,24.18171917058657,24.771989822387695,46000
2024-12-03 00:00:00+00:00,24.801018207809243,24.820371767442623,24.25913145767386,24.38492774963379,32300
2024-12-04 00:00:00+00:00,24.384930205280604,24.646195904013453,23.997866356262485,24.423635482788086,44100
2024-12-05 00:00:00+00:00,24.520400722840737,24.70425586114352,24.12366195037385,24.24945640563965,37000
2024-12-06 00:00:00+00:00,24.336544800475387,24.336544800475387,23.959159601179234,24.00754165649414,29500
2024-12-09 00:00:00+00:00,24.346221542672858,24.346221542672858,23.668861695378705,23.688215255737305,48400
2024-12-10 00:00:00+00:00,23.833363476352122,24.559105385257155,23.620479847509873,24.143014907836914,43700
2024-12-11 00:00:00+00:00,24.19139756825983,24.636518397600373,23.997865649450887,24.24945640563965,77600
2024-12-12 00:00:00+00:00,24.143015293456934,24.384929266955872,23.82368892226462,23.978513717651367,50500
2024-12-13 00:00:00+00:00,23.939807090841114,24.094631889428282,23.66886277048498,23.94948387145996,27900
2024-12-16 00:00:00+00:00,23.978513467139823,24.19139709715825,23.814011893052864,24.02689552307129,35200
2024-12-17 00:00:00+00:00,23.93013100825155,24.172044993807646,23.601127840242675,23.804336547851562,56600
2024-12-18 00:00:00+00:00,24.05592566566127,24.133338061907555,22.20770309033124,22.681854248046875,97700
2024-12-19 00:00:00+00:00,23.07859157504291,23.707567486156478,22.333496153948886,22.40123176574707,52700
2024-12-20 00:00:00+00:00,22.16899469228388,23.50436075767687,22.16899469228388,23.291475296020508,183400
2024-12-23 00:00:00+00:00,23.068916398593846,23.32050714965511,22.720559690100224,22.885061264038086,49500
2024-12-24 00:00:00+00:00,23.32050657161001,23.552743756296923,22.449616667619818,23.097946166992188,19700
2024-12-26 00:00:00+00:00,22.92376805976121,23.27212291765114,22.739912927816153,23.117298126220703,30700
2024-12-27 00:00:00+00:00,22.962472741034787,23.70756818406303,22.46896803898973,22.759265899658203,39700
2024-12-30 00:00:00+00:00,22.594765071562666,22.93344499726158,22.130290694084955,22.681854248046875,44000
2024-12-31 00:00:00+00:00,22.730236338694585,23.204387497142722,21.83031607740557,23.00118064880371,55200
2025-01-02 00:00:00+00:00,23.28179991483983,23.28179991483983,22.517352730733535,22.749589920043945,49300
2025-01-03 00:00:00+00:00,22.797971173686435,23.117297528461815,22.362527151169303,22.759265899658203,41400
2025-01-06 00:00:00+00:00,22.730235865977214,23.03020866494936,22.69153059142778,22.77861976623535,41200
2025-01-07 00:00:00+00:00,22.84635615310464,22.98182738709195,22.304467525841122,22.449617385864258,48400
2025-01-08 00:00:00+00:00,22.2560856032614,22.497999577209892,22.198026766297765,22.333498001098633,29900
2025-01-10 00:00:00+00:00,21.975463770640008,22.159318901459464,21.27875221346846,21.588401794433594,109000
2025-01-13 00:00:00+00:00,21.423900262641826,21.917404975320252,21.133604241375505,21.90772819519043,37000
2025-01-14 00:00:00+00:00,22.033523611422062,22.50767474490798,21.723874042260405,22.35284996032715,45900
2025-01-15 00:00:00+00:00,23.06891578515587,23.223740574667755,22.4399398470567,22.77861976623535,32300
2025-01-16 00:00:00+00:00,22.76894355815602,22.894738010673073,22.352851233768888,22.56573486328125,37400
2025-01-17 00:00:00+00:00,22.730237106253288,23.417273762150398,22.468969567574508,22.672178268432617,42000
2025-01-21 00:00:00+00:00,22.885061075660172,23.833363390245626,22.817325459712226,22.93344497680664,41700
2025-01-22 00:00:00+00:00,22.75926708620883,23.47533222680505,22.44961749521124,22.5850887298584,61800
2025-01-23 00:00:00+00:00,22.50767600553625,23.030209221348763,22.50767600553625,22.817325592041016,43200
2025-01-24 00:00:00+00:00,22.652823324645837,23.368888432919267,22.652823324645837,23.21406364440918,55700
2025-01-27 00:00:00+00:00,23.610803925308396,24.72360785693949,22.991504731146502,24.520401000976562,82600
2025-01-28 00:00:00+00:00,24.268808700039532,24.433310268744492,23.48500797651923,23.78498077392578,113100
2025-01-29 00:00:00+00:00,23.504360856719728,24.646193178971753,23.397918125443017,24.181718826293945,50400
2025-01-30 00:00:00+00:00,24.568781526749802,24.859079390158538,24.143014280134967,24.355897903442383,43200
2025-01-31 00:00:00+00:00,24.268808295984684,24.801018267586144,24.11398350985855,24.45266342163086,51100
2025-02-03 00:00:00+00:00,23.814013075735506,24.307517822505467,23.639834712680553,23.852718353271484,56600
2025-02-04 00:00:00+00:00,23.852716955889573,24.675224818987235,23.852716955889573,24.394603729248047,56600
2025-02-05 00:00:00+00:00,24.539754555144356,25.10099491110631,24.37525297603531,25.091318130493164,72100
2025-02-06 00:00:00+00:00,25.159713202634112,25.1792551747217,24.553925113294124,24.934986114501953,30400
2025-02-07 00:00:00+00:00,24.114241734836906,25.013151943973657,24.114241734836906,24.563695907592773,40900
2025-02-10 00:00:00+00:00,24.573466876427567,24.573466876427567,23.94813868394234,23.987220764160156,62100
2025-02-11 00:00:00+00:00,23.977450881548503,24.524613032623687,23.92859595329405,24.436676025390625,73700
2025-02-12 00:00:00+00:00,24.221721391000614,24.221721391000614,23.547538249477736,23.586620330810547,76100
2025-02-13 00:00:00+00:00,23.742951605337765,24.251031691390057,23.488913425936627,24.036075592041016,58500
2025-02-14 00:00:00+00:00,24.21194894629501,24.602779054205854,23.94813792459583,24.436676025390625,72500
2025-02-18 00:00:00+00:00,24.983838882576297,24.983838882576297,24.202178644662787,24.612550735473633,56600
2025-02-19 00:00:00+00:00,24.280345306087497,24.583238423280225,23.860202218316104,24.368282318115234,74100
2025-02-20 00:00:00+00:00,24.251030834918932,24.72002696073063,23.94813773661866,24.22171974182129,44400
2025-02-21 00:00:00+00:00,24.426905781759785,24.7200279056909,23.928596680176884,24.143552780151367,97400
2025-02-24 00:00:00+00:00,24.251032672658557,24.436677685386528,23.909055606146534,23.957910537719727,122700
2025-02-25 00:00:00+00:00,24.378051783758522,24.465988790301335,23.860200730075846,24.22171974182129,89300
2025-02-26 00:00:00+00:00,24.319427858096745,24.54415681742189,23.655015693744346,23.752723693847656,56200
2025-02-27 00:00:00+00:00,23.713640934916768,24.32919814982976,23.655015018353595,23.733182907104492,47600
2025-02-28 00:00:00+00:00,23.987220432911283,24.114241385021398,23.41074531456535,23.821117401123047,79300
2025-03-03 00:00:00+00:00,24.29011543339863,24.60277952571953,23.58661936205161,23.664785385131836,49300
2025-03-04 00:00:00+00:00,23.557308726724678,23.752722856416643,22.87335461374023,23.2055606842041,103600
2025-03-05 00:00:00+00:00,23.264184243160635,23.7038692869827,22.97106212302925,23.400976181030273,128700
2025-03-06 00:00:00+00:00,23.205560019071857,24.143552287408035,22.775645964271952,22.873353958129883,57400
2025-03-07 00:00:00+00:00,23.26418362683274,23.967679678310635,22.67793753847614,22.756105422973633,50600
2025-03-10 00:00:00+00:00,22.570460287791423,23.14693538709307,21.84742413319485,21.91581916809082,97200
2025-03-11 00:00:00+00:00,21.915820714586033,22.17963175090775,21.515219598819755,21.906049728393555,110300
2025-03-12 00:00:00+00:00,22.0135275224887,22.130775623208038,21.38819748536072,21.92559051513672,72700
2025-03-13 00:00:00+00:00,21.886506963165157,22.111234046576172,21.73994590283732,21.779029846191406,26100
2025-03-14 00:00:00+00:00,21.915820533556783,22.53137774959776,21.818112536064156,22.111234664916992,34100
2025-03-17 00:00:00+00:00,21.95490221774245,22.21871324711903,21.769259075847827,21.83765411376953,53200
2025-03-18 00:00:00+00:00,21.70086203001644,21.886507034301758,21.593384912693363,21.886507034301758,72200
2025-03-19 00:00:00+00:00,21.876734961821096,22.58023100053882,21.857194854676088,22.169858932495117,51300
2025-03-20 00:00:00+00:00,22.375045366278357,22.58023234432366,21.945131301879883,21.945131301879883,39000
2025-03-21 00:00:00+00:00,21.749715463134596,23.684325805361897,21.524988394452862,21.5836124420166,125300
2025-03-24 00:00:00+00:00,22.033068147598538,22.707251265254047,21.671550987661888,22.306650161743164,61800
2025-03-25 00:00:00+00:00,22.345734535159437,22.355503657615913,21.64223844629082,22.00375747680664,54900
2025-03-26 00:00:00+00:00,22.09169390813392,22.14054697363433,21.64223787830518,21.935361862182617,36000
2025-03-27 00:00:00+00:00,21.92559119357201,22.414129310144137,21.818112211566138,21.945131301879883,38000
2025-03-28 00:00:00+00:00,21.866965008425055,22.375045090671748,21.065762805295652,21.46636390686035,73900
2025-03-31 00:00:00+00:00,21.26117855200594,22.150317753964543,21.26117855200594,21.564071655273438,153700
2025-04-01 00:00:00+00:00,21.495676284436026,21.495676284436026,21.016909172644944,21.397968292236328,48600
2025-04-02 00:00:00+00:00,21.153699473902453,21.984214621206355,21.10484640908309,21.612926483154297,52700
2025-04-03 00:00:00+00:00,21.739944068963755,21.78879713041037,19.47312772714391,19.482898712158203,64300
2025-04-04 00:00:00+00:00,18.877111947521545,19.639232056917585,18.70123793276669,19.570837020874023,103400
2025-04-07 00:00:00+00:00,18.935736357231427,21.143928841987776,18.81848825425321,20.000749588012695,131700
2025-04-08 00:00:00+00:00,20.440434919852507,20.440434919852507,19.38519266012733,19.7467098236084,111100
2025-04-09 00:00:00+00:00,19.33633991835769,20.94851536116068,19.160465894847356,20.489288330078125,107100
2025-04-10 00:00:00+00:00,20.235247056419134,20.235247056419134,18.945506780226065,19.199546813964844,78900
2025-04-11 00:00:00+00:00,18.955279153775937,19.668544379410335,18.71101008771278,19.39496421813965,68800
2025-04-14 00:00:00+00:00,19.29725489732346,19.62946095350662,18.828258769873685,19.46335792541504,98600
2025-04-15 00:00:00+00:00,18.877112210290136,20.147312410298003,18.877112210290136,20.049604415893555,66100
2025-04-16 00:00:00+00:00,19.90304229990235,20.20593538921999,19.61968931752867,19.86395835876465,66700
2025-04-17 00:00:00+00:00,19.863958863784756,20.049603861658895,19.736939779107672,19.82487678527832,96000
2025-04-21 00:00:00+00:00,19.56106569856748,19.824876716159658,19.21908866061002,19.404733657836914,121900
2025-04-22 00:00:00+00:00,19.697857264473612,20.381811392339046,19.346109214299954,20.284103393554688,128300
2025-04-23 00:00:00+00:00,21.45659172483515,21.45659172483515,20.157080497751327,20.596765518188477,101300
2025-04-24 00:00:00+00:00,20.567454613931897,20.704246558171462,20.30364543897897,20.547914505004883,93800
2025-04-25 00:00:00+00:00,20.31341656572706,20.440435660943866,19.932355552826454,20.342727661132812,126800
2025-04-28 00:00:00+00:00,19.541525036703046,20.58699632798665,19.2874849875909,20.489288330078125,100900
2025-04-29 00:00:00+00:00,20.35249743318612,20.674932508787606,19.76625133292206,20.518600463867188,40300
2025-04-30 00:00:00+00:00,20.577224603877603,21.10484665548664,19.658774301900745,20.049604415893555,73900
2025-05-01 00:00:00+00:00,19.883501213228136,20.440434353823907,19.78579321966529,20.254789352416992,96900
2025-05-02 00:00:00+00:00,20.499059854948285,20.93874492527908,20.30364571762079,20.870349884033203,53300
2025-05-05 00:00:00+00:00,20.626078812015134,21.08530394695374,20.626078812015134,20.762868881225586,58400
2025-05-06 00:00:00+00:00,20.489287477915795,20.870348467547977,20.32318444746715,20.6749324798584,56300
2025-05-07 00:00:00+00:00,20.73355677801161,21.01690977717865,20.547913637479756,20.577224731445312,80000
2025-05-08 00:00:00+00:00,20.89364612442647,21.111186485755393,20.51789750597038,20.923311233520508,70800
2025-05-09 00:00:00+00:00,21.071631956529494,21.081520325734566,20.587113181562504,20.715660095214844,63400
2025-05-12 00:00:00+00:00,21.5462643138808,22.396643321955633,21.121073866836593,21.160625457763672,130300
2025-05-13 00:00:00+00:00,21.210066579145877,21.506710102009563,20.824427736206854,21.338611602783203,116700
2025-05-14 00:00:00+00:00,21.25950720901747,21.852796159495092,21.21995373217929,21.328723907470703,90100
2025-05-15 00:00:00+00:00,21.35838926723769,21.99122981601067,21.05185736217748,21.575927734375,76400
2025-05-16 00:00:00+00:00,21.536376453322827,21.556151306246644,21.180402696503293,21.348501205444336,75400
2025-05-19 00:00:00+00:00,21.0815197188062,21.170513153076172,20.745322719567085,21.170513153076172,55200
2025-05-20 00:00:00+00:00,21.10129768577992,21.308947787162946,21.032080985318906,21.180402755737305,39200
2025-05-21 00:00:00+00:00,20.99252632131854,21.368276796897582,20.537672666264832,20.69588279724121,78100
2025-05-22 00:00:00+00:00,20.537674181626986,20.844206097259335,20.260805488982943,20.478343963623047,75200
2025-05-23 00:00:00+00:00,20.043265438694824,21.289171628628928,20.023488700914875,20.25091552734375,71600
2025-05-27 00:00:00+00:00,20.409126555985587,21.546264510214904,20.250916418808462,20.96286392211914,74100
2025-05-28 00:00:00+00:00,20.962864154454476,22.159328565868847,20.438791890488343,20.597002029418945,141000
2025-05-29 00:00:00+00:00,20.626667022705078,20.745323683234563,20.389351815632494,20.626667022705078,88900
2025-05-30 00:00:00+00:00,20.52778527000493,21.160625823896627,20.52778527000493,21.071632385253906,107200
2025-06-02 00:00:00+00:00,20.972749659268203,21.39794009505953,20.54756110949041,21.14084815979004,214200
2025-06-03 00:00:00+00:00,21.12107329078129,21.64514364385651,21.111184921815816,21.615480422973633,128200
2025-06-04 00:00:00+00:00,21.605592784019766,21.734137812887113,21.3386124709719,21.4374942779541,101800
2025-06-05 00:00:00+00:00,21.41771827513578,21.63525674915903,21.121074730011927,21.25950813293457,170200
2025-06-06 00:00:00+00:00,21.63525644502478,22.149440342957487,21.625369961538137,22.100000381469727,104500
2025-06-09 00:00:00+00:00,22.23843316811766,22.56474180855817,22.070334663283845,22.554853439331055,94700
2025-06-10 00:00:00+00:00,22.614183125968353,22.891049913800064,22.525189691018575,22.841609954833984,117500
2025-06-11 00:00:00+00:00,22.960266915283114,23.286575552422324,22.327426379258846,22.61418342590332,208600
2025-06-12 00:00:00+00:00,22.446085825886932,22.811946068241237,22.050558588944185,22.238433837890625,147700
2025-06-13 00:00:00+00:00,22.040670858421215,23.731542345232537,21.566038578146276,21.615480422973633,105300
2025-06-16 00:00:00+00:00,21.783579659385012,22.821833917664144,21.27928414118802,21.4374942779541,98000
2025-06-17 00:00:00+00:00,21.249619089595505,21.47704592604768,20.972750406514425,21.26939582824707,85600
2025-06-18 00:00:00+00:00,21.25950813293457,21.575928417336993,21.13096309965121,21.25950813293457,53800
2025-06-20 00:00:00+00:00,21.427605454664757,21.902235854906948,21.04196849021967,21.081520080566406,103700
2025-06-23 00:00:00+00:00,21.05185695505864,21.872572733131992,21.02219184765349,21.833019256591797,90000
2025-06-24 00:00:00+00:00,21.852796916082735,22.317538968940156,21.852796916082735,22.070335388183594,54200
2025-06-25 00:00:00+00:00,22.08022288778445,22.090111256946756,21.8231309476053,21.971452713012695,45600
2025-06-26 00:00:00+00:00,21.95167783474715,22.495524935935773,21.95167783474715,22.44608497619629,45100
2025-06-27 00:00:00+00:00,22.46585982848394,22.663623439469024,22.228544626909983,22.44608497619629,533500
2025-06-30 00:00:00+00:00,22.48563662686046,22.802056896471125,22.426308297811858,22.584518432617188,173300
2025-07-01 00:00:00+00:00,22.455971668863345,23.810648078920035,22.287875049775206,23.780982971191406,179500
2025-07-02 00:00:00+00:00,24.087517627681816,25.115883547821863,24.03807577968578,25.105995178222656,310200
2025-07-03 00:00:00+00:00,25.34331040446679,25.719060905388197,25.283982072852652,25.41252899169922,128500
2025-07-07 00:00:00+00:00,25.22465318699349,25.580626940884052,24.957672871575568,25.086219787597656,88300
2025-07-08 00:00:00+00:00,25.254317737749798,25.521296161261436,25.096105717057636,25.372974395751953,75200
2025-07-09 00:00:00+00:00,25.531184165442397,25.639954338734064,25.08621887527508,25.46196746826172,104900
2025-07-10 00:00:00+00:00,25.461967778287374,25.65973138922319,25.145547509600924,25.541072845458984,42600
2025-07-11 00:00:00+00:00,25.363085453862528,25.363085453862528,24.937895019259894,25.04666519165039,70200
2025-07-14 00:00:00+00:00,25.03677824269833,25.491633809936157,25.017001503685023,25.47185707092285,70300
2025-07-15 00:00:00+00:00,25.55096226885687,25.590513861067816,24.779686417600118,24.82912826538086,103000
2025-07-16 00:00:00+00:00,25.00711514536424,25.036778368019036,24.29516762543073,24.82912826538086,80700
2025-07-17 00:00:00+00:00,24.809349994991287,25.55096069180606,24.809349994991287,25.04666519165039,75000
2025-07-18 00:00:00+00:00,25.2444292729249,25.2444292729249,24.621475219726562,24.621475219726562,60300
2025-07-21 00:00:00+00:00,24.690692053622925,25.086219277012688,24.512707066313826,24.591812133789062,47000
2025-07-22 00:00:00+00:00,24.66102943004895,25.115883107557273,24.44348907470703,24.44348907470703,67200
2025-07-23 00:00:00+00:00,24.64125206656578,24.64125206656578,24.136956554711492,24.2852783203125,38600
2025-07-24 00:00:00+00:00,24.14684591265815,24.14684591265815,23.602998787847,23.741432189941406,67100
2025-07-25 00:00:00+00:00,23.71176547381764,24.127067537961832,23.21735834440853,23.51400375366211,106500
2025-07-28 00:00:00+00:00,23.92930573074589,24.22594925290669,22.74272787007567,23.375568389892578,118100
2025-07-29 00:00:00+00:00,23.691989382148044,23.761207966404474,22.792168532963792,22.891050338745117,138900
2025-07-30 00:00:00+00:00,22.98993207738491,23.217358909808258,22.19888140547172,22.44608497619629,109200
2025-07-31 00:00:00+00:00,22.36697946408831,23.484338751691244,22.060445684557543,22.396642684936523,391600
2025-08-01 00:00:00+00:00,22.179104693393906,22.258209760678756,21.724249141995845,21.971452713012695,127400
2025-08-04 00:00:00+00:00,21.951677633120223,22.228544422740026,21.803353983236985,22.03078269958496,76900
2025-08-05 00:00:00+00:00,22.070335525072128,22.248322406082977,21.615481838945435,22.040672302246094,115800
2025-08-06 00:00:00+00:00,22.05055853396833,22.82183438086739,21.842908432503375,22.100000381469727,100900
2025-08-07 00:00:00+00:00,22.229999542236328,22.270000457763672,21.790000915527344,21.8700008392334,90700
2025-08-08 00:00:00+00:00,22.020000457763672,22.299999237060547,21.770000457763672,22.190000534057617,68600
2025-08-11 00:00:00+00:00,22.209999084472656,22.479999542236328,21.989999771118164,22.420000076293945,54200
2025-08-12 00:00:00+00:00,22.6200008392334,23.1299991607666,22.540000915527344,23.0,91800
2025-08-13 00:00:00+00:00,23.219999313354492,23.549999237060547,23.059999465942383,23.399999618530273,71400
2025-08-14 00:00:00+00:00,23.1200008392334,24.350000381469727,22.860000610351562,23.239999771118164,80700
2025-08-15 00:00:00+00:00,23.309999465942383,23.309999465942383,22.6200008392334,22.690000534057617,78400
2025-08-18 00:00:00+00:00,22.540000915527344,22.81999969482422,22.540000915527344,22.81999969482422,34500
2025-08-19 00:00:00+00:00,22.850000381469727,23.0,22.75,22.899999618530273,83400
2025-08-20 00:00:00+00:00,22.979999542236328,23.219999313354492,22.709999084472656,23.059999465942383,259700
2025-08-21 00:00:00+00:00,22.920000076293945,23.09000015258789,22.81999969482422,22.93000030517578,38100
2025-08-22 00:00:00+00:00,23.06999969482422,24.3799991607666,22.899999618530273,24.25,143800
2025-08-25 00:00:00+00:00,24.1299991607666,24.229999542236328,23.969999313354492,24.010000228881836,61900
2025-08-26 00:00:00+00:00,24.0,24.5,23.889999389648438,24.389999389648438,49100
2025-08-27 00:00:00+00:00,24.34000015258789,24.760000228881836,24.34000015258789,24.600000381469727,53400
2025-08-28 00:00:00+00:00,24.81999969482422,24.81999969482422,24.309999465942383,24.479999542236328,65900
2025-08-29 00:00:00+00:00,24.540000915527344,24.719999313354492,24.360000610351562,24.540000915527344,40500
2025-09-02 00:00:00+00:00,24.389999389648438,24.510000228881836,24.049999237060547,24.260000228881836,144700
2025-09-03 00:00:00+00:00,24.190000534057617,24.479999542236328,23.860000610351562,24.139999389648438,83300
2025-09-04 00:00:00+00:00,24.229999542236328,24.90999984741211,24.170000076293945,24.860000610351562,56900
2025-09-05 00:00:00+00:00,24.90999984741211,25.040000915527344,24.559999465942383,24.790000915527344,115600
2025-09-08 00:00:00+00:00,24.799999237060547,25.149999618530273,24.65999984741211,25.1200008392334,67500
2025-09-09 00:00:00+00:00,25.15999984741211,25.229999542236328,24.809999465942383,25.1200008392334,78600
2025-09-10 00:00:00+00:00,25.1200008392334,25.450000762939453,24.760000228881836,24.770000457763672,70200
2025-09-11 00:00:00+00:00,24.829999923706055,25.06999969482422,24.700000762939453,25.020000457763672,47300
2025-09-12 00:00:00+00:00,24.899999618530273,24.989999771118164,24.700000762939453,24.709999084472656,33900
2025-09-15 00:00:00+00:00,24.84000015258789,24.84000015258789,24.31999969482422,24.3700008392334,28800
2025-09-16 00:00:00+00:00,24.309999465942383,24.520000457763672,24.010000228881836,24.360000610351562,41700
2025-09-17 00:00:00+00:00,24.520000457763672,25.170000076293945,24.3799991607666,24.479999542236328,64600
2025-09-18 00:00:00+00:00,24.760000228881836,25.5,24.739999771118164,25.450000762939453,63200
2025-09-19 00:00:00+00:00,25.440000534057617,25.440000534057617,24.690000534057617,24.809999465942383,270800
2025-09-22 00:00:00+00:00,24.649999618530273,24.950000762939453,24.450000762939453,24.850000381469727,83300
2025-09-23 00:00:00+00:00,25.09000015258789,25.149999618530273,24.5,24.579999923706055,46800
2025-09-24 00:00:00+00:00,24.6299991607666,24.799999237060547,24.40999984741211,24.479999542236328,39100
2025-09-25 00:00:00+00:00,24.399999618530273,24.549999237060547,24.25,24.5,84000
2025-09-26 00:00:00+00:00,24.5,24.90999984741211,24.5,24.84000015258789,98900
